time_s,pitch_error_deg,roll_error_deg,upper_error_deg,lower_error_deg,posture_mode,posture_state,cue_triggered,bad_posture_duration_s,comfort_penalty,mean_pressure_kpa,max_pressure_kpa,chamber_1_command,chamber_1_pressure_kpa,chamber_1_cue_intensity,chamber_2_command,chamber_2_pressure_kpa,chamber_2_cue_intensity,chamber_3_command,chamber_3_pressure_kpa,chamber_3_cue_intensity,chamber_4_command,chamber_4_pressure_kpa,chamber_4_cue_intensity
0.0,0.12401522453585315,-0.011426931304936409,0.09360272961704645,0.05289280698479361,neutral,acceptable,False,0.0,0.0,0.0,0.0,0.0,0.0,0.0,0.0,0.0,0.0,0.0,0.0,0.0,0.0,0.0,0.0
0.1,0.09720954237296969,-0.07102345124096662,0.1116916244462484,0.06489901356401478,neutral,acceptable,False,0.0,0.0,0.0,0.0,0.0,0.0,0.0,0.0,0.0,0.0,0.0,0.0,0.0,0.0,0.0,0.0
0.2,0.11101092145601701,-0.06970622848347774,0.16405029648945535,-0.023038765690524626,neutral,acceptable,False,0.0,0.0,0.0,0.0,0.0,0.0,0.0,0.0,0.0,0.0,0.0,0.0,0.0,0.0,0.0,0.0
0.30000000000000004,0.13390324413225477,-0.0974142889358411,0.24774788225090852,0.08112385247973666,neutral,acceptable,False,0.0,0.0,0.0,0.0,0.0,0.0,0.0,0.0,0.0,0.0,0.0,0.0,0.0,0.0,0.0,0.0
0.4,0.11126477740260445,-0.0912798173919242,0.22362137512962227,0.11135568166781913,neutral,acceptable,False,0.0,0.0,0.0,0.0,0.0,0.0,0.0,0.0,0.0,0.0,0.0,0.0,0.0,0.0,0.0,0.0
0.5,0.06481098444492162,-0.10692023330891391,0.3069188509226388,0.08796318887849539,neutral,acceptable,False,0.0,0.0,0.0,0.0,0.0,0.0,0.0,0.0,0.0,0.0,0.0,0.0,0.0,0.0,0.0,0.0
0.6000000000000001,0.03279958287723511,-0.13532617491709106,0.22891793154605844,0.05146974780574903,neutral,acceptable,False,0.0,0.0,0.0,0.0,0.0,0.0,0.0,0.0,0.0,0.0,0.0,0.0,0.0,0.0,0.0,0.0
0.7000000000000001,0.10691997015603824,-0.16563348174416356,0.15292532799778832,0.09702863994001185,neutral,acceptable,False,0.0,0.0,0.0,0.0,0.0,0.0,0.0,0.0,0.0,0.0,0.0,0.0,0.0,0.0,0.0,0.0
0.8,0.27510219653181844,-0.16112983989141466,0.16624639194459678,0.08851075933410844,neutral,acceptable,False,0.0,0.0,0.0,0.0,0.0,0.0,0.0,0.0,0.0,0.0,0.0,0.0,0.0,0.0,0.0,0.0
0.9,0.3822965659679476,-0.1770758970837674,0.14569795594093243,0.11640316826363377,neutral,acceptable,False,0.0,0.0,0.0,0.0,0.0,0.0,0.0,0.0,0.0,0.0,0.0,0.0,0.0,0.0,0.0,0.0
1.0,0.3559188206422038,-0.15081289507239679,0.12607791466596185,0.13263746744602828,neutral,acceptable,False,0.0,0.0,0.0,0.0,0.0,0.0,0.0,0.0,0.0,0.0,0.0,0.0,0.0,0.0,0.0,0.0
1.1,0.43395141577460183,-0.0828859907399501,0.1271888933867889,0.21830718391713771,neutral,acceptable,False,0.0,0.0,0.0,0.0,0.0,0.0,0.0,0.0,0.0,0.0,0.0,0.0,0.0,0.0,0.0,0.0
1.2000000000000002,0.3700270819161716,-0.11281263716712422,0.17483315468557795,0.31022589081126356,neutral,acceptable,False,0.0,0.0,0.0,0.0,0.0,0.0,0.0,0.0,0.0,0.0,0.0,0.0,0.0,0.0,0.0,0.0
1.3,0.4030316279111435,-0.09664894945604244,0.12194739025850777,0.27871234062418493,neutral,acceptable,False,0.0,0.0,0.0,0.0,0.0,0.0,0.0,0.0,0.0,0.0,0.0,0.0,0.0,0.0,0.0,0.0
1.4000000000000001,0.43720598496219715,-0.09305792712430011,0.06632367600196273,0.3235107845888511,neutral,acceptable,False,0.0,0.0,0.0,0.0,0.0,0.0,0.0,0.0,0.0,0.0,0.0,0.0,0.0,0.0,0.0,0.0
1.5,0.5014719992625082,-0.06453603962566765,0.04281116583439825,0.3445637515921074,neutral,acceptable,False,0.0,0.0,0.0,0.0,0.0,0.0,0.0,0.0,0.0,0.0,0.0,0.0,0.0,0.0,0.0,0.0
1.6,0.4694024903328245,-0.08124170159554603,0.02258091903997697,0.36824061142105036,neutral,acceptable,False,0.0,0.0,0.0,0.0,0.0,0.0,0.0,0.0,0.0,0.0,0.0,0.0,0.0,0.0,0.0,0.0
1.7000000000000002,0.605202428946609,-0.14974911936208724,0.0668343676126134,0.32541040058909515,neutral,acceptable,False,0.0,0.0,0.0,0.0,0.0,0.0,0.0,0.0,0.0,0.0,0.0,0.0,0.0,0.0,0.0,0.0
1.8,0.7392135404664638,-0.1553341766014717,0.07103265835426667,0.30838291686403174,neutral,acceptable,False,0.0,0.0,0.0,0.0,0.0,0.0,0.0,0.0,0.0,0.0,0.0,0.0,0.0,0.0,0.0,0.0
1.9000000000000001,0.7415342326241579,-0.15172340346784172,0.12678641755734915,0.30842581698409655,neutral,acceptable,False,0.0,0.0,0.0,0.0,0.0,0.0,0.0,0.0,0.0,0.0,0.0,0.0,0.0,0.0,0.0,0.0
2.0,0.735497807472748,-0.20290810099106532,0.14619566411854104,0.35473485088463547,neutral,acceptable,False,0.0,0.0,0.0,0.0,0.0,0.0,0.0,0.0,0.0,0.0,0.0,0.0,0.0,0.0,0.0,0.0
2.1,0.7364276844679329,-0.21049908067557915,0.14185728154184493,0.35338318829858734,neutral,acceptable,False,0.0,0.0,0.0,0.0,0.0,0.0,0.0,0.0,0.0,0.0,0.0,0.0,0.0,0.0,0.0,0.0
2.2,0.8259749469375941,-0.09537895249736096,0.13951136469137007,0.36351394745759374,neutral,acceptable,False,0.0,0.0,0.0,0.0,0.0,0.0,0.0,0.0,0.0,0.0,0.0,0.0,0.0,0.0,0.0,0.0
2.3000000000000003,0.719749364315172,-0.09313271758149146,0.15900142291165206,0.4074095801450437,neutral,acceptable,False,0.0,0.0,0.0,0.0,0.0,0.0,0.0,0.0,0.0,0.0,0.0,0.0,0.0,0.0,0.0,0.0
2.4000000000000004,0.6645234158680609,-0.1235155626261974,0.14185173306866503,0.3707805213940395,neutral,acceptable,False,0.0,0.0,0.0,0.0,0.0,0.0,0.0,0.0,0.0,0.0,0.0,0.0,0.0,0.0,0.0,0.0
2.5,0.48760729401565783,-0.15187107876663158,0.1542297061644778,0.35901319622200306,neutral,acceptable,False,0.0,0.0,0.0,0.0,0.0,0.0,0.0,0.0,0.0,0.0,0.0,0.0,0.0,0.0,0.0,0.0
2.6,0.545840670857209,-0.14918850531736758,0.02048051937033535,0.3899143596564596,neutral,acceptable,False,0.0,0.0,0.0,0.0,0.0,0.0,0.0,0.0,0.0,0.0,0.0,0.0,0.0,0.0,0.0,0.0
2.7,0.5780214011475452,-0.14256173459855748,0.08812538725608221,0.4393419573503576,neutral,acceptable,False,0.0,0.0,0.0,0.0,0.0,0.0,0.0,0.0,0.0,0.0,0.0,0.0,0.0,0.0,0.0,0.0
2.8000000000000003,0.5046725719099244,-0.09839540525768,-0.01741498977452363,0.4159796957598667,neutral,acceptable,False,0.0,0.0,0.0,0.0,0.0,0.0,0.0,0.0,0.0,0.0,0.0,0.0,0.0,0.0,0.0,0.0
2.9000000000000004,0.5429514364539032,-0.16412580116935654,0.03587061523751401,0.4023695273385008,neutral,acceptable,False,0.0,0.0,0.0,0.0,0.0,0.0,0.0,0.0,0.0,0.0,0.0,0.0,0.0,0.0,0.0,0.0
3.0,0.5249568119161816,-0.12060098137903433,0.09277108247114038,0.42102455702673597,neutral,acceptable,False,0.0,0.0,0.0,0.0,0.0,0.0,0.0,0.0,0.0,0.0,0.0,0.0,0.0,0.0,0.0,0.0
3.1,0.44891238210049733,-0.09365600106465358,0.1332466151734733,0.4523705052005841,neutral,acceptable,False,0.0,0.0,0.0,0.0,0.0,0.0,0.0,0.0,0.0,0.0,0.0,0.0,0.0,0.0,0.0,0.0
3.2,0.47255153011623036,-0.13692509376128278,0.28195484386234204,0.42540923077887977,neutral,acceptable,False,0.0,0.0,0.0,0.0,0.0,0.0,0.0,0.0,0.0,0.0,0.0,0.0,0.0,0.0,0.0,0.0
3.3000000000000003,0.3531827228199334,-0.17025258357546977,0.23218795044000973,0.5290634648863857,neutral,acceptable,False,0.0,0.0,0.0,0.0,0.0,0.0,0.0,0.0,0.0,0.0,0.0,0.0,0.0,0.0,0.0,0.0
3.4000000000000004,0.4737182570866153,-0.061700047803499886,0.32644526244777977,0.5422035667613248,neutral,acceptable,False,0.0,0.0,0.0,0.0,0.0,0.0,0.0,0.0,0.0,0.0,0.0,0.0,0.0,0.0,0.0,0.0
3.5,0.46271409041755873,-0.03116385888791808,0.37261261848185734,0.5172586854055692,neutral,acceptable,False,0.0,0.0,0.0,0.0,0.0,0.0,0.0,0.0,0.0,0.0,0.0,0.0,0.0,0.0,0.0,0.0
3.6,0.38932146337636875,-0.09232187305587593,0.3610442618269157,0.5856502550435441,neutral,acceptable,False,0.0,0.0,0.0,0.0,0.0,0.0,0.0,0.0,0.0,0.0,0.0,0.0,0.0,0.0,0.0,0.0
3.7,0.4621523290572071,-0.04484926665899808,0.38290853142128595,0.5535749078502862,neutral,acceptable,False,0.0,0.0,0.0,0.0,0.0,0.0,0.0,0.0,0.0,0.0,0.0,0.0,0.0,0.0,0.0,0.0
3.8000000000000003,0.5063077504348099,0.0092122123879839,0.41813718458968074,0.5564302091986139,neutral,acceptable,False,0.0,0.0,0.0,0.0,0.0,0.0,0.0,0.0,0.0,0.0,0.0,0.0,0.0,0.0,0.0,0.0
3.9000000000000004,0.5401656516101685,-0.0017757204323584456,0.3484237057998319,0.6475591824398703,neutral,acceptable,False,0.0,0.0,0.0,0.0,0.0,0.0,0.0,0.0,0.0,0.0,0.0,0.0,0.0,0.0,0.0,0.0
4.0,0.6856181282825198,0.006395621609324114,0.2720916589567536,0.5724030487127694,neutral,acceptable,False,0.0,0.0,0.0,0.0,0.0,0.0,0.0,0.0,0.0,0.0,0.0,0.0,0.0,0.0,0.0,0.0
4.1000000000000005,0.8020736837411246,0.005827290728732986,0.2208533651865602,0.6368909671808818,neutral,acceptable,False,0.0,0.0,0.0,0.0,0.0,0.0,0.0,0.0,0.0,0.0,0.0,0.0,0.0,0.0,0.0,0.0
4.2,0.858900138881335,-0.029135041963234732,0.2137577269244331,0.6087841617853345,neutral,acceptable,False,0.0,0.0,0.0,0.0,0.0,0.0,0.0,0.0,0.0,0.0,0.0,0.0,0.0,0.0,0.0,0.0
4.3,0.9246191520513859,-0.059752885375907866,0.12458073443929363,0.5390029288438503,neutral,acceptable,False,0.0,0.0,0.0,0.0,0.0,0.0,0.0,0.0,0.0,0.0,0.0,0.0,0.0,0.0,0.0,0.0
4.4,1.0559804224081515,-0.08682867937582257,0.22688398322224546,0.5929697622450847,neutral,acceptable,False,0.0,0.0,0.0,0.0,0.0,0.0,0.0,0.0,0.0,0.0,0.0,0.0,0.0,0.0,0.0,0.0
4.5,1.1632811485937742,-0.049124243122850415,0.25086328861516755,0.5147654521506879,neutral,acceptable,False,0.0,0.0,0.0,0.0,0.0,0.0,0.0,0.0,0.0,0.0,0.0,0.0,0.0,0.0,0.0,0.0
4.6000000000000005,1.2243646725997783,-0.09748808954950067,0.22956982560200176,0.5804861359094518,neutral,acceptable,False,0.0,0.0,0.0,0.0,0.0,0.0,0.0,0.0,0.0,0.0,0.0,0.0,0.0,0.0,0.0,0.0
4.7,1.4194415529468887,-0.11238743571849985,0.22047474359521818,0.6392766625944588,neutral,acceptable,False,0.0,0.0,0.0,0.0,0.0,0.0,0.0,0.0,0.0,0.0,0.0,0.0,0.0,0.0,0.0,0.0
4.800000000000001,1.3826011363383293,-0.08647156031245411,0.2064397183975398,0.6275282500011732,neutral,acceptable,False,0.0,0.0,0.0,0.0,0.0,0.0,0.0,0.0,0.0,0.0,0.0,0.0,0.0,0.0,0.0,0.0
4.9,1.4542373699240223,-0.21743291920227836,0.2779338954064473,0.7151305557181435,neutral,acceptable,False,0.0,0.0,0.0,0.0,0.0,0.0,0.0,0.0,0.0,0.0,0.0,0.0,0.0,0.0,0.0,0.0
5.0,1.5422814964578606,-0.28046196492615505,0.3563714720649918,0.7527868610657849,neutral,acceptable,False,0.0,0.0,0.0,0.0,0.0,0.0,0.0,0.0,0.0,0.0,0.0,0.0,0.0,0.0,0.0,0.0
5.1000000000000005,1.6872437015232031,-0.32006805506043684,0.3738130635630817,0.7790895474035958,neutral,acceptable,False,0.0,0.0,0.0,0.0,0.0,0.0,0.0,0.0,0.0,0.0,0.0,0.0,0.0,0.0,0.0,0.0
5.2,1.8620844201439442,-0.35599166205560206,0.3472197421657491,0.7655513972465982,neutral,acceptable,False,0.0,0.0,0.0,0.0,0.0,0.0,0.0,0.0,0.0,0.0,0.0,0.0,0.0,0.0,0.0,0.0
5.300000000000001,1.88600382977941,-0.39544344448507546,0.3697660794739226,0.8110901494133508,neutral,acceptable,False,0.0,0.0,0.0,0.0,0.0,0.0,0.0,0.0,0.0,0.0,0.0,0.0,0.0,0.0,0.0,0.0
5.4,1.9547477839953928,-0.39127683911713346,0.4875342982689273,0.8129474904206857,neutral,acceptable,False,0.0,0.0,0.0,0.0,0.0,0.0,0.0,0.0,0.0,0.0,0.0,0.0,0.0,0.0,0.0,0.0
5.5,2.0011301933878682,-0.41682397552404793,0.5276291007693232,0.8600060794635942,neutral,acceptable,False,0.0,0.0,0.0,0.0,0.0,0.0,0.0,0.0,0.0,0.0,0.0,0.0,0.0,0.0,0.0,0.0
5.6000000000000005,1.958273581126305,-0.39395014184378924,0.6361630909046018,1.0094756059921506,neutral,acceptable,False,0.0,0.0,0.0,0.0,0.0,0.0,0.0,0.0,0.0,0.0,0.0,0.0,0.0,0.0,0.0,0.0
5.7,2.176265545701213,-0.44500308245328823,0.7537338775508254,1.0161161499363758,neutral,acceptable,False,0.0,0.0,0.0,0.0,0.0,0.0,0.0,0.0,0.0,0.0,0.0,0.0,0.0,0.0,0.0,0.0
5.800000000000001,2.184627454211595,-0.4836393101180337,0.7407224519235431,1.057717415293434,neutral,acceptable,False,0.0,0.0,0.0,0.0,0.0,0.0,0.0,0.0,0.0,0.0,0.0,0.0,0.0,0.0,0.0,0.0
5.9,2.103284684630532,-0.48875090723828873,0.7422087710713132,1.0584002623342357,neutral,acceptable,False,0.0,0.0,0.0,0.0,0.0,0.0,0.0,0.0,0.0,0.0,0.0,0.0,0.0,0.0,0.0,0.0
6.0,2.1511091361210175,-0.43318163146151545,0.7577900663131011,1.0438880091334106,neutral,acceptable,False,0.0,0.0,0.0,0.0,0.0,0.0,0.0,0.0,0.0,0.0,0.0,0.0,0.0,0.0,0.0,0.0
6.1000000000000005,2.144956383641606,-0.4414608004255593,0.796747499784969,1.0843663499548446,neutral,acceptable,False,0.0,0.0,0.0,0.0,0.0,0.0,0.0,0.0,0.0,0.0,0.0,0.0,0.0,0.0,0.0,0.0
6.2,1.9826234565936542,-0.41033728395236774,0.8238770848472737,0.9576656753382196,neutral,acceptable,False,0.0,0.0,0.0,0.0,0.0,0.0,0.0,0.0,0.0,0.0,0.0,0.0,0.0,0.0,0.0,0.0
6.300000000000001,2.0578078774361193,-0.384484603084444,0.9381934378426423,0.9712958615134957,neutral,acceptable,False,0.0,0.0,0.0,0.0,0.0,0.0,0.0,0.0,0.0,0.0,0.0,0.0,0.0,0.0,0.0,0.0
6.4,2.1496578326292144,-0.3964349824037988,0.9908540217338571,1.0365667575043302,neutral,acceptable,False,0.0,0.0,0.0,0.0,0.0,0.0,0.0,0.0,0.0,0.0,0.0,0.0,0.0,0.0,0.0,0.0
6.5,2.248242144280439,-0.37795827070326216,1.024725435274885,1.0075813385831467,neutral,acceptable,False,0.0,0.0,0.0,0.0,0.0,0.0,0.0,0.0,0.0,0.0,0.0,0.0,0.0,0.0,0.0,0.0
6.6000000000000005,2.175735599137597,-0.41037677620099916,1.0436868178110275,0.8827816586708106,neutral,acceptable,False,0.0,0.0,0.0,0.0,0.0,0.0,0.0,0.0,0.0,0.0,0.0,0.0,0.0,0.0,0.0,0.0
6.7,2.294213090418134,-0.345594048706768,1.0931017362510267,0.920854916737271,neutral,acceptable,False,0.0,0.0,0.0,0.0,0.0,0.0,0.0,0.0,0.0,0.0,0.0,0.0,0.0,0.0,0.0,0.0
6.800000000000001,2.2046732043097204,-0.39998793092690443,1.0452462482390967,0.83988001412673,neutral,acceptable,False,0.0,0.0,0.0,0.0,0.0,0.0,0.0,0.0,0.0,0.0,0.0,0.0,0.0,0.0,0.0,0.0
6.9,2.2426022486327084,-0.3744592924366348,1.1116856836931661,0.8809484425727349,neutral,acceptable,False,0.0,0.0,0.0,0.0,0.0,0.0,0.0,0.0,0.0,0.0,0.0,0.0,0.0,0.0,0.0,0.0
7.0,2.1312693635391176,-0.4594155014065934,1.0406663890747765,0.8827507619751453,neutral,acceptable,False,0.0,0.0,0.0,0.0,0.0,0.0,0.0,0.0,0.0,0.0,0.0,0.0,0.0,0.0,0.0,0.0
7.1000000000000005,2.094771968054874,-0.4878752521322563,1.074124382744133,0.9107312022174744,neutral,acceptable,False,0.0,0.0,0.0,0.0,0.0,0.0,0.0,0.0,0.0,0.0,0.0,0.0,0.0,0.0,0.0,0.0
7.2,2.2141091887788575,-0.4875472804467566,1.1323711204218332,0.9150672146261215,neutral,acceptable,False,0.0,0.0,0.0,0.0,0.0,0.0,0.0,0.0,0.0,0.0,0.0,0.0,0.0,0.0,0.0,0.0
7.300000000000001,2.1934017243625057,-0.4631023935341177,1.1047801280891207,0.9645244202991089,neutral,acceptable,False,0.0,0.0,0.0,0.0,0.0,0.0,0.0,0.0,0.0,0.0,0.0,0.0,0.0,0.0,0.0,0.0
7.4,2.156960856132757,-0.4885754322655593,1.0947747011037048,0.996618202512385,neutral,acceptable,False,0.0,0.0,0.0,0.0,0.0,0.0,0.0,0.0,0.0,0.0,0.0,0.0,0.0,0.0,0.0,0.0
7.5,2.1334868880962645,-0.5361339393531132,1.0890998793669426,0.8819296535923319,neutral,acceptable,False,0.0,0.0,0.0,0.0,0.0,0.0,0.0,0.0,0.0,0.0,0.0,0.0,0.0,0.0,0.0,0.0
7.6000000000000005,2.1759218818620405,-0.5873126702861423,1.0744295433686932,0.8556835239890404,neutral,acceptable,False,0.0,0.0,0.0,0.0,0.0,0.0,0.0,0.0,0.0,0.0,0.0,0.0,0.0,0.0,0.0,0.0
7.7,2.214456662817281,-0.5658528541712146,1.1616387661428158,0.8347885666572669,neutral,acceptable,False,0.0,0.0,0.0,0.0,0.0,0.0,0.0,0.0,0.0,0.0,0.0,0.0,0.0,0.0,0.0,0.0
7.800000000000001,2.1762418310724003,-0.4694705921047515,1.1590727750013734,0.846939804544231,neutral,acceptable,False,0.0,0.0,0.0,0.0,0.0,0.0,0.0,0.0,0.0,0.0,0.0,0.0,0.0,0.0,0.0,0.0
7.9,2.212022109383625,-0.5312626294441801,1.3130540741128915,0.8994641626214959,neutral,acceptable,False,0.0,0.0,0.0,0.0,0.0,0.0,0.0,0.0,0.0,0.0,0.0,0.0,0.0,0.0,0.0,0.0
8.0,2.211665317062796,-0.5938726640722113,1.2626139167862913,0.8588473137825952,neutral,acceptable,False,0.0,0.0,0.0,0.0,0.0,0.0,0.0,0.0,0.0,0.0,0.0,0.0,0.0,0.0,0.0,0.0
8.1,2.034937045360895,-0.5669978808425731,1.3294166451185099,0.8224053871094255,neutral,acceptable,False,0.0,0.0,0.0,0.0,0.0,0.0,0.0,0.0,0.0,0.0,0.0,0.0,0.0,0.0,0.0,0.0
8.200000000000001,1.9738769761267494,-0.5201512742571378,1.416279266908894,0.7783376225598433,neutral,acceptable,False,0.0,0.0,0.0,0.0,0.0,0.0,0.0,0.0,0.0,0.0,0.0,0.0,0.0,0.0,0.0,0.0
8.3,1.9668989604175824,-0.49303640655237896,1.4502593465363987,0.7655016619399438,neutral,acceptable,False,0.0,0.0,0.0,0.0,0.0,0.0,0.0,0.0,0.0,0.0,0.0,0.0,0.0,0.0,0.0,0.0
8.4,1.9295035625033214,-0.5387593255139561,1.524448476833154,0.7725137268665229,neutral,acceptable,False,0.0,0.0,0.0,0.0,0.0,0.0,0.0,0.0,0.0,0.0,0.0,0.0,0.0,0.0,0.0,0.0
8.5,2.080627380450612,-0.5259002752493935,1.523153395914762,0.8026058448696491,neutral,acceptable,False,0.0,0.0,0.0,0.0,0.0,0.0,0.0,0.0,0.0,0.0,0.0,0.0,0.0,0.0,0.0,0.0
8.6,2.0116565041495584,-0.551091117817523,1.5445132686422605,0.9035540307847446,neutral,acceptable,False,0.0,0.0,0.0,0.0,0.0,0.0,0.0,0.0,0.0,0.0,0.0,0.0,0.0,0.0,0.0,0.0
8.700000000000001,2.034931137722598,-0.553842273292278,1.5681305341465286,0.9247375521966668,neutral,acceptable,False,0.0,0.0,0.0,0.0,0.0,0.0,0.0,0.0,0.0,0.0,0.0,0.0,0.0,0.0,0.0,0.0
8.8,2.1956623456857685,-0.5192838809081816,1.6780766694398406,0.9805348696890623,neutral,acceptable,False,0.0,0.0,0.0,0.0,0.0,0.0,0.0,0.0,0.0,0.0,0.0,0.0,0.0,0.0,0.0,0.0
8.9,2.1499843838837105,-0.5863116674607296,1.5662806181321163,0.964541633013261,neutral,acceptable,False,0.0,0.0,0.0,0.0,0.0,0.0,0.0,0.0,0.0,0.0,0.0,0.0,0.0,0.0,0.0,0.0
9.0,2.0673822308979393,-0.5810746068884723,1.4766737342000533,0.9659889311574993,neutral,acceptable,False,0.0,0.0,0.0,0.0,0.0,0.0,0.0,0.0,0.0,0.0,0.0,0.0,0.0,0.0,0.0,0.0
9.1,2.073484402485828,-0.5745396112915205,1.4837208069211743,1.0457712002953694,neutral,acceptable,False,0.0,0.0,0.0,0.0,0.0,0.0,0.0,0.0,0.0,0.0,0.0,0.0,0.0,0.0,0.0,0.0
9.200000000000001,2.133418168781454,-0.6336101689234916,1.4878053654148102,1.0096868105182348,neutral,acceptable,False,0.0,0.0,0.0,0.0,0.0,0.0,0.0,0.0,0.0,0.0,0.0,0.0,0.0,0.0,0.0,0.0
9.3,2.264797788588465,-0.640696726795018,1.4501140435003956,1.0755934030129841,neutral,acceptable,False,0.0,0.0,0.0,0.0,0.0,0.0,0.0,0.0,0.0,0.0,0.0,0.0,0.0,0.0,0.0,0.0
9.4,2.2952958257356353,-0.7194581611964627,1.5099878446953503,0.977947743064192,neutral,acceptable,False,0.0,0.0,0.0,0.0,0.0,0.0,0.0,0.0,0.0,0.0,0.0,0.0,0.0,0.0,0.0,0.0
9.5,2.273874012575578,-0.679050309912898,1.5464059041281715,0.9837920474077765,neutral,acceptable,False,0.0,0.0,0.0,0.0,0.0,0.0,0.0,0.0,0.0,0.0,0.0,0.0,0.0,0.0,0.0,0.0
9.600000000000001,2.339196610205272,-0.7112939768331574,1.5702440732710718,1.1170492099619054,neutral,acceptable,False,0.0,0.0,0.0,0.0,0.0,0.0,0.0,0.0,0.0,0.0,0.0,0.0,0.0,0.0,0.0,0.0
9.700000000000001,2.47375614149945,-0.67149357218569,1.6033146931358366,1.228066422704825,neutral,acceptable,False,0.0,0.0,0.0,0.0,0.0,0.0,0.0,0.0,0.0,0.0,0.0,0.0,0.0,0.0,0.0,0.0
9.8,2.5557133994573444,-0.7527408768938335,1.6409730624429015,1.3329960605912157,neutral,acceptable,False,0.0,0.0,0.0,0.0,0.0,0.0,0.0,0.0,0.0,0.0,0.0,0.0,0.0,0.0,0.0,0.0
9.9,2.5715624029746196,-0.7837732772552846,1.5365795639245523,1.3898555730368571,neutral,acceptable,False,0.0,0.0,0.0,0.0,0.0,0.0,0.0,0.0,0.0,0.0,0.0,0.0,0.0,0.0,0.0,0.0
10.0,2.7006147530420916,-0.7921804805403612,1.5740457915799169,1.3902373864381345,neutral,acceptable,False,0.0,0.0,0.0,0.0,0.0,0.0,0.0,0.0,0.0,0.0,0.0,0.0,0.0,0.0,0.0,0.0
10.100000000000001,2.672175024357547,-0.7800314016395203,1.637144007291422,1.355072736494109,neutral,acceptable,False,0.0,0.0,0.0,0.0,0.0,0.0,0.0,0.0,0.0,0.0,0.0,0.0,0.0,0.0,0.0,0.0
10.200000000000001,2.8310170504356065,-0.7988043734074259,1.6783033370290095,1.4614177247571993,neutral,acceptable,False,0.0,0.0,0.0,0.0,0.0,0.0,0.0,0.0,0.0,0.0,0.0,0.0,0.0,0.0,0.0,0.0
10.3,2.8623297538022747,-0.8026307284045007,1.6880038766710277,1.5206879998548077,neutral,acceptable,False,0.0,0.0,0.0,0.0,0.0,0.0,0.0,0.0,0.0,0.0,0.0,0.0,0.0,0.0,0.0,0.0
10.4,2.9118701374740374,-0.7848883262923928,1.7198837197836718,1.5227519583739026,neutral,acceptable,False,0.0,0.0,0.0,0.0,0.0,0.0,0.0,0.0,0.0,0.0,0.0,0.0,0.0,0.0,0.0,0.0
10.5,2.996497580057632,-0.7617434667799106,1.7446093938774698,1.6016631344985008,neutral,acceptable,False,0.0,0.0,0.0,0.0,0.0,0.0,0.0,0.0,0.0,0.0,0.0,0.0,0.0,0.0,0.0,0.0
10.600000000000001,2.9678906849287707,-0.7049613712939587,1.753685521001085,1.5679453982359965,neutral,acceptable,False,0.0,0.0,0.0,0.0,0.0,0.0,0.0,0.0,0.0,0.0,0.0,0.0,0.0,0.0,0.0,0.0
10.700000000000001,2.942789987544132,-0.7000361886914467,1.646373123672009,1.6277619556838143,neutral,acceptable,False,0.0,0.0,0.0,0.0,0.0,0.0,0.0,0.0,0.0,0.0,0.0,0.0,0.0,0.0,0.0,0.0
10.8,2.9001459004807937,-0.6800425718648075,1.6517609053541447,1.549411839444875,neutral,acceptable,False,0.0,0.0,0.0,0.0,0.0,0.0,0.0,0.0,0.0,0.0,0.0,0.0,0.0,0.0,0.0,0.0
10.9,2.8215070509821873,-0.6790608317962111,1.7825899476010472,1.6061363244921987,neutral,acceptable,False,0.0,0.0,0.0,0.0,0.0,0.0,0.0,0.0,0.0,0.0,0.0,0.0,0.0,0.0,0.0,0.0
11.0,2.7684995856481205,-0.7235477201632972,1.9184062543924734,1.5945521438910328,neutral,acceptable,False,0.0,0.0,0.0,0.0,0.0,0.0,0.0,0.0,0.0,0.0,0.0,0.0,0.0,0.0,0.0,0.0
11.100000000000001,2.7978751554899195,-0.6788026451736102,1.9489970131144494,1.6626372922969002,neutral,acceptable,False,0.0,0.0,0.0,0.0,0.0,0.0,0.0,0.0,0.0,0.0,0.0,0.0,0.0,0.0,0.0,0.0
11.200000000000001,2.773052880697783,-0.6712002455909406,1.947776753709026,1.561246095814541,neutral,acceptable,False,0.0,0.0,0.0,0.0,0.0,0.0,0.0,0.0,0.0,0.0,0.0,0.0,0.0,0.0,0.0,0.0
11.3,2.728216850746838,-0.589564137617064,1.978047560383863,1.5307491349548836,neutral,acceptable,False,0.0,0.0,0.0,0.0,0.0,0.0,0.0,0.0,0.0,0.0,0.0,0.0,0.0,0.0,0.0,0.0
11.4,2.7773963443899827,-0.5946716966688815,1.9259343722493998,1.4900903691114449,neutral,acceptable,False,0.0,0.0,0.0,0.0,0.0,0.0,0.0,0.0,0.0,0.0,0.0,0.0,0.0,0.0,0.0,0.0
11.5,2.8199179375248833,-0.6104799443744185,2.058682212177795,1.509956991847471,neutral,acceptable,False,0.0,0.0,0.0,0.0,0.0,0.0,0.0,0.0,0.0,0.0,0.0,0.0,0.0,0.0,0.0,0.0
11.600000000000001,2.8071856639056145,-0.6027005808683731,2.0781193997327043,1.4409912737975372,neutral,acceptable,False,0.0,0.0,0.0,0.0,0.0,0.0,0.0,0.0,0.0,0.0,0.0,0.0,0.0,0.0,0.0,0.0
11.700000000000001,2.717042437630491,-0.591845294378263,2.067834660561318,1.4727950061461093,neutral,acceptable,False,0.0,0.0,0.0,0.0,0.0,0.0,0.0,0.0,0.0,0.0,0.0,0.0,0.0,0.0,0.0,0.0
11.8,2.665541461362025,-0.5318065406083278,2.083430590113421,1.53449684075386,neutral,acceptable,False,0.0,0.0,0.0,0.0,0.0,0.0,0.0,0.0,0.0,0.0,0.0,0.0,0.0,0.0,0.0,0.0
11.9,2.61366375330336,-0.5568679312559113,2.008238646999706,1.4883215590791605,neutral,acceptable,False,0.0,0.0,0.0,0.0,0.0,0.0,0.0,0.0,0.0,0.0,0.0,0.0,0.0,0.0,0.0,0.0
12.0,2.674313876701515,-0.5373326782043384,2.0945283787990214,1.4718634726988475,neutral,acceptable,False,0.0,0.0,0.0,0.0,0.0,0.0,0.0,0.0,0.0,0.0,0.0,0.0,0.0,0.0,0.0,0.0
12.100000000000001,2.624885244222771,-0.5761797572353871,2.1414951460624514,1.469290773289857,neutral,acceptable,False,0.0,0.0,0.0,0.0,0.0,0.0,0.0,0.0,0.0,0.0,0.0,0.0,0.0,0.0,0.0,0.0
12.200000000000001,2.755856321667168,-0.5450696020407805,2.220510715580447,1.5213604407938197,neutral,acceptable,False,0.0,0.0,0.0,0.0,0.0,0.0,0.0,0.0,0.0,0.0,0.0,0.0,0.0,0.0,0.0,0.0
12.3,2.840428151139934,-0.5946539202191362,2.3596031722249715,1.5800316904613196,neutral,acceptable,False,0.0,0.0,0.0,0.0,0.0,0.0,0.0,0.0,0.0,0.0,0.0,0.0,0.0,0.0,0.0,0.0
12.4,2.92952758715736,-0.5738636748401821,2.332537792584768,1.5834186480235621,neutral,acceptable,False,0.0,0.0,0.0,0.0,0.0,0.0,0.0,0.0,0.0,0.0,0.0,0.0,0.0,0.0,0.0,0.0
12.5,2.865434423831626,-0.6268498929540995,2.305224356545867,1.4641400400263314,neutral,acceptable,False,0.0,0.0,0.0,0.0,0.0,0.0,0.0,0.0,0.0,0.0,0.0,0.0,0.0,0.0,0.0,0.0
12.600000000000001,2.7142445153828096,-0.6929456793891967,2.3970842627133835,1.5188408711254038,neutral,acceptable,False,0.0,0.0,0.0,0.0,0.0,0.0,0.0,0.0,0.0,0.0,0.0,0.0,0.0,0.0,0.0,0.0
12.700000000000001,2.737382992887361,-0.7038465134079245,2.4912270138203683,1.5392114217297936,neutral,acceptable,False,0.0,0.0,0.0,0.0,0.0,0.0,0.0,0.0,0.0,0.0,0.0,0.0,0.0,0.0,0.0,0.0
12.8,2.878554851122154,-0.5746959974961304,2.533309979214154,1.5662126458218038,neutral,acceptable,False,0.0,0.0,0.0,0.0,0.0,0.0,0.0,0.0,0.0,0.0,0.0,0.0,0.0,0.0,0.0,0.0
12.9,2.8644533207757696,-0.6016098899167681,2.5548098414216898,1.552360678251057,neutral,acceptable,False,0.0,0.0,0.0,0.0,0.0,0.0,0.0,0.0,0.0,0.0,0.0,0.0,0.0,0.0,0.0,0.0
13.0,2.8570990711480104,-0.6147812809076679,2.5460237928221225,1.5323150403065386,neutral,acceptable,False,0.0,0.0,0.0,0.0,0.0,0.0,0.0,0.0,0.0,0.0,0.0,0.0,0.0,0.0,0.0,0.0
13.100000000000001,2.945878948802017,-0.574316247980629,2.611647426778518,1.5735094043159688,neutral,acceptable,False,0.0,0.0,0.0,0.0,0.0,0.0,0.0,0.0,0.0,0.0,0.0,0.0,0.0,0.0,0.0,0.0
13.200000000000001,3.106811904030314,-0.6061222886497029,2.597457033480056,1.6042822217340607,neutral,acceptable,False,0.0,0.0,0.0,0.0,0.0,0.0,0.0,0.0,0.0,0.0,0.0,0.0,0.0,0.0,0.0,0.0
13.3,3.234335580438048,-0.6250863786194062,2.632261515240178,1.5401575610216622,neutral,acceptable,False,0.0,0.0,0.0,0.0,0.0,0.0,0.0,0.0,0.0,0.0,0.0,0.0,0.0,0.0,0.0,0.0
13.4,3.3116641996763474,-0.5868056675273723,2.671486049629235,1.5070430731933853,neutral,acceptable,False,0.0,0.0,0.0,0.0,0.0,0.0,0.0,0.0,0.0,0.0,0.0,0.0,0.0,0.0,0.0,0.0
13.5,3.317130387473116,-0.5334165080164257,2.7495933209705643,1.553499506363282,neutral,acceptable,False,0.0,0.0,0.0,0.0,0.0,0.0,0.0,0.0,0.0,0.0,0.0,0.0,0.0,0.0,0.0,0.0
13.600000000000001,3.2204062875601775,-0.4792167236286621,2.772491615880966,1.5314165694327284,neutral,acceptable,False,0.0,0.0,0.0,0.0,0.0,0.0,0.0,0.0,0.0,0.0,0.0,0.0,0.0,0.0,0.0,0.0
13.700000000000001,3.2684183978436416,-0.43373335432874305,2.823991682422049,1.4110653489884641,neutral,acceptable,False,0.0,0.0,0.0,0.0,0.0,0.0,0.0,0.0,0.0,0.0,0.0,0.0,0.0,0.0,0.0,0.0
13.8,3.2567948449825144,-0.43556550777871916,2.8347063920722926,1.3824759185440967,neutral,acceptable,False,0.0,0.0,0.0,0.0,0.0,0.0,0.0,0.0,0.0,0.0,0.0,0.0,0.0,0.0,0.0,0.0
13.9,3.192691904707985,-0.4307372857618427,2.8805970736927966,1.2724554434271063,neutral,acceptable,False,0.0,0.0,0.0,0.0,0.0,0.0,0.0,0.0,0.0,0.0,0.0,0.0,0.0,0.0,0.0,0.0
14.0,3.1776118793625234,-0.3873888994382957,2.849641137196909,1.184880675756238,neutral,acceptable,False,0.0,0.0,0.0,0.0,0.0,0.0,0.0,0.0,0.0,0.0,0.0,0.0,0.0,0.0,0.0,0.0
14.100000000000001,3.1143873069731653,-0.45333888289602775,2.7741023750735034,1.1498015651700801,neutral,acceptable,False,0.0,0.0,0.0,0.0,0.0,0.0,0.0,0.0,0.0,0.0,0.0,0.0,0.0,0.0,0.0,0.0
14.200000000000001,3.1696504241869095,-0.4878676027222497,2.8116185461114975,1.1556957443262017,neutral,acceptable,False,0.0,0.0,0.0,0.0,0.0,0.0,0.0,0.0,0.0,0.0,0.0,0.0,0.0,0.0,0.0,0.0
14.3,3.2166350946245674,-0.43149453833711143,2.790532314249192,1.1074510795322263,neutral,acceptable,False,0.0,0.0,0.0,0.0,0.0,0.0,0.0,0.0,0.0,0.0,0.0,0.0,0.0,0.0,0.0,0.0
14.4,3.184890839409055,-0.4553139369552318,2.778918122611938,1.0669875294605295,neutral,acceptable,False,0.0,0.0,0.0,0.0,0.0,0.0,0.0,0.0,0.0,0.0,0.0,0.0,0.0,0.0,0.0,0.0
14.5,3.1425762196063647,-0.41256481859630445,2.7780123887765553,1.0693676139489505,neutral,acceptable,False,0.0,0.0,0.0,0.0,0.0,0.0,0.0,0.0,0.0,0.0,0.0,0.0,0.0,0.0,0.0,0.0
14.600000000000001,3.325210047640502,-0.4140623137469895,2.8124414137604017,1.0930812863529462,neutral,acceptable,False,0.0,0.0,0.0,0.0,0.0,0.0,0.0,0.0,0.0,0.0,0.0,0.0,0.0,0.0,0.0,0.0
14.700000000000001,3.274270156813521,-0.362828947555936,2.736698285567951,1.1274750361484052,neutral,acceptable,False,0.0,0.0,0.0,0.0,0.0,0.0,0.0,0.0,0.0,0.0,0.0,0.0,0.0,0.0,0.0,0.0
14.8,3.2808808825035753,-0.4240235750082301,2.818158010494236,1.0632313952416177,neutral,acceptable,False,0.0,0.0,0.0,0.0,0.0,0.0,0.0,0.0,0.0,0.0,0.0,0.0,0.0,0.0,0.0,0.0
14.9,3.3470716444333544,-0.45170851033123355,2.708320088463188,1.0031542732714351,neutral,acceptable,False,0.0,0.0,0.0,0.0,0.0,0.0,0.0,0.0,0.0,0.0,0.0,0.0,0.0,0.0,0.0,0.0
15.0,3.2982417131186463,-0.40288705516908363,2.6769304842250325,0.9840301192896151,neutral,acceptable,False,0.0,0.0,0.0,0.0,0.0,0.0,0.0,0.0,0.0,0.0,0.0,0.0,0.0,0.0,0.0,0.0
15.100000000000001,3.3501906323603072,-0.38843506196242317,2.693772477973755,0.9795012180600732,neutral,acceptable,False,0.0,0.0,0.0,0.0,0.0,0.0,0.0,0.0,0.0,0.0,0.0,0.0,0.0,0.0,0.0,0.0
15.200000000000001,3.3704731454710077,-0.429522616611442,2.7295531682182843,0.9848142878530383,neutral,acceptable,False,0.0,0.0,0.0,0.0,0.0,0.0,0.0,0.0,0.0,0.0,0.0,0.0,0.0,0.0,0.0,0.0
15.3,3.463173515009414,-0.42762034673288285,2.6848297011258175,0.9704141760902952,neutral,acceptable,False,0.0,0.0,0.0,0.0,0.0,0.0,0.0,0.0,0.0,0.0,0.0,0.0,0.0,0.0,0.0,0.0
15.4,3.5978031257043552,-0.33099213143031203,2.711515812938153,0.9582769757446767,neutral,acceptable,False,0.0,0.0,0.0,0.0,0.0,0.0,0.0,0.0,0.0,0.0,0.0,0.0,0.0,0.0,0.0,0.0
15.5,3.650853412935033,-0.3076153911474046,2.7621540271149887,0.9319201843991293,neutral,acceptable,False,0.0,0.0,0.0,0.0,0.0,0.0,0.0,0.0,0.0,0.0,0.0,0.0,0.0,0.0,0.0,0.0
15.600000000000001,3.668496039373353,-0.26456946489341054,2.787730870674124,1.0267132504004475,neutral,acceptable,False,0.0,0.0,0.0,0.0,0.0,0.0,0.0,0.0,0.0,0.0,0.0,0.0,0.0,0.0,0.0,0.0
15.700000000000001,3.548156291395466,-0.19501178678305295,2.7874764811486257,1.074870879716137,neutral,acceptable,False,0.0,0.0,0.0,0.0,0.0,0.0,0.0,0.0,0.0,0.0,0.0,0.0,0.0,0.0,0.0,0.0
15.8,3.4639874090681912,-0.1828800768007296,2.906564100991306,0.9800458443546578,neutral,acceptable,False,0.0,0.0,0.0,0.0,0.0,0.0,0.0,0.0,0.0,0.0,0.0,0.0,0.0,0.0,0.0,0.0
15.9,3.566266046280591,-0.18941963676542883,2.9083160455711123,0.9672243883215335,neutral,acceptable,False,0.0,0.0,0.0,0.0,0.0,0.0,0.0,0.0,0.0,0.0,0.0,0.0,0.0,0.0,0.0,0.0
16.0,3.648420617271282,-0.24160258239187452,2.862569043032863,0.9822358817711764,neutral,acceptable,False,0.0,0.0,0.0,0.0,0.0,0.0,0.0,0.0,0.0,0.0,0.0,0.0,0.0,0.0,0.0,0.0
16.1,3.647867084306822,-0.23979127804312259,2.737649395697543,0.9042082161394185,neutral,acceptable,False,0.0,0.0,0.0,0.0,0.0,0.0,0.0,0.0,0.0,0.0,0.0,0.0,0.0,0.0,0.0,0.0
16.2,3.600019662731086,-0.18154399762454299,2.7631323432976966,0.8440827297815575,neutral,acceptable,False,0.0,0.0,0.0,0.0,0.0,0.0,0.0,0.0,0.0,0.0,0.0,0.0,0.0,0.0,0.0,0.0
16.3,3.649296749818561,-0.14350419978912543,2.670225635240398,0.8608596830152574,neutral,acceptable,False,0.0,0.0,0.0,0.0,0.0,0.0,0.0,0.0,0.0,0.0,0.0,0.0,0.0,0.0,0.0,0.0
16.400000000000002,3.6076278486785416,-0.12099664810183942,2.6897524058270252,0.9324421982441203,neutral,acceptable,False,0.0,0.0,0.0,0.0,0.0,0.0,0.0,0.0,0.0,0.0,0.0,0.0,0.0,0.0,0.0,0.0
16.5,3.5108568846215595,-0.09241632838011292,2.734653820470211,1.0059141770699103,neutral,acceptable,False,0.0,0.0,0.0,0.0,0.0,0.0,0.0,0.0,0.0,0.0,0.0,0.0,0.0,0.0,0.0,0.0
16.6,3.656060516554843,-0.08708865424980017,2.7923902448568003,0.9772148251508237,neutral,acceptable,False,0.0,0.0,0.0,0.0,0.0,0.0,0.0,0.0,0.0,0.0,0.0,0.0,0.0,0.0,0.0,0.0
16.7,3.58099945040643,-0.060794868785826434,2.8475462014865,0.9987842805149261,neutral,acceptable,False,0.0,0.0,0.0,0.0,0.0,0.0,0.0,0.0,0.0,0.0,0.0,0.0,0.0,0.0,0.0,0.0
16.8,3.5735398790151782,-0.08119427937806768,2.8279064936571827,1.008394096705668,neutral,acceptable,False,0.0,0.0,0.0,0.0,0.0,0.0,0.0,0.0,0.0,0.0,0.0,0.0,0.0,0.0,0.0,0.0
16.900000000000002,3.5906631564966847,-0.07345160246865037,2.8067926438242443,0.9657038368835719,neutral,acceptable,False,0.0,0.0,0.0,0.0,0.0,0.0,0.0,0.0,0.0,0.0,0.0,0.0,0.0,0.0,0.0,0.0
17.0,3.647506674342694,-0.07121091782618251,2.8263243303188523,0.9950905626261058,neutral,acceptable,False,0.0,0.0,0.0,0.0,0.0,0.0,0.0,0.0,0.0,0.0,0.0,0.0,0.0,0.0,0.0,0.0
17.1,3.6888299799943383,-0.10780839962149957,2.8291571061327927,1.0249399854066494,neutral,acceptable,False,0.0,0.0,0.0,0.0,0.0,0.0,0.0,0.0,0.0,0.0,0.0,0.0,0.0,0.0,0.0,0.0
17.2,3.706008585368361,-0.056958475568934165,2.8623133066343955,0.9296526099130997,neutral,acceptable,False,0.0,0.0,0.0,0.0,0.0,0.0,0.0,0.0,0.0,0.0,0.0,0.0,0.0,0.0,0.0,0.0
17.3,3.7142148654809795,-0.059693493367036735,2.97325354455156,0.8105523267820365,neutral,acceptable,False,0.0,0.0,0.0,0.0,0.0,0.0,0.0,0.0,0.0,0.0,0.0,0.0,0.0,0.0,0.0,0.0
17.400000000000002,3.826655617562449,-0.05305292130878288,2.9062060605526554,0.7294768156796527,neutral,acceptable,False,0.0,0.0,0.0,0.0,0.0,0.0,0.0,0.0,0.0,0.0,0.0,0.0,0.0,0.0,0.0,0.0
17.5,3.75890200128464,-0.07900058563598585,2.9409237095980774,0.8292151578673319,neutral,acceptable,False,0.0,0.0,0.0,0.0,0.0,0.0,0.0,0.0,0.0,0.0,0.0,0.0,0.0,0.0,0.0,0.0
17.6,3.6881352691835243,0.007288188778927604,2.9357083440412333,0.7783424845240297,neutral,acceptable,False,0.0,0.0,0.0,0.0,0.0,0.0,0.0,0.0,0.0,0.0,0.0,0.0,0.0,0.0,0.0,0.0
17.7,3.6736538970086774,0.014870040273704043,2.919787242067811,0.7358102845377886,neutral,acceptable,False,0.0,0.0,0.0,0.0,0.0,0.0,0.0,0.0,0.0,0.0,0.0,0.0,0.0,0.0,0.0,0.0
17.8,3.789792594785054,0.0902122058962005,3.0494127720867326,0.6918118150663726,neutral,acceptable,False,0.0,0.0,0.0,0.0,0.0,0.0,0.0,0.0,0.0,0.0,0.0,0.0,0.0,0.0,0.0,0.0
17.900000000000002,3.8324708214265537,0.09066417703868415,2.9993567582167477,0.6591624638963023,neutral,acceptable,False,0.0,0.0,0.0,0.0,0.0,0.0,0.0,0.0,0.0,0.0,0.0,0.0,0.0,0.0,0.0,0.0
18.0,3.750299588090042,0.1435306287999789,2.9279416895655364,0.6537304762144126,neutral,acceptable,False,0.0,0.0,0.0,0.0,0.0,0.0,0.0,0.0,0.0,0.0,0.0,0.0,0.0,0.0,0.0,0.0
18.1,3.8324915233147876,0.15481998434121438,2.9563651767284087,0.6538198644118576,neutral,acceptable,False,0.0,0.0,0.0,0.0,0.0,0.0,0.0,0.0,0.0,0.0,0.0,0.0,0.0,0.0,0.0,0.0
18.2,3.92081256277268,0.21826643294219034,2.974844264134595,0.587176804749809,neutral,acceptable,False,0.0,0.0,0.0,0.0,0.0,0.0,0.0,0.0,0.0,0.0,0.0,0.0,0.0,0.0,0.0,0.0
18.3,3.9352871948558126,0.2642831340642281,2.9905405844318667,0.590772559342803,neutral,acceptable,False,0.0,0.0,0.0,0.0,0.0,0.0,0.0,0.0,0.0,0.0,0.0,0.0,0.0,0.0,0.0,0.0
18.400000000000002,3.9092243295431586,0.31111680546017373,2.947529559991086,0.5939650631527529,neutral,acceptable,False,0.0,0.0,0.0,0.0,0.0,0.0,0.0,0.0,0.0,0.0,0.0,0.0,0.0,0.0,0.0,0.0
18.5,3.8839744769208226,0.30619008967911093,2.9740944415479227,0.5127418917894901,neutral,acceptable,False,0.0,0.0,0.0,0.0,0.0,0.0,0.0,0.0,0.0,0.0,0.0,0.0,0.0,0.0,0.0,0.0
18.6,3.9296752397662456,0.36663078149887596,3.047844638075141,0.5784882147642327,neutral,acceptable,False,0.0,0.0,0.0,0.0,0.0,0.0,0.0,0.0,0.0,0.0,0.0,0.0,0.0,0.0,0.0,0.0
18.7,4.039290512778544,0.42183190497546547,3.1593849398414906,0.6276280482788484,neutral,acceptable,False,0.0,0.0,0.0,0.0,0.0,0.0,0.0,0.0,0.0,0.0,0.0,0.0,0.0,0.0,0.0,0.0
18.8,4.1538780968065545,0.4611379038050094,3.1800670205937847,0.5682268907625123,neutral,acceptable,False,0.0,0.0,0.0,0.0,0.0,0.0,0.0,0.0,0.0,0.0,0.0,0.0,0.0,0.0,0.0,0.0
18.900000000000002,4.199648894042466,0.4056933180094075,3.188865641780889,0.6040382143544891,neutral,acceptable,False,0.0,0.0,0.0,0.0,0.0,0.0,0.0,0.0,0.0,0.0,0.0,0.0,0.0,0.0,0.0,0.0
19.0,4.329476004435038,0.38613682121818377,3.1961945087458767,0.6070488789629108,neutral,acceptable,False,0.0,0.0,0.0,0.0,0.0,0.0,0.0,0.0,0.0,0.0,0.0,0.0,0.0,0.0,0.0,0.0
19.1,4.412873867450824,0.4410169958028699,3.2472064705526003,0.7190407318931671,neutral,acceptable,False,0.0,0.0,0.0,0.0,0.0,0.0,0.0,0.0,0.0,0.0,0.0,0.0,0.0,0.0,0.0,0.0
19.200000000000003,4.412269021270856,0.43146127370095827,3.2721796952756748,0.6889452243166397,neutral,acceptable,False,0.0,0.0,0.0,0.0,0.0,0.0,0.0,0.0,0.0,0.0,0.0,0.0,0.0,0.0,0.0,0.0
19.3,4.503870005938082,0.3220467477413861,3.333606618938506,0.6851186976770015,neutral,acceptable,False,0.0,0.0,0.0,0.0,0.0,0.0,0.0,0.0,0.0,0.0,0.0,0.0,0.0,0.0,0.0,0.0
19.400000000000002,4.509300632462914,0.2443101727406914,3.5282616875734343,0.7272759349230091,neutral,acceptable,False,0.0,0.0,0.0,0.0,0.0,0.0,0.0,0.0,0.0,0.0,0.0,0.0,0.0,0.0,0.0,0.0
19.5,4.462962207279314,0.2606525345045837,3.534244970366977,0.751840999301782,neutral,acceptable,False,0.0,0.0,0.0,0.0,0.0,0.0,0.0,0.0,0.0,0.0,0.0,0.0,0.0,0.0,0.0,0.0
19.6,4.421873304107653,0.24216502171230134,3.573279556672612,0.7688988548166957,neutral,acceptable,False,0.0,0.0,0.0,0.0,0.0,0.0,0.0,0.0,0.0,0.0,0.0,0.0,0.0,0.0,0.0,0.0
19.700000000000003,4.40185511851444,0.18226490455347646,3.538921593586223,0.7487198466205076,neutral,acceptable,False,0.0,0.0,0.0,0.0,0.0,0.0,0.0,0.0,0.0,0.0,0.0,0.0,0.0,0.0,0.0,0.0
19.8,4.3284051684207245,0.19561529805319885,3.4994311445173243,0.7851448601116287,neutral,acceptable,False,0.0,0.0,0.0,0.0,0.0,0.0,0.0,0.0,0.0,0.0,0.0,0.0,0.0,0.0,0.0,0.0
19.900000000000002,4.299452473828351,0.18780684909599693,3.513230496677204,0.7131524871804406,neutral,acceptable,False,0.0,0.0,0.0,0.0,0.0,0.0,0.0,0.0,0.0,0.0,0.0,0.0,0.0,0.0,0.0,0.0
20.0,4.239317389773243,0.17539289618311424,3.5624943131287563,0.7056670577584533,neutral,acceptable,False,0.0,0.0,0.0,0.0,0.0,0.0,0.0,0.0,0.0,0.0,0.0,0.0,0.0,0.0,0.0,0.0
20.1,4.268281784500601,0.0830466225240183,3.6050849221039067,0.7247450135038005,neutral,acceptable,False,0.0,0.0,0.0,0.0,0.0,0.0,0.0,0.0,0.0,0.0,0.0,0.0,0.0,0.0,0.0,0.0
20.200000000000003,4.092642021935602,0.13906968395287167,3.711665885814845,0.7292370073182409,neutral,acceptable,False,0.0,0.0,0.0,0.0,0.0,0.0,0.0,0.0,0.0,0.0,0.0,0.0,0.0,0.0,0.0,0.0
20.3,4.166394881611808,0.07632335226336555,3.769011336002752,0.6523651818717722,neutral,acceptable,False,0.0,0.0,0.0,0.0,0.0,0.0,0.0,0.0,0.0,0.0,0.0,0.0,0.0,0.0,0.0,0.0
20.400000000000002,4.2744492517246435,0.10343219570011075,3.82655770431603,0.5981081285888863,neutral,acceptable,False,0.0,0.0,0.0,0.0,0.0,0.0,0.0,0.0,0.0,0.0,0.0,0.0,0.0,0.0,0.0,0.0
20.5,4.398241871815435,0.12038003118190847,3.8224040489980746,0.641058855861281,neutral,acceptable,False,0.0,0.0,0.0,0.0,0.0,0.0,0.0,0.0,0.0,0.0,0.0,0.0,0.0,0.0,0.0,0.0
20.6,4.524090136775355,0.13206501321297653,3.819206365161707,0.6040907595784926,neutral,acceptable,False,0.0,0.0,0.0,0.0,0.0,0.0,0.0,0.0,0.0,0.0,0.0,0.0,0.0,0.0,0.0,0.0
20.700000000000003,4.592705554670494,0.15718103758754678,3.860732794642985,0.621321067442542,neutral,acceptable,False,0.0,0.0,0.0,0.0,0.0,0.0,0.0,0.0,0.0,0.0,0.0,0.0,0.0,0.0,0.0,0.0
20.8,4.544565669155191,0.1413054402750333,3.827595678309154,0.6523918950777677,neutral,acceptable,False,0.0,0.0,0.0,0.0,0.0,0.0,0.0,0.0,0.0,0.0,0.0,0.0,0.0,0.0,0.0,0.0
20.900000000000002,4.62026389972033,0.16223363846053188,3.762230612682339,0.5855555715810921,neutral,acceptable,False,0.0,0.0,0.0,0.0,0.0,0.0,0.0,0.0,0.0,0.0,0.0,0.0,0.0,0.0,0.0,0.0
21.0,4.74171041702147,0.1701654703776909,3.844212714947614,0.6857829835752661,neutral,acceptable,False,0.0,0.0,0.0,0.0,0.0,0.0,0.0,0.0,0.0,0.0,0.0,0.0,0.0,0.0,0.0,0.0
21.1,4.764644115501517,0.17009889020899846,3.987897740606896,0.571160997112938,neutral,acceptable,False,0.0,0.0,0.0,0.0,0.0,0.0,0.0,0.0,0.0,0.0,0.0,0.0,0.0,0.0,0.0,0.0
21.200000000000003,4.783841958096276,0.13375038645221002,4.065070304199711,0.5473225823371447,neutral,acceptable,False,0.0,0.0,0.0,0.0,0.0,0.0,0.0,0.0,0.0,0.0,0.0,0.0,0.0,0.0,0.0,0.0
21.3,4.87358537106573,0.17211009290918391,4.1845741536938,0.5378474644570544,neutral,acceptable,False,0.0,0.0,0.0,0.0,0.0,0.0,0.0,0.0,0.0,0.0,0.0,0.0,0.0,0.0,0.0,0.0
21.400000000000002,4.840534250293299,0.19740355763038284,4.121584782552431,0.5318317446691239,neutral,acceptable,False,0.0,0.0,0.0,0.0,0.0,0.0,0.0,0.0,0.0,0.0,0.0,0.0,0.0,0.0,0.0,0.0
21.5,4.940644454872861,0.12292547340569909,4.1343253093155665,0.5437204602567066,neutral,acceptable,False,0.0,0.0,0.0,0.0,0.0,0.0,0.0,0.0,0.0,0.0,0.0,0.0,0.0,0.0,0.0,0.0
21.6,4.8893200370881855,0.06931149752266588,4.144912477319619,0.5190252959320388,neutral,acceptable,False,0.0,0.0,0.0,0.0,0.0,0.0,0.0,0.0,0.0,0.0,0.0,0.0,0.0,0.0,0.0,0.0
21.700000000000003,4.906572550956926,0.09465031153643966,4.171126408953814,0.46639397033472596,neutral,acceptable,False,0.0,0.0,0.0,0.0,0.0,0.0,0.0,0.0,0.0,0.0,0.0,0.0,0.0,0.0,0.0,0.0
21.8,4.977675089905779,0.09117124273478262,4.210970184653494,0.5168123935908298,neutral,acceptable,False,0.0,0.0,0.0,0.0,0.0,0.0,0.0,0.0,0.0,0.0,0.0,0.0,0.0,0.0,0.0,0.0
21.900000000000002,4.9965028812895005,0.12345089011593022,4.177450423568185,0.5232820793191129,neutral,acceptable,False,0.0,0.0,0.0,0.0,0.0,0.0,0.0,0.0,0.0,0.0,0.0,0.0,0.0,0.0,0.0,0.0
22.0,5.187858175116992,0.11743995746651603,4.129322461723955,0.5370468912014454,neutral,acceptable,False,0.0,0.0,0.0,0.0,0.0,0.0,0.0,0.0,0.0,0.0,0.0,0.0,0.0,0.0,0.0,0.0
22.1,5.301468492114129,0.13396567115202734,4.166933375598269,0.5754843624626047,neutral,acceptable,False,0.0,0.0,0.0,0.0,0.0,0.0,0.0,0.0,0.0,0.0,0.0,0.0,0.0,0.0,0.0,0.0
22.200000000000003,5.0773548036558775,0.151522949809995,4.1211760810270315,0.5533347165176103,neutral,acceptable,False,0.0,0.0,0.0,0.0,0.0,0.0,0.0,0.0,0.0,0.0,0.0,0.0,0.0,0.0,0.0,0.0
22.3,5.134875601178629,0.21791221029224878,4.0265759221748745,0.5389894757606822,neutral,acceptable,False,0.0,0.0,0.0,0.0,0.0,0.0,0.0,0.0,0.0,0.0,0.0,0.0,0.0,0.0,0.0,0.0
22.400000000000002,5.255630026068672,0.2087828976058579,3.9293302233344947,0.5504598298646032,neutral,acceptable,False,0.0,0.0,0.0,0.0,0.0,0.0,0.0,0.0,0.0,0.0,0.0,0.0,0.0,0.0,0.0,0.0
22.5,5.286903030516702,0.2384380371596674,4.100342976140428,0.5104256738183879,neutral,acceptable,False,0.0,0.0,0.0,0.0,0.0,0.0,0.0,0.0,0.0,0.0,0.0,0.0,0.0,0.0,0.0,0.0
22.6,5.389174260619205,0.21193557891127415,4.174037957030893,0.6113357501073314,neutral,acceptable,False,0.0,0.0,0.0,0.0,0.0,0.0,0.0,0.0,0.0,0.0,0.0,0.0,0.0,0.0,0.0,0.0
22.700000000000003,5.376449069466389,0.2907937662510258,4.156150680978243,0.6327088942881499,neutral,acceptable,False,0.0,0.0,0.0,0.0,0.0,0.0,0.0,0.0,0.0,0.0,0.0,0.0,0.0,0.0,0.0,0.0
22.8,5.517370801101575,0.2844611344826203,4.14758763377109,0.6340751015823632,neutral,acceptable,False,0.0,0.0,0.0,0.0,0.0,0.0,0.0,0.0,0.0,0.0,0.0,0.0,0.0,0.0,0.0,0.0
22.900000000000002,5.580160042257889,0.23687388362560238,4.2306126231108445,0.6649297953376919,neutral,acceptable,False,0.0,0.0,0.0,0.0,0.0,0.0,0.0,0.0,0.0,0.0,0.0,0.0,0.0,0.0,0.0,0.0
23.0,5.6003311388775225,0.22935924435177624,4.2410647732564115,0.5948484479125405,neutral,acceptable,False,0.0,0.0,0.0,0.0,0.0,0.0,0.0,0.0,0.0,0.0,0.0,0.0,0.0,0.0,0.0,0.0
23.1,5.658443438682242,0.22078733135151524,4.186390654952044,0.5705490375772486,neutral,acceptable,False,0.0,0.0,0.0,0.0,0.0,0.0,0.0,0.0,0.0,0.0,0.0,0.0,0.0,0.0,0.0,0.0
23.200000000000003,5.707647567112999,0.26492720483409765,4.20817096131318,0.5051808509970398,neutral,acceptable,False,0.0,0.0,0.0,0.0,0.0,0.0,0.0,0.0,0.0,0.0,0.0,0.0,0.0,0.0,0.0,0.0
23.3,5.7530650161576276,0.2338666421803371,4.242648607811196,0.4166780956669004,neutral,acceptable,False,0.0,0.0,0.0,0.0,0.0,0.0,0.0,0.0,0.0,0.0,0.0,0.0,0.0,0.0,0.0,0.0
23.400000000000002,5.876945991668176,0.13205510404801163,4.2056797865007445,0.39782254824481716,neutral,acceptable,False,0.0,0.0,0.0,0.0,0.0,0.0,0.0,0.0,0.0,0.0,0.0,0.0,0.0,0.0,0.0,0.0
23.5,5.809217885179226,0.1679370842818186,4.225155330540745,0.49835889512765486,neutral,acceptable,False,0.0,0.0,0.0,0.0,0.0,0.0,0.0,0.0,0.0,0.0,0.0,0.0,0.0,0.0,0.0,0.0
23.6,5.819535094241698,0.1971369644115622,4.185852008904898,0.4755515859759844,neutral,acceptable,False,0.0,0.0,0.0,0.0,0.0,0.0,0.0,0.0,0.0,0.0,0.0,0.0,0.0,0.0,0.0,0.0
23.700000000000003,5.851476997875056,0.19964702289409653,4.173268033445649,0.4201358845527281,neutral,acceptable,False,0.0,0.0,0.0,0.0,0.0,0.0,0.0,0.0,0.0,0.0,0.0,0.0,0.0,0.0,0.0,0.0
23.8,5.88409992239878,0.17472076391795002,4.151009673673924,0.42227349409370174,neutral,acceptable,False,0.0,0.0,0.0,0.0,0.0,0.0,0.0,0.0,0.0,0.0,0.0,0.0,0.0,0.0,0.0,0.0
23.900000000000002,5.987349733388954,0.12132879752861404,4.098887907246463,0.507068377498074,neutral,acceptable,False,0.0,0.0,0.0,0.0,0.0,0.0,0.0,0.0,0.0,0.0,0.0,0.0,0.0,0.0,0.0,0.0
24.0,6.095917150912851,0.1437971786649692,4.005290606033466,0.44972347468494867,neutral,acceptable,False,0.0,0.0,0.0,0.0,0.0,0.0,0.0,0.0,0.0,0.0,0.0,0.0,0.0,0.0,0.0,0.0
24.1,6.229879736083836,0.06442862466473077,4.035284746911721,0.34864864674717544,neutral,acceptable,False,0.0,0.0,0.0,0.0,0.0,0.0,0.0,0.0,0.0,0.0,0.0,0.0,0.0,0.0,0.0,0.0
24.200000000000003,6.283553911538674,0.10541889476079555,4.0650094543249695,0.3133580560974288,neutral,acceptable,False,0.0,0.0,0.0,0.0,0.0,0.0,0.0,0.0,0.0,0.0,0.0,0.0,0.0,0.0,0.0,0.0
24.3,6.327276165567282,0.19831856584077145,4.187015379290318,0.26762901064210365,neutral,acceptable,False,0.0,0.0,0.0,0.0,0.0,0.0,0.0,0.0,0.0,0.0,0.0,0.0,0.0,0.0,0.0,0.0
24.400000000000002,6.179882793862321,0.21660536819975257,4.233834702096651,0.21919362327027733,neutral,acceptable,False,0.0,0.0,0.0,0.0,0.0,0.0,0.0,0.0,0.0,0.0,0.0,0.0,0.0,0.0,0.0,0.0
24.5,6.312225101358997,0.24658673400583409,4.341120315091348,0.25944495284644525,neutral,acceptable,False,0.0,0.0,0.0,0.0,0.0,0.0,0.0,0.0,0.0,0.0,0.0,0.0,0.0,0.0,0.0,0.0
24.6,6.396791749492258,0.25181495982740454,4.398866628343184,0.23937303763920642,neutral,acceptable,False,0.0,0.0,0.0,0.0,0.0,0.0,0.0,0.0,0.0,0.0,0.0,0.0,0.0,0.0,0.0,0.0
24.700000000000003,6.539258626273077,0.3072848555171305,4.495851912710841,0.2622397768388642,neutral,acceptable,False,0.0,0.0,0.0,0.0,0.0,0.0,0.0,0.0,0.0,0.0,0.0,0.0,0.0,0.0,0.0,0.0
24.8,6.396635732898589,0.3384591890670482,4.458694427769557,0.23991562905911998,neutral,acceptable,False,0.0,0.0,0.0,0.0,0.0,0.0,0.0,0.0,0.0,0.0,0.0,0.0,0.0,0.0,0.0,0.0
24.900000000000002,6.308116082249141,0.2573796198472193,4.439068448222362,0.24595332594346828,neutral,acceptable,False,0.0,0.0,0.0,0.0,0.0,0.0,0.0,0.0,0.0,0.0,0.0,0.0,0.0,0.0,0.0,0.0
25.0,6.258304619324572,0.2487697736917206,4.432847138840752,0.18696270934068288,neutral,acceptable,False,0.0,0.0,0.0,0.0,0.0,0.0,0.0,0.0,0.0,0.0,0.0,0.0,0.0,0.0,0.0,0.0
25.1,6.05916090078385,0.24949731534834363,4.470193422071358,0.16152855655046322,neutral,acceptable,False,0.0,0.0,0.0,0.0,0.0,0.0,0.0,0.0,0.0,0.0,0.0,0.0,0.0,0.0,0.0,0.0
25.200000000000003,6.0579149178459835,0.25567519331629296,4.501336212580332,0.12566070563599155,neutral,acceptable,False,0.0,0.0,0.0,0.0,0.0,0.0,0.0,0.0,0.0,0.0,0.0,0.0,0.0,0.0,0.0,0.0
25.3,6.102362752007821,0.32332113812533314,4.448520784536162,0.022694053478412635,neutral,acceptable,False,0.0,0.0,0.0,0.0,0.0,0.0,0.0,0.0,0.0,0.0,0.0,0.0,0.0,0.0,0.0,0.0
25.400000000000002,6.297775600669236,0.3485537249785112,4.505158291184394,-0.052184824566141055,neutral,acceptable,False,0.0,0.0,0.0,0.0,0.0,0.0,0.0,0.0,0.0,0.0,0.0,0.0,0.0,0.0,0.0,0.0
25.5,6.33714015712679,0.3299785965744158,4.532740487772477,0.02450858733816247,neutral,acceptable,False,0.0,0.0,0.0,0.0,0.0,0.0,0.0,0.0,0.0,0.0,0.0,0.0,0.0,0.0,0.0,0.0
25.6,6.392029810805776,0.3391385442771048,4.518409531706992,-0.046018292388944504,neutral,acceptable,False,0.0,0.0,0.0,0.0,0.0,0.0,0.0,0.0,0.0,0.0,0.0,0.0,0.0,0.0,0.0,0.0
25.700000000000003,6.376160562165065,0.31609130688369735,4.504425193223602,-0.013409316943017759,neutral,acceptable,False,0.0,0.0,0.0,0.0,0.0,0.0,0.0,0.0,0.0,0.0,0.0,0.0,0.0,0.0,0.0,0.0
25.8,6.590262658494542,0.20053595338912705,4.515260929135681,0.06604083969026173,neutral,acceptable,False,0.0,0.0,0.0,0.0,0.0,0.0,0.0,0.0,0.0,0.0,0.0,0.0,0.0,0.0,0.0,0.0
25.900000000000002,6.577379827973207,0.2436294684315865,4.5200059263922645,0.0750089778947773,neutral,acceptable,False,0.0,0.0,0.0,0.0,0.0,0.0,0.0,0.0,0.0,0.0,0.0,0.0,0.0,0.0,0.0,0.0
26.0,6.762935742486479,0.2821299467081041,4.483943816108226,0.1059519168249695,neutral,acceptable,False,0.0,0.0,0.0,0.0,0.0,0.0,0.0,0.0,0.0,0.0,0.0,0.0,0.0,0.0,0.0,0.0
26.1,6.8096663900983465,0.24473657197209017,4.557262735371474,0.20394522941919113,neutral,acceptable,False,0.0,0.0,0.0,0.0,0.0,0.0,0.0,0.0,0.0,0.0,0.0,0.0,0.0,0.0,0.0,0.0
26.200000000000003,6.837530453416237,0.290779076863397,4.558853957599982,0.19688226573306544,neutral,acceptable,False,0.0,0.0,0.0,0.0,0.0,0.0,0.0,0.0,0.0,0.0,0.0,0.0,0.0,0.0,0.0,0.0
26.3,6.971621328310411,0.345333179858347,4.631789397424008,0.0894317156237673,neutral,acceptable,False,0.0,0.0,0.0,0.0,0.0,0.0,0.0,0.0,0.0,0.0,0.0,0.0,0.0,0.0,0.0,0.0
26.400000000000002,6.971842236645058,0.4106315656251723,4.597643805424349,0.05745219914447165,neutral,acceptable,False,0.0,0.0,0.0,0.0,0.0,0.0,0.0,0.0,0.0,0.0,0.0,0.0,0.0,0.0,0.0,0.0
26.5,6.992618062349093,0.4678656306307444,4.494658048911453,0.12383629499212166,neutral,acceptable,False,0.0,0.0,0.0,0.0,0.0,0.0,0.0,0.0,0.0,0.0,0.0,0.0,0.0,0.0,0.0,0.0
26.6,7.014062980356375,0.470073851013328,4.490490174188036,0.15195228300422467,forward_slouch,poor,False,0.1,0.0,0.0,0.0,0.0,0.0,0.0,0.0,0.0,0.0,0.0,0.0,0.0,0.0,0.0,0.0
26.700000000000003,7.1537318569334865,0.48934370525500626,4.506482182826243,0.1583069082421666,forward_slouch,poor,False,0.2,0.0,0.0,0.0,0.0,0.0,0.0,0.0,0.0,0.0,0.0,0.0,0.0,0.0,0.0,0.0
26.8,7.24731393632538,0.37110084924943043,4.503493823500545,0.15023177240164684,forward_slouch,poor,False,0.30000000000000004,0.0,0.0,0.0,0.0,0.0,0.0,0.0,0.0,0.0,0.0,0.0,0.0,0.0,0.0,0.0
26.900000000000002,7.036990058996851,0.45233581851302485,4.510755493032923,0.15436560521304057,forward_slouch,poor,False,0.4,0.0,0.0,0.0,0.0,0.0,0.0,0.0,0.0,0.0,0.0,0.0,0.0,0.0,0.0,0.0
27.0,6.956597496448138,0.41399820219738226,4.433777355673676,0.1431906026514345,forward_slouch,poor,True,0.5,0.038400000000000004,1.92,3.84,0.0,0.0,0.0,1.6,3.84,0.43785755480317756,1.6,3.84,0.43785755480317756,0.0,0.0,0.0
27.1,6.803982372486848,0.32894775986692654,4.379774702380411,0.14839285358115784,neutral,acceptable,False,0.0,0.0313728,1.5686399999999998,3.1372799999999996,0.0,0.0,0.0,0.0,3.1372799999999996,0.3753676235613338,0.0,3.1372799999999996,0.3753676235613338,0.0,0.0,0.0
27.200000000000003,6.764189389176496,0.3117089810609979,4.2520842713742,0.1860624210315593,neutral,acceptable,False,0.0,0.0256315776,1.2815788799999999,2.5631577599999997,0.0,0.0,0.0,0.0,2.5631577599999997,0.319191123860338,0.0,2.5631577599999997,0.319191123860338,0.0,0.0,0.0
27.3,6.862237599426567,0.3014807198293909,4.302158423438094,0.21085785014992173,neutral,acceptable,False,0.0,0.020940998899199998,1.04704994496,2.09409988992,0.0,0.0,0.0,0.0,2.09409988992,0.26956496463749835,0.0,2.09409988992,0.26956496463749835,0.0,0.0,0.0
27.400000000000002,6.771754598675333,0.25788456744801785,4.319163084561383,0.20637105853165433,neutral,acceptable,False,0.0,0.0171087961006464,0.85543980503232,1.71087961006464,0.0,0.0,0.0,0.0,1.71087961006464,0.22634708910795986,0.0,1.71087961006464,0.22634708910795986,0.0,0.0,0.0
27.5,6.737584220544712,0.1875356431777877,4.376219330804543,0.129382220653949,neutral,acceptable,False,0.0,0.013977886414228109,0.6988943207114054,1.397788641422811,0.0,0.0,0.0,0.0,1.397788641422811,0.18914683556791345,0.0,1.397788641422811,0.18914683556791345,0.0,0.0,0.0
27.6,6.705154539488446,0.21774449362703593,4.360614603516954,0.006156684304499372,neutral,acceptable,False,0.0,0.011419933200424365,0.5709966600212182,1.1419933200424364,0.0,0.0,0.0,0.0,1.1419933200424364,0.15743039082828103,0.0,1.1419933200424364,0.15743039082828103,0.0,0.0,0.0
27.700000000000003,6.64348797404277,0.2151122060828193,4.401772101457251,-0.026527649454842515,neutral,acceptable,False,0.0,0.009330085424746705,0.46650427123733523,0.9330085424746705,0.0,0.0,0.0,0.0,0.9330085424746705,0.1305994096283003,0.0,0.9330085424746705,0.1305994096283003,0.0,0.0,0.0
27.8,6.680966127273962,0.2624283722505596,4.300457374436596,-0.016860413946626872,neutral,acceptable,False,0.0,0.007622679792018059,0.3811339896009029,0.7622679792018058,0.0,0.0,0.0,0.0,0.7622679792018058,0.10804553586417998,0.0,0.7622679792018058,0.10804553586417998,0.0,0.0,0.0
27.900000000000002,6.700091483115135,0.2348020643327502,4.307892113363031,0.02199474326180125,neutral,acceptable,False,0.0,0.006227729390078754,0.31138646950393767,0.6227729390078753,0.0,0.0,0.0,0.0,0.6227729390078753,0.08918542349355862,0.0,0.6227729390078753,0.08918542349355862,0.0,0.0,0.0
28.0,6.774860132671787,0.285712832393025,4.251751830636591,0.0738623363296503,neutral,acceptable,False,0.0,0.005088054911694342,0.2544027455847171,0.5088054911694342,0.0,0.0,0.0,0.0,0.5088054911694342,0.0734810903299501,0.0,0.5088054911694342,0.0734810903299501,0.0,0.0,0.0
28.1,6.90938966805697,0.20529689670330759,4.258729385598589,0.08575936337561231,neutral,acceptable,False,0.0,0.004156940862854277,0.20784704314271385,0.4156940862854277,0.0,0.0,0.0,0.0,0.4156940862854277,0.06044987898204246,0.0,0.4156940862854277,0.06044987898204246,0.0,0.0,0.0
28.200000000000003,6.91264968176897,0.2536242529166481,4.293232767181859,0.050692156014710804,neutral,acceptable,False,0.0,0.0033962206849519443,0.16981103424759722,0.33962206849519444,0.0,0.0,0.0,0.0,0.33962206849519444,0.04966745690338625,0.0,0.33962206849519444,0.04966745690338625,0.0,0.0,0.0
28.3,6.81749279984586,0.368992584154967,4.326219273583398,0.10493453430415771,neutral,acceptable,False,0.0,0.002774712299605738,0.13873561498028691,0.27747122996057383,0.0,0.0,0.0,0.0,0.27747122996057383,0.04076643626165599,0.0,0.27747122996057383,0.04076643626165599,0.0,0.0,0.0
28.400000000000002,6.711628630665308,0.3319305823055103,4.4484857441359384,0.12909482075330758,neutral,acceptable,False,0.0,0.0022669399487778882,0.11334699743889441,0.22669399487778882,0.0,0.0,0.0,0.0,0.22669399487778882,0.03343245755489388,0.0,0.22669399487778882,0.03343245755489388,0.0,0.0,0.0
28.5,6.885277339470685,0.3066073491670202,4.550814010929952,0.23260516705314307,neutral,acceptable,False,0.0,0.0018520899381515349,0.09260449690757673,0.18520899381515346,0.0,0.0,0.0,0.0,0.18520899381515346,0.02739899633446441,0.0,0.18520899381515346,0.02739899633446441,0.0,0.0,0.0
28.6,6.913888476968269,0.28012929081834353,4.515532623225694,0.20913413518867635,neutral,acceptable,False,0.0,0.001513157479469804,0.07565787397349019,0.15131574794698038,0.0,0.0,0.0,0.0,0.15131574794698038,0.022441714892763143,0.0,0.15131574794698038,0.022441714892763143,0.0,0.0,0.0
28.700000000000003,6.940424679451752,0.28503280405531234,4.509365901920188,0.20302536657509618,neutral,acceptable,False,0.0,0.0012362496607268298,0.06181248303634149,0.12362496607268297,0.0,0.0,0.0,0.0,0.12362496607268297,0.01837286753890044,0.0,0.12362496607268297,0.01837286753890044,0.0,0.0,0.0
28.8,7.009994484709095,0.38326761001062126,4.594846633351944,0.3148868823756236,forward_slouch,poor,False,0.1,0.00101001597281382,0.05050079864069099,0.10100159728138199,0.0,0.0,0.0,0.0,0.10100159728138199,0.015036052095637187,0.0,0.10100159728138199,0.015036052095637187,0.0,0.0,0.0
28.900000000000002,6.957887736870298,0.34964598071302566,4.547694171345883,0.3952747677630253,neutral,acceptable,False,0.0,0.000825183049788891,0.04125915248944454,0.08251830497888908,0.0,0.0,0.0,0.0,0.08251830497888908,0.012301456539155042,0.0,0.08251830497888908,0.012301456539155042,0.0,0.0,0.0
29.0,6.828772170777952,0.33682339308683534,4.543955605820765,0.3848022917549662,neutral,acceptable,False,0.0,0.0006741745516775239,0.03370872758387619,0.06741745516775238,0.0,0.0,0.0,0.0,0.06741745516775238,0.010061657677330138,0.0,0.06741745516775238,0.010061657677330138,0.0,0.0,0.0
29.1,6.921088934445182,0.31170410763052164,4.569180884167626,0.3252348813427972,neutral,acceptable,False,0.0,0.0005508006087205369,0.027540030436026847,0.05508006087205369,0.0,0.0,0.0,0.0,0.05508006087205369,0.008227972534760708,0.0,0.05508006087205369,0.008227972534760708,0.0,0.0,0.0
29.200000000000003,6.843157744648161,0.40688819817320915,4.600811920580451,0.36610997615939334,neutral,acceptable,False,0.0,0.00045000409732467875,0.022500204866233935,0.04500040973246787,0.0,0.0,0.0,0.0,0.04500040973246787,0.006727330967842726,0.0,0.04500040973246787,0.006727330967842726,0.0,0.0,0.0
29.3,6.7825113495895435,0.39394276492644037,4.600608141717629,0.3128131944546188,neutral,acceptable,False,0.0,0.0003676533475142625,0.018382667375713126,0.03676533475142625,0.0,0.0,0.0,0.0,0.03676533475142625,0.005499621617146455,0.0,0.03676533475142625,0.005499621617146455,0.0,0.0,0.0
29.400000000000002,6.857783013049444,0.4069374720307108,4.6075627698074815,0.2609299587172059,neutral,acceptable,False,0.0,0.0003003727849191525,0.015018639245957623,0.030037278491915245,0.0,0.0,0.0,0.0,0.030037278491915245,0.004495456822202759,0.0,0.030037278491915245,0.004495456822202759,0.0,0.0,0.0
29.5,6.834865234888481,0.36834506110093934,4.58561778352772,0.23256715839181172,neutral,acceptable,False,0.0,0.0002454045652789476,0.012270228263947377,0.024540456527894754,0.0,0.0,0.0,0.0,0.024540456527894754,0.003674301652207501,0.0,0.024540456527894754,0.003674301652207501,0.0,0.0,0.0
29.6,6.7998053565844705,0.39492839697671805,4.5710828890423425,0.2968923455238488,neutral,acceptable,False,0.0,0.00020049552983290015,0.010024776491645007,0.020049552983290014,0.0,0.0,0.0,0.0,0.020049552983290014,0.003002915151151364,0.0,0.020049552983290014,0.003002915151151364,0.0,0.0,0.0
29.700000000000003,6.779571913359556,0.419178853128207,4.617996228646204,0.2759089556760862,neutral,acceptable,False,0.0,0.0001638048478734794,0.00819024239367397,0.01638048478734794,0.0,0.0,0.0,0.0,0.01638048478734794,0.0024540565857223973,0.0,0.01638048478734794,0.0024540565857223973,0.0,0.0,0.0
29.8,6.827258056976549,0.44111022330564836,4.536435433016172,0.3590215425314447,neutral,acceptable,False,0.0,0.0001338285607126327,0.006691428035631634,0.013382856071263268,0.0,0.0,0.0,0.0,0.013382856071263268,0.002005414873846534,0.0,0.013382856071263268,0.002005414873846534,0.0,0.0,0.0
29.900000000000002,6.732606767220337,0.5031285631318798,4.5532331006334035,0.3804042332955556,neutral,acceptable,False,0.0,0.00010933793410222091,0.005466896705111045,0.01093379341022209,0.0,0.0,0.0,0.0,0.01093379341022209,0.001638724833300742,0.0,0.01093379341022209,0.001638724833300742,0.0,0.0,0.0
30.0,6.849114311271436,0.4709352838792259,4.476496731791297,0.3590333130652572,neutral,acceptable,False,0.0,8.932909216151447e-05,0.004466454608075723,0.008932909216151447,0.0,0.0,0.0,0.0,0.008932909216151447,0.0013390390684941966,0.0,0.008932909216151447,0.0013390390684941966,0.0,0.0,0.0
30.1,6.803521272952547,0.40985842754694823,4.4432969079444105,0.4051673375779536,neutral,acceptable,False,0.0,7.298186829595732e-05,0.003649093414797866,0.007298186829595732,0.0,0.0,0.0,0.0,0.007298186829595732,0.0010941290283148497,0.0,0.007298186829595732,0.0010941290283148497,0.0,0.0,0.0
30.200000000000003,6.743240428356637,0.4368589319486506,4.40739890356816,0.3371368949203006,neutral,acceptable,False,0.0,5.962618639779713e-05,0.0029813093198898565,0.005962618639779713,0.0,0.0,0.0,0.0,0.005962618639779713,0.00089399294594672,0.0,0.005962618639779713,0.00089399294594672,0.0,0.0,0.0
30.3,6.7882950321756725,0.4415649651251001,4.416328435984855,0.30622470818694497,neutral,acceptable,False,0.0,4.871459428700025e-05,0.0024357297143500125,0.004871459428700025,0.0,0.0,0.0,0.0,0.004871459428700025,0.0007304520042551443,0.0,0.004871459428700025,0.0007304520042551443,0.0,0.0,0.0
30.400000000000002,6.7715428539973255,0.42251069388661694,4.449357609209089,0.3986060379427602,neutral,acceptable,False,0.0,3.9799823532479206e-05,0.0019899911766239602,0.0039799823532479205,0.0,0.0,0.0,0.0,0.0039799823532479205,0.0005968191855243443,0.0,0.0039799823532479205,0.0005968191855243443,0.0,0.0,0.0
30.5,6.783770447850037,0.4471448703077058,4.450849538326251,0.485212096456642,neutral,acceptable,False,0.0,3.251645582603551e-05,0.0016258227913017755,0.003251645582603551,0.0,0.0,0.0,0.0,0.003251645582603551,0.0004876279082384194,0.0,0.003251645582603551,0.0004876279082384194,0.0,0.0,0.0
30.6,6.923237231540141,0.4418517793922014,4.42645747543784,0.4360865560080316,neutral,acceptable,False,0.0,2.656594440987101e-05,0.0013282972204935505,0.002656594440987101,0.0,0.0,0.0,0.0,0.002656594440987101,0.000398409779885478,0.0,0.002656594440987101,0.000398409779885478,0.0,0.0,0.0
30.700000000000003,6.978818410286336,0.45440757856623676,4.351732867729017,0.4153627634789501,neutral,acceptable,False,0.0,2.1704376582864617e-05,0.0010852188291432308,0.0021704376582864617,0.0,0.0,0.0,0.0,0.0021704376582864617,0.0003255126579979617,0.0,0.0021704376582864617,0.0003255126579979617,0.0,0.0,0.0
30.8,6.951093478296161,0.4041410829059472,4.3759826509264785,0.4230295248004674,neutral,acceptable,False,0.0,1.7732475668200394e-05,0.0008866237834100196,0.0017732475668200392,0.0,0.0,0.0,0.0,0.0017732475668200392,0.0002659517635812403,0.0,0.0017732475668200392,0.0002659517635812403,0.0,0.0,0.0
30.900000000000002,6.941629383397723,0.35838517197236514,4.330925461718288,0.44928602877697277,neutral,acceptable,False,0.0,1.4487432620919722e-05,0.000724371631045986,0.001448743262091972,0.0,0.0,0.0,0.0,0.001448743262091972,0.00021728787888242174,0.0,0.001448743262091972,0.00021728787888242174,0.0,0.0,0.0
31.0,6.841145788967122,0.40622256227329706,4.308983712338728,0.40782837493044466,neutral,acceptable,False,0.0,1.1836232451291412e-05,0.0005918116225645706,0.0011836232451291411,0.0,0.0,0.0,0.0,0.0011836232451291411,0.0001775277268571962,0.0,0.0011836232451291411,0.0001775277268571962,0.0,0.0,0.0
31.1,7.002913547707452,0.38104276746951465,4.351654043635782,0.3996480519932194,forward_slouch,poor,False,0.1,9.670201912705082e-06,0.00048351009563525415,0.0009670201912705083,0.0,0.0,0.0,0.0,0.0009670201912705083,0.0001450425090087082,0.0,0.0009670201912705083,0.0001450425090087082,0.0,0.0,0.0
31.200000000000003,7.042075634195655,0.4092561607048203,4.418649244276669,0.36328448676962694,forward_slouch,poor,False,0.2,7.900554962680052e-06,0.0003950277481340026,0.0007900554962680052,0.0,0.0,0.0,0.0,0.0007900554962680052,0.00011850130260615543,0.0,0.0007900554962680052,0.00011850130260615543,0.0,0.0,0.0
31.3,7.107184731531917,0.42839972606809107,4.494530298822854,0.3774135779206386,forward_slouch,poor,False,0.30000000000000004,6.4547534045096025e-06,0.0003227376702254801,0.0006454753404509602,0.0,0.0,0.0,0.0,0.0006454753404509602,9.681661403670994e-05,0.0,0.0006454753404509602,9.681661403670994e-05,0.0,0.0,0.0
31.400000000000002,7.200414175768142,0.42635378899437365,4.395102410342861,0.36067236628957344,forward_slouch,poor,False,0.4,5.273533531484345e-06,0.00026367667657421724,0.0005273533531484345,0.0,0.0,0.0,0.0,0.0005273533531484345,7.90998744122362e-05,0.0,0.0005273533531484345,7.90998744122362e-05,0.0,0.0,0.0
31.5,7.111593948460862,0.4397803561901761,4.282599338082626,0.36925729841151506,forward_slouch,poor,True,0.5,0.03840462488890711,1.9202312444453553,3.8404624888907106,0.0,0.0,0.0,1.6,3.8404624888907106,0.43789655114589376,1.6,3.8404624888907106,0.43789655114589376,0.0,0.0,0.0
31.6,6.916072375292445,0.4332817241336764,4.2341527428992976,0.30070424244162003,neutral,acceptable,False,0.0,0.03137657853423711,1.5688289267118551,3.1376578534237103,0.0,0.0,0.0,0.0,3.1376578534237103,0.37540302548036886,0.0,3.1376578534237103,0.37540302548036886,0.0,0.0,0.0
31.700000000000003,6.798902146426503,0.42936218613366073,4.2800750392930285,0.31407324986761564,neutral,acceptable,False,0.0,0.025634664662471714,1.2817332331235856,2.563466466247171,0.0,0.0,0.0,0.0,2.563466466247171,0.31922264862341965,0.0,2.563466466247171,0.31922264862341965,0.0,0.0,0.0
31.8,6.820156323430836,0.5052565542744576,4.242079596288653,0.1824118128893964,neutral,acceptable,False,0.0,0.020943521029239392,1.0471760514619695,2.094352102923939,0.0,0.0,0.0,0.0,2.094352102923939,0.26959259789695267,0.0,2.094352102923939,0.26959259789695267,0.0,0.0,0.0
31.900000000000002,6.702631549742598,0.4899890831228216,4.235936951039011,0.15507232413680688,neutral,acceptable,False,0.0,0.017110856680888582,0.855542834044429,1.711085668088858,0.0,0.0,0.0,0.0,1.711085668088858,0.2263710013469472,0.0,1.711085668088858,0.2263710013469472,0.0,0.0,0.0
32.0,6.670657002536319,0.48751809835561505,4.2353740694886515,0.15270997390563748,neutral,acceptable,False,0.0,0.01397956990828597,0.6989784954142985,1.397956990828597,0.0,0.0,0.0,0.0,1.397956990828597,0.18916731130664333,0.0,1.397956990828597,0.18916731130664333,0.0,0.0,0.0
32.1,6.593565439377939,0.48791827554980605,4.30784982333871,0.054342631752374776,neutral,acceptable,False,0.0,0.011421308615069637,0.5710654307534818,1.1421308615069636,0.0,0.0,0.0,0.0,1.1421308615069636,0.1574477738876653,0.0,1.1421308615069636,0.1574477738876653,0.0,0.0,0.0
32.2,6.655319623762025,0.4963628744644867,4.27413611401932,0.09411450214587173,neutral,acceptable,False,0.0,0.009331209138511893,0.4665604569255946,0.9331209138511892,0.0,0.0,0.0,0.0,0.9331209138511892,0.1306140638659592,0.0,0.9331209138511892,0.1306140638659592,0.0,0.0,0.0
32.300000000000004,6.579006732669495,0.5492225350506569,4.333251515969951,0.10479524837603964,neutral,acceptable,False,0.0,0.007623597866164216,0.3811798933082108,0.7623597866164216,0.0,0.0,0.0,0.0,0.7623597866164216,0.10805781898459976,0.0,0.7623597866164216,0.10805781898459976,0.0,0.0,0.0
32.4,6.67176469986409,0.5310242162391191,4.3333595158274285,0.14622917577018105,neutral,acceptable,False,0.0,0.006228479456656165,0.3114239728328082,0.6228479456656164,0.0,0.0,0.0,0.0,0.6228479456656164,0.089195671009492,0.0,0.6228479456656164,0.089195671009492,0.0,0.0,0.0
32.5,6.5546884863739985,0.5398915149986225,4.38871413708537,0.18319038661363538,neutral,acceptable,False,0.0,0.005088667716088087,0.25443338580440433,0.5088667716088087,0.0,0.0,0.0,0.0,0.5088667716088087,0.07348960691368855,0.0,0.5088667716088087,0.07348960691368855,0.0,0.0,0.0
32.6,6.703885533471887,0.687310358548854,4.304451371747392,0.25170427329643263,neutral,acceptable,False,0.0,0.004157441524043967,0.20787207620219833,0.41574415240439666,0.0,0.0,0.0,0.0,0.41574415240439666,0.06045693489976811,0.0,0.41574415240439666,0.06045693489976811,0.0,0.0,0.0
32.7,6.822737805262271,0.6606403209101633,4.250253330209917,0.1928858423652479,neutral,acceptable,False,0.0,0.0033966297251439206,0.16983148625719602,0.33966297251439204,0.0,0.0,0.0,0.0,0.33966297251439204,0.04967328774858637,0.0,0.33966297251439204,0.04967328774858637,0.0,0.0,0.0
32.800000000000004,6.775450492237333,0.764916683665255,4.255535140802825,0.1701459137055639,neutral,acceptable,False,0.0,0.002775046485442583,0.13875232427212913,0.27750464854425827,0.0,0.0,0.0,0.0,0.27750464854425827,0.04077124468367255,0.0,0.27750464854425827,0.04077124468367255,0.0,0.0,0.0
32.9,6.82794676221904,0.7398803974961156,4.305340802113401,0.15677647688558136,neutral,acceptable,False,0.0,0.00226721297860659,0.1133606489303295,0.226721297860659,0.0,0.0,0.0,0.0,0.226721297860659,0.03343641607334602,0.0,0.226721297860659,0.03343641607334602,0.0,0.0,0.0
33.0,6.8449795328055485,0.8095956595056556,4.298119254261839,0.12523209346985711,neutral,acceptable,False,0.0,0.001852313003521584,0.0926156501760792,0.1852313003521584,0.0,0.0,0.0,0.0,0.1852313003521584,0.027402250633061898,0.0,0.1852313003521584,0.027402250633061898,0.0,0.0,0.0
33.1,6.862141273135803,0.7804943548122458,4.316855288377365,0.09644934052617916,neutral,acceptable,False,0.0,0.001513339723877134,0.0756669861938567,0.1513339723877134,0.0,0.0,0.0,0.0,0.1513339723877134,0.022444387207065097,0.0,0.1513339723877134,0.022444387207065097,0.0,0.0,0.0
33.2,6.883899006028112,0.7507144016963485,4.388928693389467,0.13934644505750018,neutral,acceptable,False,0.0,0.0012363985544076184,0.061819927720380925,0.12363985544076185,0.0,0.0,0.0,0.0,0.12363985544076185,0.018375059907605906,0.0,0.12363985544076185,0.018375059907605906,0.0,0.0,0.0
33.300000000000004,6.810824530642177,0.7263889173959073,4.291583231731554,0.1423520052722677,neutral,acceptable,False,0.0,0.0010101376189510243,0.050506880947551215,0.10101376189510243,0.0,0.0,0.0,0.0,0.10101376189510243,0.01503784934989072,0.0,0.10101376189510243,0.01503784934989072,0.0,0.0,0.0
33.4,6.793936915395877,0.7131439706031979,4.204597502207261,0.13851280943958874,neutral,acceptable,False,0.0,0.0008252824346829868,0.04126412173414934,0.08252824346829868,0.0,0.0,0.0,0.0,0.08252824346829868,0.012302928972784621,0.0,0.08252824346829868,0.012302928972784621,0.0,0.0,0.0
33.5,6.83149619114012,0.7137376871325448,4.283040496301716,0.26962541045096355,neutral,acceptable,False,0.0,0.0006742557491360002,0.03371278745680001,0.06742557491360002,0.0,0.0,0.0,0.0,0.06742557491360002,0.010062863383757614,0.0,0.06742557491360002,0.010062863383757614,0.0,0.0,0.0
33.6,6.970956508524537,0.7055888644074158,4.314896253654618,0.2990007323137885,neutral,acceptable,False,0.0,0.0005508669470441122,0.027543347352205608,0.055086694704411215,0.0,0.0,0.0,0.0,0.055086694704411215,0.008228959421674786,0.0,0.055086694704411215,0.008228959421674786,0.0,0.0,0.0
33.7,7.011966953811874,0.7248059468707749,4.300416969741824,0.25711356556409265,forward_slouch,poor,False,0.1,0.0004500582957350397,0.022502914786751982,0.045005829573503964,0.0,0.0,0.0,0.0,0.045005829573503964,0.006728138474510259,0.0,0.045005829573503964,0.006728138474510259,0.0,0.0,0.0
33.800000000000004,6.92415598334831,0.7336871586474808,4.295305460799673,0.20485549268673797,neutral,acceptable,False,0.0,0.00036769762761552737,0.018384881380776368,0.036769762761552735,0.0,0.0,0.0,0.0,0.036769762761552735,0.0055002821655890655,0.0,0.036769762761552735,0.0055002821655890655,0.0,0.0,0.0
33.9,7.007222534755351,0.7688512568485035,4.355680441921924,0.2643741575685784,forward_slouch,poor,False,0.1,0.00030040896176188584,0.015020448088094291,0.030040896176188582,0.0,0.0,0.0,0.0,0.030040896176188582,0.004495997035225741,0.0,0.030040896176188582,0.004495997035225741,0.0,0.0,0.0
34.0,7.100007572715878,0.7423246633908056,4.303747736264497,0.3176245870343211,forward_slouch,poor,False,0.2,0.0002454341217594607,0.012271706087973035,0.02454341217594607,0.0,0.0,0.0,0.0,0.02454341217594607,0.003674743370325917,0.0,0.02454341217594607,0.003674743370325917,0.0,0.0,0.0
34.1,7.00877861488155,0.7016078514364364,4.265939918109041,0.2971850468978016,forward_slouch,poor,False,0.30000000000000004,0.0002005196774774794,0.01002598387387397,0.02005196774774794,0.0,0.0,0.0,0.0,0.02005196774774794,0.003003276278054745,0.0,0.02005196774774794,0.003003276278054745,0.0,0.0,0.0
34.2,7.101036950129802,0.6692265664118583,4.188581180280445,0.3287623814948607,forward_slouch,poor,False,0.4,0.00016382457649910068,0.008191228824955033,0.016382457649910066,0.0,0.0,0.0,0.0,0.016382457649910066,0.0024543517888355737,0.0,0.016382457649910066,0.0024543517888355737,0.0,0.0,0.0
34.300000000000004,7.0545086819774525,0.6360445333980749,4.230119127008541,0.43622009734217077,forward_slouch,poor,False,0.5,0.00013384467899976526,0.006692233949988262,0.013384467899976524,0.0,0.0,0.0,0.0,0.013384467899976524,0.0020056561632665337,0.0,0.013384467899976524,0.0020056561632665337,0.0,0.0,0.0
34.4,7.076789184908071,0.6723162533471361,4.263249518382923,0.4253733999282346,forward_slouch,poor,False,0.6,0.00010935110274280822,0.00546755513714041,0.01093511027428082,0.0,0.0,0.0,0.0,0.01093511027428082,0.001638922039193469,0.0,0.01093511027428082,0.001638922039193469,0.0,0.0,0.0
34.5,6.944584942967636,0.6457499221689568,4.175521756829271,0.4531927180920706,forward_slouch,poor,True,0.7,0.03849590091710545,1.924795045855272,3.849590091710544,0.0,0.0,0.0,1.6,3.849590091710544,0.438665623095728,1.6,3.849590091710544,0.438665623095728,0.0,0.0,0.0
34.6,6.758542710449364,0.6773044608415651,4.123560649762053,0.5196186328922766,neutral,acceptable,False,0.0,0.03145115104927514,1.5725575524637572,3.1451151049275143,0.0,0.0,0.0,0.0,3.1451151049275143,0.3761013013752633,0.0,3.1451151049275143,0.3761013013752633,0.0,0.0,0.0
34.7,6.817716888839563,0.6811473965946038,4.077033640966424,0.5366020394738336,neutral,acceptable,False,0.0,0.02569559040725779,1.2847795203628896,2.569559040725779,0.0,0.0,0.0,0.0,2.569559040725779,0.3198445174289788,0.0,2.569559040725779,0.3198445174289788,0.0,0.0,0.0
34.800000000000004,6.814781151779035,0.7057096997173262,4.030839272717029,0.5808331421067292,neutral,acceptable,False,0.0,0.020993297362729618,1.0496648681364809,2.0993297362729617,0.0,0.0,0.0,0.0,2.0993297362729617,0.27013774939076973,0.0,2.0993297362729617,0.27013774939076973,0.0,0.0,0.0
34.9,6.8336576575444425,0.6913746263798243,4.107246993369816,0.5410699716897424,neutral,acceptable,False,0.0,0.0171515239453501,0.8575761972675049,1.7151523945350098,0.0,0.0,0.0,0.0,1.7151523945350098,0.22684277806455355,0.0,1.7151523945350098,0.22684277806455355,0.0,0.0,0.0
35.0,6.799119082972793,0.691011737467564,3.999665379455652,0.5093395630983513,neutral,acceptable,False,0.0,0.01401279506335103,0.7006397531675514,1.401279506335103,0.0,0.0,0.0,0.0,1.401279506335103,0.18957131125327942,0.0,1.401279506335103,0.18957131125327942,0.0,0.0,0.0
35.1,6.76517006033785,0.6594100232921706,3.9318483914273914,0.5552091002980543,neutral,acceptable,False,0.0,0.01144845356675779,0.5724226783378895,1.144845356675779,0.0,0.0,0.0,0.0,1.144845356675779,0.15779076964549044,0.0,1.144845356675779,0.15779076964549044,0.0,0.0,0.0
35.2,6.7605636329221515,0.61268702532159,3.9160995597260286,0.521742184746669,neutral,acceptable,False,0.0,0.009353386564041116,0.46766932820205576,0.9353386564041115,0.0,0.0,0.0,0.0,0.9353386564041115,0.13090322689442757,0.0,0.9353386564041115,0.13090322689442757,0.0,0.0,0.0
35.300000000000004,6.667198938763153,0.5960053109652685,3.9467464332046602,0.4615749077719386,neutral,acceptable,False,0.0,0.007641716822821592,0.3820858411410796,0.7641716822821591,0.0,0.0,0.0,0.0,0.7641716822821591,0.10830020197093715,0.0,0.7641716822821591,0.10830020197093715,0.0,0.0,0.0
35.4,6.672398001561842,0.5789690340238446,3.9978939416834915,0.43717603364090823,neutral,acceptable,False,0.0,0.006243282644245241,0.312164132212262,0.624328264424524,0.0,0.0,0.0,0.0,0.624328264424524,0.08939789066752946,0.0,0.624328264424524,0.08939789066752946,0.0,0.0,0.0
35.5,6.672787494967524,0.560447394290129,4.067605722032161,0.4218750184873732,neutral,acceptable,False,0.0,0.005100761920348361,0.25503809601741806,0.5100761920348361,0.0,0.0,0.0,0.0,0.5100761920348361,0.07365767275770652,0.0,0.5100761920348361,0.07365767275770652,0.0,0.0,0.0
35.6,6.691133190881608,0.5867361129698019,4.096359857067341,0.47891335238920113,neutral,acceptable,False,0.0,0.004167322488924611,0.20836612444623054,0.4167322488924611,0.0,0.0,0.0,0.0,0.4167322488924611,0.06059617846100929,0.0,0.4167322488924611,0.06059617846100929,0.0,0.0,0.0
35.7,6.827703170778195,0.6662057995497705,4.067044751359384,0.4748345110301564,neutral,acceptable,False,0.0,0.0034047024734514073,0.17023512367257035,0.3404702473451407,0.0,0.0,0.0,0.0,0.3404702473451407,0.04978835700687534,0.0,0.3404702473451407,0.04978835700687534,0.0,0.0,0.0
35.800000000000004,6.815188042808957,0.6470588114718079,4.022881698540587,0.47253710070148136,neutral,acceptable,False,0.0,0.0027816419208097996,0.13908209604048996,0.2781641920809799,0.0,0.0,0.0,0.0,0.2781641920809799,0.040866137958497695,0.0,0.2781641920809799,0.040866137958497695,0.0,0.0,0.0
35.9,6.815140688251366,0.714334390977776,3.9868436600884483,0.5021573229592042,neutral,acceptable,False,0.0,0.002272601449301606,0.11363007246508029,0.22726014493016058,0.0,0.0,0.0,0.0,0.22726014493016058,0.0335145374093474,0.0,0.22726014493016058,0.0335145374093474,0.0,0.0,0.0
36.0,6.866052637243538,0.6933471410971184,3.9293186298964624,0.5824075203331585,neutral,acceptable,False,0.0,0.0018567153840794123,0.0928357692039706,0.1856715384079412,0.0,0.0,0.0,0.0,0.1856715384079412,0.027466474693833898,0.0,0.1856715384079412,0.027466474693833898,0.0,0.0,0.0
36.1,6.842050006889868,0.7440198211312555,4.01445939857966,0.557333109930386,neutral,acceptable,False,0.0,0.0015169364687928797,0.07584682343964398,0.15169364687928796,0.0,0.0,0.0,0.0,0.15169364687928796,0.02249712605709342,0.0,0.15169364687928796,0.02249712605709342,0.0,0.0,0.0
36.2,6.976031800274472,0.7194710540200453,4.116904700807225,0.5625325040265199,neutral,acceptable,False,0.0,0.0012393370950037827,0.061966854750189135,0.12393370950037827,0.0,0.0,0.0,0.0,0.12393370950037827,0.018418327125080403,0.0,0.12393370950037827,0.018418327125080403,0.0,0.0,0.0
36.300000000000004,6.995569166331193,0.7567266072074624,4.093531618518036,0.48479368099764464,neutral,acceptable,False,0.0,0.0010125384066180907,0.050626920330904525,0.10125384066180905,0.0,0.0,0.0,0.0,0.10125384066180905,0.015073318985981077,0.0,0.10125384066180905,0.015073318985981077,0.0,0.0,0.0
36.4,7.097079242478517,0.7679619506369367,4.069957192998279,0.48198464908380945,forward_slouch,poor,False,0.1,0.00082724387820698,0.041362193910348996,0.08272438782069799,0.0,0.0,0.0,0.0,0.08272438782069799,0.012331988225651402,0.0,0.08272438782069799,0.012331988225651402,0.0,0.0,0.0
36.5,7.038480619650317,0.7591564845471158,4.085046112236352,0.4432786403004357,forward_slouch,poor,False,0.2,0.0006758582484951026,0.03379291242475513,0.06758582484951026,0.0,0.0,0.0,0.0,0.06758582484951026,0.01008665870217118,0.0,0.06758582484951026,0.01008665870217118,0.0,0.0,0.0
36.6,7.097497133797037,0.7819144577490832,4.164529794365423,0.4440883564827753,forward_slouch,poor,False,0.30000000000000004,0.0005521761890204988,0.027608809451024938,0.055217618902049875,0.0,0.0,0.0,0.0,0.055217618902049875,0.00824843625458438,0.0,0.055217618902049875,0.00824843625458438,0.0,0.0,0.0
36.7,7.104697155251875,0.7954853414033188,4.06597745862284,0.38928456777983694,forward_slouch,poor,False,0.4,0.00045112794642974746,0.022556397321487374,0.04511279464297475,0.0,0.0,0.0,0.0,0.04511279464297475,0.006744075155710516,0.0,0.04511279464297475,0.006744075155710516,0.0,0.0,0.0
36.800000000000004,7.052988789299495,0.7844563855444957,4.026988074706598,0.403852885697904,forward_slouch,poor,False,0.5,0.0003685715322331037,0.018428576611655183,0.03685715322331037,0.0,0.0,0.0,0.0,0.03685715322331037,0.005513318548578616,0.0,0.03685715322331037,0.005513318548578616,0.0,0.0,0.0
36.9,7.021766693996483,0.8071749486047192,3.9749323558043677,0.36911339557106454,forward_slouch,poor,False,0.6,0.00030112294183444574,0.015056147091722285,0.03011229418344457,0.0,0.0,0.0,0.0,0.03011229418344457,0.0045066585284390115,0.0,0.03011229418344457,0.0045066585284390115,0.0,0.0,0.0
37.0,7.036593396267161,0.8119126158137419,3.97302015147256,0.366547969187961,forward_slouch,poor,False,0.7,0.00024601744347874213,0.012300872173937107,0.024601744347874214,0.0,0.0,0.0,0.0,0.024601744347874214,0.003683461004611921,0.0,0.024601744347874214,0.003683461004611921,0.0,0.0,0.0
37.1,6.923453293365316,0.8352803680035699,4.062128690148755,0.37454434773859085,neutral,acceptable,False,0.0,0.00020099625132213232,0.010049812566106616,0.020099625132213233,0.0,0.0,0.0,0.0,0.020099625132213233,0.0030104033910062222,0.0,0.020099625132213233,0.0030104033910062222,0.0,0.0,0.0
37.2,6.9352119387138,0.8387454127426555,4.054195041859649,0.42981633464398,neutral,acceptable,False,0.0,0.00016421393733018213,0.008210696866509106,0.01642139373301821,0.0,0.0,0.0,0.0,0.01642139373301821,0.0024601778498617444,0.0,0.01642139373301821,0.0024601778498617444,0.0,0.0,0.0
37.300000000000004,6.875767206361739,0.8608514596087932,4.155118568395885,0.4094986430902531,neutral,acceptable,False,0.0,0.00013416278679875878,0.006708139339937939,0.013416278679875878,0.0,0.0,0.0,0.0,0.013416278679875878,0.0020104181986670966,0.0,0.013416278679875878,0.0020104181986670966,0.0,0.0,0.0
37.4,7.002130872611489,0.9921946945968109,4.1969201050952805,0.4472554266865291,forward_slouch,poor,False,0.1,0.00010961099681458594,0.0054805498407292964,0.010961099681458593,0.0,0.0,0.0,0.0,0.010961099681458593,0.001642814053491981,0.0,0.010961099681458593,0.001642814053491981,0.0,0.0,0.0
37.5,6.995461365696917,0.9898559155763064,4.144237535084504,0.38889005787809616,neutral,acceptable,False,0.0,8.95521843975167e-05,0.004477609219875835,0.00895521843975167,0.0,0.0,0.0,0.0,0.00895521843975167,0.0013423809655043195,0.0,0.00895521843975167,0.0013423809655043195,0.0,0.0,0.0
37.6,7.038663712193163,0.9841413610256728,4.159950310421612,0.2062268093046286,forward_slouch,poor,False,0.1,7.316413465277114e-05,0.0036582067326385572,0.0073164134652771145,0.0,0.0,0.0,0.0,0.0073164134652771145,0.0010968600285901076,0.0,0.0073164134652771145,0.0010968600285901076,0.0,0.0,0.0
37.7,6.96070785067641,0.926922888503549,4.29532906840983,0.2503662817772128,neutral,acceptable,False,0.0,5.977509801131403e-05,0.002988754900565701,0.005977509801131402,0.0,0.0,0.0,0.0,0.005977509801131402,0.0008962246207681046,0.0,0.005977509801131402,0.0008962246207681046,0.0,0.0,0.0
37.800000000000004,7.108932073875755,0.9521284415225615,4.340683014100088,0.2403051589074333,forward_slouch,poor,False,0.1,4.8836255075243565e-05,0.002441812753762178,0.004883625507524356,0.0,0.0,0.0,0.0,0.004883625507524356,0.0007322755814044291,0.0,0.004883625507524356,0.0007322755814044291,0.0,0.0,0.0
37.9,7.067220665947783,0.9625925462644888,4.322664099653714,0.20966689572765151,forward_slouch,poor,False,0.2,3.989922039647399e-05,0.0019949610198236995,0.003989922039647399,0.0,0.0,0.0,0.0,0.003989922039647399,0.0005983092475441154,0.0,0.003989922039647399,0.0005983092475441154,0.0,0.0,0.0
38.0,7.055241848335458,0.9056651671557907,4.41241026551612,0.21269844978826324,forward_slouch,poor,False,0.30000000000000004,3.259766306391925e-05,0.0016298831531959624,0.0032597663063919247,0.0,0.0,0.0,0.0,0.0032597663063919247,0.0004888454220813854,0.0,0.0032597663063919247,0.0004888454220813854,0.0,0.0,0.0
38.1,7.120525437656871,0.9336600830735226,4.424776329259236,0.27920077193460846,forward_slouch,poor,False,0.4,2.6632290723222028e-05,0.0013316145361611013,0.0026632290723222025,0.0,0.0,0.0,0.0,0.0026632290723222025,0.00039940457759546355,0.0,0.0026632290723222025,0.00039940457759546355,0.0,0.0,0.0
38.2,7.182287704357493,0.9238984791208066,4.3976811105315,0.3826571396229903,forward_slouch,poor,True,0.5,0.038423356518964266,1.9211678259482132,3.8423356518964265,0.0,0.0,0.0,1.6,3.8423356518964265,0.43805446566774875,1.6,3.8423356518964265,0.43805446566774875,0.0,0.0,0.0
38.300000000000004,7.143280113967817,0.8730487323987574,4.408114942991999,0.30074096555462176,forward_slouch,poor,False,0.6,0.03139188227599381,1.5695941137996903,3.1391882275993805,0.0,0.0,0.0,0.0,3.1391882275993805,0.3755463890867432,0.0,3.1391882275993805,0.3755463890867432,0.0,0.0,0.0
38.400000000000006,7.128857524765588,0.918667948365332,4.302046450577084,0.2616250415510862,forward_slouch,poor,False,0.7,0.02564716781948694,1.282358390974347,2.564716781948694,0.0,0.0,0.0,0.0,2.564716781948694,0.3193503146430834,0.0,2.564716781948694,0.3193503146430834,0.0,0.0,0.0
38.5,7.052327211771996,0.8591143049190991,4.353415433805704,0.3469306040390378,forward_slouch,poor,False,0.7999999999999999,0.020953736108520832,1.0476868054260415,2.095373610852083,0.0,0.0,0.0,0.0,2.095373610852083,0.2697045068658448,0.0,2.095373610852083,0.2697045068658448,0.0,0.0,0.0
38.6,6.888880421298606,0.8158932921680481,4.2588082730669345,0.2928574856645223,neutral,acceptable,False,0.0,0.01711920240066152,0.855960120033076,1.711920240066152,0.0,0.0,0.0,0.0,1.711920240066152,0.2264678426477077,0.0,1.711920240066152,0.2264678426477077,0.0,0.0,0.0
38.7,6.9601504728109465,0.8156306278660332,4.239934512393339,0.3266017370087498,neutral,acceptable,False,0.0,0.01398638836134046,0.699319418067023,1.398638836134046,0.0,0.0,0.0,0.0,1.398638836134046,0.1892502364352563,0.0,1.398638836134046,0.1892502364352563,0.0,0.0,0.0
38.800000000000004,7.088617200413849,0.8460196686810282,4.227715969673589,0.26357123122497345,forward_slouch,poor,False,0.1,0.011426879291215157,0.5713439645607578,1.1426879291215155,0.0,0.0,0.0,0.0,1.1426879291215155,0.15751817473008256,0.0,1.1426879291215155,0.15751817473008256,0.0,0.0,0.0
38.900000000000006,7.1105253531032915,0.9040160683060728,4.26816000976551,0.1997165386775388,forward_slouch,poor,False,0.2,0.009335760380922783,0.4667880190461391,0.9335760380922782,0.0,0.0,0.0,0.0,0.9335760380922782,0.13067341363223184,0.0,0.9335760380922782,0.13067341363223184,0.0,0.0,0.0
39.0,7.222272809561032,0.980256052200818,4.318766650588163,0.15007024400625335,forward_slouch,poor,False,0.30000000000000004,0.007627316231213913,0.3813658115606956,0.7627316231213912,0.0,0.0,0.0,0.0,0.7627316231213912,0.108107566096736,0.0,0.7627316231213912,0.108107566096736,0.0,0.0,0.0
39.1,7.20089325416542,0.9673150810326193,4.313208198709462,0.1596011214184072,forward_slouch,poor,False,0.4,0.006231517360901766,0.3115758680450883,0.6231517360901766,0.0,0.0,0.0,0.0,0.6231517360901766,0.08923717410893584,0.0,0.6231517360901766,0.08923717410893584,0.0,0.0,0.0
39.2,7.151394750125163,1.0182500769131906,4.25880358674329,0.22679267601862604,forward_slouch,poor,False,0.5,0.005091149683856743,0.25455748419283714,0.5091149683856743,0.0,0.0,0.0,0.0,0.5091149683856743,0.07352409980560215,0.0,0.5091149683856743,0.07352409980560215,0.0,0.0,0.0
39.300000000000004,7.170826346033584,1.0168477552262851,4.3011614518705485,0.20761285211157535,forward_slouch,poor,False,0.6,0.004159469291710959,0.20797346458554794,0.4159469291710959,0.0,0.0,0.0,0.0,0.4159469291710959,0.060485512090894034,0.0,0.4159469291710959,0.060485512090894034,0.0,0.0,0.0
39.400000000000006,7.059078822605348,0.955601921252768,4.397945884222712,0.12739281648544967,forward_slouch,poor,False,0.7,0.0033982864113278537,0.16991432056639266,0.3398286411327853,0.0,0.0,0.0,0.0,0.3398286411327853,0.049696903352173916,0.0,0.3398286411327853,0.049696903352173916,0.0,0.0,0.0
39.5,7.205464225713057,0.9774106953233821,4.438479641045132,0.08213008979827477,forward_slouch,poor,False,0.7999999999999999,0.0027763999980548563,0.1388199999027428,0.2776399998054856,0.0,0.0,0.0,0.0,0.2776399998054856,0.04079071940925294,0.0,0.2776399998054856,0.04079071940925294,0.0,0.0,0.0
39.6,7.221386714830742,0.998180162315405,4.442024786137226,0.1519412858741308,forward_slouch,poor,False,0.8999999999999999,0.002268318798410817,0.11341593992054086,0.22683187984108172,0.0,0.0,0.0,0.0,0.22683187984108172,0.03345244861767471,0.0,0.22683187984108172,0.03345244861767471,0.0,0.0,0.0
39.7,7.325053651220449,1.0053263481767425,4.51868125924062,0.27966587480064276,forward_slouch,poor,False,0.9999999999999999,0.0018532164583016375,0.09266082291508188,0.18532164583016375,0.0,0.0,0.0,0.0,0.18532164583016375,0.027415431015038627,0.0,0.18532164583016375,0.027415431015038627,0.0,0.0,0.0
39.800000000000004,7.291177547945866,1.0672831142625374,4.526672950005747,0.17989723202832045,forward_slouch,poor,False,1.0999999999999999,0.001514077846432438,0.07570389232162189,0.15140778464324378,0.0,0.0,0.0,0.0,0.15140778464324378,0.022455210484851218,0.0,0.15140778464324378,0.022455210484851218,0.0,0.0,0.0
39.900000000000006,7.280612535511839,1.106818804480504,4.500603498024567,0.1056266705976423,forward_slouch,poor,False,1.2,0.0012370016005353018,0.061850080026765085,0.12370016005353017,0.0,0.0,0.0,0.0,0.12370016005353017,0.018383939344229994,0.0,0.12370016005353017,0.018383939344229994,0.0,0.0,0.0
40.0,7.240589718661496,1.1240841937403092,4.568987904795628,0.09331525522770578,forward_slouch,poor,False,1.3,0.0010106303076373416,0.05053151538186707,0.10106303076373414,0.0,0.0,0.0,0.0,0.10106303076373414,0.01504512851861417,0.0,0.10106303076373414,0.01504512851861417,0.0,0.0,0.0
40.1,7.19481995885957,1.1284123206832748,4.46782001548116,0.05457609417667535,forward_slouch,poor,False,1.4000000000000001,0.0008256849613397081,0.0412842480669854,0.0825684961339708,0.0,0.0,0.0,0.0,0.0825684961339708,0.012308892570778607,0.0,0.0825684961339708,0.012308892570778607,0.0,0.0,0.0
40.2,7.178583304356323,1.2161384327244336,4.434643985964526,-0.022765808523404475,forward_slouch,poor,False,1.5000000000000002,0.0006745846134145415,0.03372923067072707,0.06745846134145414,0.0,0.0,0.0,0.0,0.06745846134145414,0.010067746696146518,0.0,0.06745846134145414,0.010067746696146518,0.0,0.0,0.0
40.300000000000004,7.0332064871537145,1.2229392731266657,4.4387406183797165,-0.020946817540551426,forward_slouch,poor,False,1.6000000000000003,0.0005511356291596803,0.027556781457984014,0.05511356291596803,0.0,0.0,0.0,0.0,0.05511356291596803,0.008232956480740405,0.0,0.05511356291596803,0.008232956480740405,0.0,0.0,0.0
40.400000000000006,7.02591592457089,1.1952936714928948,4.5100672956855385,0.019858708166430667,forward_slouch,poor,False,1.7000000000000004,0.0004502778090234588,0.02251389045117294,0.04502778090234588,0.0,0.0,0.0,0.0,0.04502778090234588,0.0067314090147150285,0.0,0.04502778090234588,0.0067314090147150285,0.0,0.0,0.0
40.5,7.010676587633534,1.1957770399239724,4.599098946293333,0.06752510479822711,forward_slouch,poor,False,1.8000000000000005,0.00036787696997216585,0.01839384849860829,0.03678769699721658,0.0,0.0,0.0,0.0,0.03678769699721658,0.005502957500836625,0.0,0.03678769699721658,0.005502957500836625,0.0,0.0,0.0
40.6,7.0035916513849195,1.2432135715781174,4.630621301931364,0.05853960589260586,forward_slouch,poor,False,1.9000000000000006,0.0003005554844672595,0.015027774223362973,0.030055548446725946,0.0,0.0,0.0,0.0,0.030055548446725946,0.004498184991917231,0.0,0.030055548446725946,0.004498184991917231,0.0,0.0,0.0
40.7,7.004724490493885,1.2355431922335074,4.748320301963644,0.06345537718856951,forward_slouch,poor,False,2.0000000000000004,0.000245553830809751,0.012277691540487549,0.024555383080975098,0.0,0.0,0.0,0.0,0.024555383080975098,0.0036765324059734317,0.0,0.024555383080975098,0.0036765324059734317,0.0,0.0,0.0
40.800000000000004,7.00199727905257,1.2475405813350169,4.819796040097159,0.040317929216723385,forward_slouch,poor,False,2.1000000000000005,0.00020061747977156657,0.010030873988578328,0.020061747977156656,0.0,0.0,0.0,0.0,0.020061747977156656,0.0030047389054834728,0.0,0.020061747977156656,0.0030047389054834728,0.0,0.0,0.0
40.900000000000006,7.015934174058723,1.220786275308789,4.784519574920158,-0.05126170450510838,forward_slouch,poor,False,2.2000000000000006,0.0001639044809733699,0.008195224048668494,0.016390448097336988,0.0,0.0,0.0,0.0,0.016390448097336988,0.0024555474135278255,0.0,0.016390448097336988,0.0024555474135278255,0.0,0.0,0.0
41.0,6.992136767744139,1.144485368848922,4.791630008561305,-0.11476654466333784,neutral,acceptable,False,0.0,0.00013390996095524318,0.006695498047762159,0.013390996095524318,0.0,0.0,0.0,0.0,0.013390996095524318,0.002006633428122906,0.0,0.013390996095524318,0.002006633428122906,0.0,0.0,0.0
41.1,7.1136674282086485,1.120289343927255,4.786135538338696,-0.06974730737537124,forward_slouch,poor,False,0.1,0.00010940443810043368,0.005470221905021683,0.010940443810043367,0.0,0.0,0.0,0.0,0.010940443810043367,0.0016397207580509665,0.0,0.010940443810043367,0.0016397207580509665,0.0,0.0,0.0
41.2,7.099788874462453,1.124300248437241,4.710661859915377,0.02623364310220763,forward_slouch,poor,False,0.2,8.938342592805431e-05,0.004469171296402715,0.00893834259280543,0.0,0.0,0.0,0.0,0.00893834259280543,0.0013398529833350548,0.0,0.00893834259280543,0.0013398529833350548,0.0,0.0,0.0
41.300000000000004,7.0050292185922585,1.1523048887060816,4.714792642745693,0.015573354638989673,forward_slouch,poor,False,0.30000000000000004,7.302625898322037e-05,0.0036513129491610183,0.007302625898322037,0.0,0.0,0.0,0.0,0.007302625898322037,0.0010947941598652422,0.0,0.007302625898322037,0.0010947941598652422,0.0,0.0,0.0
41.400000000000006,6.979718172253482,1.1431499251799144,4.7235522474041005,0.038664360072212495,neutral,acceptable,False,0.0,5.966245358929104e-05,0.002983122679464552,0.005966245358929104,0.0,0.0,0.0,0.0,0.005966245358929104,0.0008945364673321743,0.0,0.005966245358929104,0.0008945364673321743,0.0,0.0,0.0
41.5,7.0130648426532884,1.182133905526595,4.884542322079277,0.05908294172807358,forward_slouch,poor,False,0.1,4.874422458245079e-05,0.002437211229122539,0.004874422458245078,0.0,0.0,0.0,0.0,0.004874422458245078,0.0007308961339356213,0.0,0.004874422458245078,0.0007308961339356213,0.0,0.0,0.0
41.6,6.939211996938881,1.1466684978301922,4.866918417990631,0.11605803109166193,neutral,acceptable,False,0.0,3.982403148386229e-05,0.0019912015741931142,0.0039824031483862285,0.0,0.0,0.0,0.0,0.0039824031483862285,0.0005971820880127376,0.0,0.0039824031483862285,0.0005971820880127376,0.0,0.0,0.0
41.7,6.98958611320295,1.1523601698242185,4.808553614725158,0.1246591911070489,neutral,acceptable,False,0.0,3.253623372231549e-05,0.0016268116861157744,0.0032536233722315487,0.0,0.0,0.0,0.0,0.0032536233722315487,0.0004879244319747622,0.0,0.0032536233722315487,0.0004879244319747622,0.0,0.0,0.0
41.800000000000004,7.033011902186008,1.158049146476447,4.811005636452721,0.1248353387125475,forward_slouch,poor,False,0.1,2.6582102951131758e-05,0.0013291051475565877,0.0026582102951131755,0.0,0.0,0.0,0.0,0.0026582102951131755,0.0003986520614092104,0.0,0.0026582102951131755,0.0003986520614092104,0.0,0.0,0.0
41.900000000000006,7.0047922152990605,1.180042420188472,4.834869304879367,0.1468487958100568,forward_slouch,poor,False,0.2,2.1717578111074642e-05,0.001085878905553732,0.002171757811107464,0.0,0.0,0.0,0.0,0.002171757811107464,0.0003257106164424872,0.0,0.002171757811107464,0.0003257106164424872,0.0,0.0,0.0
42.0,7.1874534032545006,1.1568889058271121,4.872358990258902,0.1357749646310989,forward_slouch,poor,False,0.30000000000000004,1.774326131674798e-05,0.0008871630658373991,0.0017743261316747981,0.0,0.0,0.0,0.0,0.0017743261316747981,0.00026611350526939415,0.0,0.0017743261316747981,0.00026611350526939415,0.0,0.0,0.0
42.1,7.123583248978045,1.0365606292976695,4.879067223340308,0.16474978918419358,forward_slouch,poor,False,0.4,1.4496244495783101e-05,0.000724812224789155,0.00144962444957831,0.0,0.0,0.0,0.0,0.00144962444957831,0.00021742002827596085,0.0,0.00144962444957831,0.00021742002827596085,0.0,0.0,0.0
42.2,7.135072945876695,0.9702348972027116,4.8680028024488795,0.13289964142997218,forward_slouch,poor,True,0.5,0.03841271320642281,1.9206356603211403,3.8412713206422806,0.0,0.0,0.0,1.6,3.8412713206422806,0.43796474407662966,1.6,3.8412713206422806,0.43796474407662966,0.0,0.0,0.0
42.300000000000004,7.038286079212067,0.9981447188803066,4.8153741580335545,0.12233998250276835,forward_slouch,poor,False,0.6,0.03138318668964743,1.5691593344823715,3.138318668964743,0.0,0.0,0.0,0.0,3.138318668964743,0.3754649339202104,0.0,3.138318668964743,0.3754649339202104,0.0,0.0,0.0
42.400000000000006,7.003912875137657,0.9417134779195105,4.796770318180562,0.13767059531219733,forward_slouch,poor,False,0.7,0.025640063525441955,1.2820031762720976,2.564006352544195,0.0,0.0,0.0,0.0,2.564006352544195,0.31927777774563004,0.0,2.564006352544195,0.31927777774563004,0.0,0.0,0.0
42.5,6.918629296063502,0.9852375586040795,4.810893791422537,0.11278851836472215,neutral,acceptable,False,0.0,0.02094793190028607,1.0473965950143036,2.094793190028607,0.0,0.0,0.0,0.0,2.094793190028607,0.2696409222912233,0.0,2.094793190028607,0.2696409222912233,0.0,0.0,0.0
42.6,6.899172559138846,1.0510472847062102,4.689781728610898,0.10140273532287127,neutral,acceptable,False,0.0,0.01711446036253372,0.855723018126686,1.711446036253372,0.0,0.0,0.0,0.0,1.711446036253372,0.22641281890604714,0.0,1.711446036253372,0.22641281890604714,0.0,0.0,0.0
42.7,6.8178234616948705,1.1052836806718909,4.631516362015395,0.11554362210966676,neutral,acceptable,False,0.0,0.013982514116190052,0.6991257058095025,1.398251411619005,0.0,0.0,0.0,0.0,1.398251411619005,0.18920311941610268,0.0,1.398251411619005,0.18920311941610268,0.0,0.0,0.0
42.800000000000004,6.881101629151343,1.0914678307121768,4.6567258612767,0.048285300097348854,neutral,acceptable,False,0.0,0.011423714032927272,0.5711857016463635,1.142371403292727,0.0,0.0,0.0,0.0,1.142371403292727,0.1574781736917905,0.0,1.142371403292727,0.1574781736917905,0.0,0.0,0.0
42.900000000000006,7.046803537361405,1.0122796887222938,4.656583530262724,0.06323415360542854,forward_slouch,poor,False,0.1,0.009333174364901579,0.466658718245079,0.933317436490158,0.0,0.0,0.0,0.0,0.933317436490158,0.13063969159099287,0.0,0.933317436490158,0.13063969159099287,0.0,0.0,0.0
43.0,7.175899079571038,1.0243034042027233,4.712274825380746,-0.08625578929214633,forward_slouch,poor,False,0.2,0.007625203456124591,0.38126017280622954,0.7625203456124591,0.0,0.0,0.0,0.0,0.7625203456124591,0.10807930012709055,0.0,0.7625203456124591,0.10807930012709055,0.0,0.0,0.0
43.1,7.000392932021296,0.9901809053464133,4.641369617480442,-0.11112841908264862,forward_slouch,poor,False,0.30000000000000004,0.00622979122365379,0.3114895611826895,0.622979122365379,0.0,0.0,0.0,0.0,0.622979122365379,0.08921359227907844,0.0,0.622979122365379,0.08921359227907844,0.0,0.0,0.0
43.2,7.065674222550718,0.9609552089559406,4.595293173004722,-0.07876471619183865,forward_slouch,poor,False,0.4,0.005089739429725147,0.2544869714862573,0.5089739429725146,0.0,0.0,0.0,0.0,0.5089739429725146,0.07350450110131812,0.0,0.5089739429725146,0.07350450110131812,0.0,0.0,0.0
43.300000000000004,7.1243772853588325,0.9548095632160547,4.502951243171294,-0.18949574529069163,forward_slouch,poor,False,0.5,0.004158317114085445,0.20791585570427223,0.41583171140854447,0.0,0.0,0.0,0.0,0.41583171140854447,0.06046927463700402,0.0,0.41583171140854447,0.06046927463700402,0.0,0.0,0.0
43.400000000000006,7.265337760209128,0.9306247883444655,4.499450748149334,-0.18193448409555238,forward_slouch,poor,False,0.6,0.0033973450822078082,0.16986725411039041,0.33973450822078083,0.0,0.0,0.0,0.0,0.33973450822078083,0.04968348503777509,0.0,0.33973450822078083,0.04968348503777509,0.0,0.0,0.0
43.5,7.189921366597125,1.0411503496265913,4.40559016754203,-0.2760912751839737,forward_slouch,poor,False,0.7,0.0027756309321637796,0.13878154660818898,0.27756309321637795,0.0,0.0,0.0,0.0,0.27756309321637795,0.04077965391832572,0.0,0.27756309321637795,0.04077965391832572,0.0,0.0,0.0
43.6,7.331415282162477,0.9183006618469909,4.346425005070379,-0.2718587310589323,forward_slouch,poor,False,0.7999999999999999,0.002267690471577808,0.1133845235788904,0.2267690471577808,0.0,0.0,0.0,0.0,0.2267690471577808,0.03344333895831719,0.0,0.2267690471577808,0.03344333895831719,0.0,0.0,0.0
43.7,7.409519322670804,0.8101938940302844,4.366118159337652,-0.29805037952580954,forward_slouch,poor,False,0.8999999999999999,0.001852703115279069,0.09263515576395345,0.1852703115279069,0.0,0.0,0.0,0.0,0.1852703115279069,0.027407941943670022,0.0,0.1852703115279069,0.027407941943670022,0.0,0.0,0.0
43.800000000000004,7.5077277662559805,0.7427976810382368,4.297804484785413,-0.2391808111525332,forward_slouch,poor,False,0.9999999999999999,0.0015136584451829994,0.07568292225914997,0.15136584451829993,0.0,0.0,0.0,0.0,0.15136584451829993,0.022449060712915414,0.0,0.15136584451829993,0.022449060712915414,0.0,0.0,0.0
43.900000000000006,7.60658725949639,0.7179743099510664,4.319831477017514,-0.27317092403203563,forward_slouch,poor,False,1.0999999999999999,0.0012366589497145104,0.06183294748572552,0.12366589497145104,0.0,0.0,0.0,0.0,0.12366589497145104,0.018378894058030837,0.0,0.12366589497145104,0.018378894058030837,0.0,0.0,0.0
44.0,7.626875205509007,0.7753119906919611,4.468589652553648,-0.25011094427141406,forward_slouch,poor,False,1.2,0.0010103503619167552,0.05051751809583775,0.1010350361916755,0.0,0.0,0.0,0.0,0.1010350361916755,0.015040992501411554,0.0,0.1010350361916755,0.015040992501411554,0.0,0.0,0.0
44.1,7.637360924762788,0.696270833082128,4.423060917729639,-0.2906890666405553,forward_slouch,poor,False,1.3,0.0008254562456859889,0.041272812284299444,0.08254562456859889,0.0,0.0,0.0,0.0,0.08254562456859889,0.012305504058706451,0.0,0.08254562456859889,0.012305504058706451,0.0,0.0,0.0
44.2,7.5670808892575625,0.6834944121595256,4.40647824082219,-0.30496091952935184,forward_slouch,poor,False,1.4000000000000001,0.0006743977527254529,0.03371988763627264,0.06743977527254529,0.0,0.0,0.0,0.0,0.06743977527254529,0.01006497200091283,0.0,0.06743977527254529,0.01006497200091283,0.0,0.0,0.0
44.300000000000004,7.518791679908357,0.7114320181904555,4.329834052148951,-0.3379897334967465,forward_slouch,poor,False,1.5000000000000002,0.000550982963976695,0.02754914819883475,0.0550982963976695,0.0,0.0,0.0,0.0,0.0550982963976695,0.008230685353682321,0.0,0.0550982963976695,0.008230685353682321,0.0,0.0,0.0
44.400000000000006,7.552811720040755,0.6659666210065602,4.373118331702255,-0.30201407657586615,forward_slouch,poor,False,1.6000000000000003,0.00045015308156895977,0.02250765407844799,0.04501530815689598,0.0,0.0,0.0,0.0,0.04501530815689598,0.006729550695031894,0.0,0.04501530815689598,0.006729550695031894,0.0,0.0,0.0
44.5,7.5618314395271975,0.6904793462715043,4.377604295899129,-0.35753409022279625,forward_slouch,poor,False,1.7000000000000004,0.0003677750676418402,0.018388753382092008,0.036777506764184016,0.0,0.0,0.0,0.0,0.036777506764184016,0.005501437376182805,0.0,0.036777506764184016,0.005501437376182805,0.0,0.0,0.0
44.6,7.704326485708366,0.6494390989303389,4.466723905793127,-0.33646202722123836,forward_slouch,poor,False,1.8000000000000005,0.0003004722302633834,0.01502361151316917,0.03004722302633834,0.0,0.0,0.0,0.0,0.03004722302633834,0.004496941795474996,0.0,0.03004722302633834,0.004496941795474996,0.0,0.0,0.0
44.7,7.645624528161951,0.6670462418625505,4.478026238445834,-0.265921380670876,forward_slouch,poor,False,1.9000000000000006,0.00024548581212518425,0.012274290606259211,0.024548581212518423,0.0,0.0,0.0,0.0,0.024548581212518423,0.0036755158762799,0.0,0.024548581212518423,0.0036755158762799,0.0,0.0,0.0
44.800000000000004,7.691447629446875,0.6752675107265907,4.503388169096635,-0.24533623553997755,forward_slouch,poor,False,2.0000000000000004,0.00020056190850627553,0.010028095425313776,0.020056190850627553,0.0,0.0,0.0,0.0,0.020056190850627553,0.0030039078408149456,0.0,0.020056190850627553,0.0030039078408149456,0.0,0.0,0.0
44.900000000000006,7.7610837029931234,0.691553978617723,4.528221786799461,-0.2774944933940893,forward_slouch,poor,False,2.1000000000000005,0.0001638590792496271,0.008192953962481354,0.01638590792496271,0.0,0.0,0.0,0.0,0.01638590792496271,0.0024548680597316075,0.0,0.01638590792496271,0.0024548680597316075,0.0,0.0,0.0
45.0,7.871395271444419,0.7497498344506293,4.529973046199282,-0.2807626028389296,forward_slouch,poor,False,2.2000000000000006,0.00013387286774694534,0.006693643387347266,0.013387286774694532,0.0,0.0,0.0,0.0,0.013387286774694532,0.002006078146331025,0.0,0.013387286774694532,0.002006078146331025,0.0,0.0,0.0
45.1,8.017264626494214,0.7678409599946885,4.555623852931247,-0.3409247086994897,forward_slouch,poor,False,2.3000000000000007,0.00010937413294925433,0.0054687066474627165,0.010937413294925433,0.0,0.0,0.0,0.0,0.010937413294925433,0.001639266926059868,0.0,0.010937413294925433,0.001639266926059868,0.0,0.0,0.0
45.2,7.9026243445212865,0.8178625595288084,4.53737930888248,-0.35631159809130875,forward_slouch,poor,True,2.400000000000001,0.0384959211145965,1.924796055729825,3.84959211145965,0.0,0.0,0.0,1.6,3.84959211145965,0.4386657931588931,1.6,3.84959211145965,0.4386657931588931,0.0,0.0,0.0
45.300000000000004,7.9166337730928,0.8003944995980736,4.453779065958122,-0.4747609190807747,forward_slouch,poor,False,2.500000000000001,0.031451167550625346,1.572558377531267,3.145116755062534,0.0,0.0,0.0,0.0,3.145116755062534,0.37610145580280796,0.0,3.145116755062534,0.37610145580280796,0.0,0.0,0.0
45.400000000000006,7.936035211858862,0.8296192154054117,4.4575126177269295,-0.4192395217047877,forward_slouch,poor,False,2.600000000000001,0.02569560388886091,1.2847801944430453,2.5695603888860905,0.0,0.0,0.0,0.0,2.5695603888860905,0.31984465497275893,0.0,2.5695603888860905,0.31984465497275893,0.0,0.0,0.0
45.5,7.892620433740926,0.9006004676372369,4.5078133701989325,-0.41274296195248317,forward_slouch,poor,False,2.700000000000001,0.020993308377199357,1.049665418859968,2.099330837719936,0.0,0.0,0.0,0.0,2.099330837719936,0.27013786997644496,0.0,2.099330837719936,0.27013786997644496,0.0,0.0,0.0
45.6,7.7275504167070705,0.8077610511268034,4.490335641110129,-0.5530385197813675,forward_slouch,poor,False,2.800000000000001,0.017151532944171873,0.8575766472085937,1.7151532944171874,0.0,0.0,0.0,0.0,1.7151532944171874,0.22684288242710715,0.0,1.7151532944171874,0.22684288242710715,0.0,0.0,0.0
45.7,7.799644991854075,0.7401911476212935,4.361589866533799,-0.6231712288972228,forward_slouch,poor,False,2.9000000000000012,0.014012802415388421,0.7006401207694211,1.4012802415388421,0.0,0.0,0.0,0.0,1.4012802415388421,0.18957140062780486,0.0,1.4012802415388421,0.18957140062780486,0.0,0.0,0.0
45.800000000000004,7.803483576766505,0.7210480351397341,4.4358046620201765,-0.6770292027884393,forward_slouch,poor,False,3.0000000000000013,0.011448459573372342,0.572422978668617,1.144845957337234,0.0,0.0,0.0,0.0,1.144845957337234,0.15779084552788025,0.0,1.144845957337234,0.15779084552788025,0.0,0.0,0.0
45.900000000000006,7.749180995829738,0.6622629802662868,4.425215565074212,-0.65881108531269,forward_slouch,poor,False,3.1000000000000014,0.009353391471445203,0.4676695735722601,0.9353391471445202,0.0,0.0,0.0,0.0,0.9353391471445202,0.13090329086956098,0.0,0.9353391471445202,0.13090329086956098,0.0,0.0,0.0
46.0,7.841852230725564,0.5918725039076195,4.455873463221365,-0.7190787187655715,forward_slouch,poor,False,3.2000000000000015,0.00764172083217073,0.3820860416085365,0.764172083217073,0.0,0.0,0.0,0.0,0.764172083217073,0.10830025559797285,0.0,0.764172083217073,0.10830025559797285,0.0,0.0,0.0
46.1,7.783688808302325,0.5280467448284811,4.4803678819109125,-0.701218602400741,forward_slouch,poor,False,3.3000000000000016,0.0062432859198834866,0.3121642959941743,0.6243285919883486,0.0,0.0,0.0,0.0,0.6243285919883486,0.08939793540957475,0.0,0.6243285919883486,0.08939793540957475,0.0,0.0,0.0
46.2,7.881966541739057,0.535881146899962,4.5777766182875865,-0.6595004120576852,forward_slouch,poor,False,3.4000000000000017,0.005100764596544808,0.2550382298272404,0.5100764596544808,0.0,0.0,0.0,0.0,0.5100764596544808,0.07365770994381649,0.0,0.5100764596544808,0.07365770994381649,0.0,0.0,0.0
46.300000000000004,7.795844686539181,0.5372542470677723,4.594833591886106,-0.6229592234590294,forward_slouch,poor,False,3.5000000000000018,0.004167324675377108,0.20836623376885538,0.41673246753771076,0.0,0.0,0.0,0.0,0.41673246753771076,0.060596209270436296,0.0,0.41673246753771076,0.060596209270436296,0.0,0.0,0.0
46.400000000000006,7.840105134927821,0.5216039800136079,4.638420987758065,-0.7131898159010124,forward_slouch,poor,False,3.600000000000002,0.0034047042597830967,0.17023521298915484,0.3404704259783097,0.0,0.0,0.0,0.0,0.3404704259783097,0.04978838246777251,0.0,0.3404704259783097,0.04978838246777251,0.0,0.0,0.0
46.5,7.797779572516766,0.4648181001329483,4.581093962983548,-0.7410016918390802,forward_slouch,poor,False,3.700000000000002,0.00278164338024279,0.1390821690121395,0.278164338024279,0.0,0.0,0.0,0.0,0.278164338024279,0.04086615895537149,0.0,0.278164338024279,0.04086615895537149,0.0,0.0,0.0
46.6,7.830816590146826,0.48581752623481966,4.601036711573845,-0.703021519304729,forward_slouch,poor,False,3.800000000000002,0.002272602641658359,0.11363013208291796,0.22726026416583592,0.0,0.0,0.0,0.0,0.22726026416583592,0.03351455469527931,0.0,0.22726026416583592,0.03351455469527931,0.0,0.0,0.0
46.7,7.787913185804432,0.455789211976097,4.525563564624461,-0.7620941607983305,forward_slouch,poor,False,3.900000000000002,0.0018567163582348797,0.09283581791174397,0.18567163582348795,0.0,0.0,0.0,0.0,0.18567163582348795,0.02746648890481651,0.0,0.18567163582348795,0.02746648890481651,0.0,0.0,0.0
46.800000000000004,7.891221704805364,0.398371909158325,4.470330500605856,-0.7767829658444825,forward_slouch,poor,False,4.000000000000002,0.0015169372646778965,0.07584686323389482,0.15169372646778964,0.0,0.0,0.0,0.0,0.15169372646778964,0.02249713772679174,0.0,0.15169372646778964,0.02249713772679174,0.0,0.0,0.0
46.900000000000006,7.76388280837743,0.37252424062461176,4.501801616724992,-0.845029876275336,forward_slouch,poor,False,4.100000000000001,0.0012393377452418414,0.06196688726209207,0.12393377452418414,0.0,0.0,0.0,0.0,0.12393377452418414,0.01841833669900672,0.0,0.12393377452418414,0.01841833669900672,0.0,0.0,0.0
47.0,7.8506518740396585,0.397891535719885,4.5815148943644335,-0.8199004554368868,forward_slouch,poor,False,4.200000000000001,0.0010125389378625844,0.050626946893129215,0.10125389378625843,0.0,0.0,0.0,0.0,0.10125389378625843,0.015073326834534106,0.0,0.10125389378625843,0.015073326834534106,0.0,0.0,0.0
47.1,7.988426661327089,0.38707478542095936,4.631206080531787,-0.8190155493665855,forward_slouch,poor,False,4.300000000000001,0.0008272443122337315,0.04136221561168657,0.08272443122337314,0.0,0.0,0.0,0.0,0.08272443122337314,0.012331994655766398,0.0,0.08272443122337314,0.012331994655766398,0.0,0.0,0.0
47.2,7.902639716938669,0.39331563871535025,4.725984304507648,-0.8895069963495029,forward_slouch,poor,False,4.4,0.0006758586030949586,0.03379293015474793,0.06758586030949586,0.0,0.0,0.0,0.0,0.06758586030949586,0.010086663967518117,0.0,0.06758586030949586,0.010086663967518117,0.0,0.0,0.0
47.300000000000004,7.880542224289583,0.4351658496727647,4.692304830879996,-0.8908985943979764,forward_slouch,poor,False,4.5,0.0005521764787285811,0.027608823936429057,0.055217647872858114,0.0,0.0,0.0,0.0,0.055217647872858114,0.008248440564361026,0.0,0.055217647872858114,0.008248440564361026,0.0,0.0,0.0
47.400000000000006,7.8757867328866,0.4779666311075498,4.782377325512119,-0.9719011591437703,forward_slouch,poor,False,4.6,0.00045112818312125077,0.022556409156062537,0.045112818312125075,0.0,0.0,0.0,0.0,0.045112818312125075,0.00674407868213911,0.0,0.045112818312125075,0.00674407868213911,0.0,0.0,0.0
47.5,7.960159714043465,0.5330993006885152,4.840129146343873,-0.9079554048330011,forward_slouch,poor,False,4.699999999999999,0.0003685717256100619,0.018428586280503093,0.036857172561006186,0.0,0.0,0.0,0.0,0.036857172561006186,0.005513321433240792,0.0,0.036857172561006186,0.005513321433240792,0.0,0.0,0.0
47.6,8.093693399953104,0.5090887067602454,4.881437209199215,-0.8527656077014373,forward_slouch,poor,False,4.799999999999999,0.00030112309982342056,0.015056154991171028,0.030112309982342055,0.0,0.0,0.0,0.0,0.030112309982342055,0.00450666088759355,0.0,0.030112309982342055,0.00450666088759355,0.0,0.0,0.0
47.7,8.166757556293245,0.5226805223587908,4.933320937722687,-0.8780834429023189,forward_slouch,poor,False,4.899999999999999,0.0002460175725557346,0.01230087862778673,0.02460175725557346,0.0,0.0,0.0,0.0,0.02460175725557346,0.0036834629336350844,0.0,0.02460175725557346,0.0036834629336350844,0.0,0.0,0.0
47.800000000000004,8.230220797039253,0.5811091102563969,4.988550193060729,-0.7655730813740149,forward_slouch,poor,False,4.999999999999998,0.00020099635677803515,0.010049817838901758,0.020099635677803516,0.0,0.0,0.0,0.0,0.020099635677803516,0.0030104049680828027,0.0,0.020099635677803516,0.0030104049680828027,0.0,0.0,0.0
47.900000000000006,8.256505199273288,0.6105815015018016,4.901402333060536,-0.75720991908798,forward_slouch,poor,False,5.099999999999998,0.00016421402348765473,0.008210701174382736,0.016421402348765473,0.0,0.0,0.0,0.0,0.016421402348765473,0.002460179139044394,0.0,0.016421402348765473,0.002460179139044394,0.0,0.0,0.0
48.0,8.294384486737394,0.718316655075119,4.938858518213522,-0.7852597644034466,forward_slouch,poor,False,5.1999999999999975,0.0001341628571894139,0.006708142859470695,0.01341628571894139,0.0,0.0,0.0,0.0,0.01341628571894139,0.002010419252404194,0.0,0.01341628571894139,0.002010419252404194,0.0,0.0,0.0
48.1,8.406907889234995,0.7189257228844493,5.023904952838267,-0.8118676932635963,forward_slouch,poor,False,5.299999999999997,0.00010961105432375119,0.0054805527161875586,0.010961105432375117,0.0,0.0,0.0,0.0,0.010961105432375117,0.0016428149147122983,0.0,0.010961105432375117,0.0016428149147122983,0.0,0.0,0.0
48.2,8.295461965778317,0.7358929545356048,4.977514279487337,-0.7773177517408755,forward_slouch,poor,True,5.399999999999997,0.03849612889464193,1.9248064447320963,3.8496128894641926,0.0,0.0,0.0,1.6,3.8496128894641926,0.4386675426668716,1.6,3.8496128894641926,0.4386675426668716,0.0,0.0,0.0
48.300000000000004,8.308027739499419,0.7467590127442352,4.987840184571138,-0.8299491880144559,forward_slouch,poor,False,5.4999999999999964,0.031451337306922456,1.5725668653461227,3.1451337306922453,0.0,0.0,0.0,0.0,3.1451337306922453,0.37610304446138487,0.0,3.1451337306922453,0.37610304446138487,0.0,0.0,0.0
48.400000000000006,8.313036739484653,0.7055675979942639,4.919301235084458,-0.8363686001198093,forward_slouch,poor,False,5.599999999999996,0.025695742579755643,1.2847871289877821,2.5695742579755643,0.0,0.0,0.0,0.0,2.5695742579755643,0.3198460699415876,0.0,2.5695742579755643,0.3198460699415876,0.0,0.0,0.0
48.5,8.280602469316566,0.7585505074606397,4.846003503789809,-0.9438224503193698,forward_slouch,poor,False,5.699999999999996,0.020993421687660357,1.049671084383018,2.099342168766036,0.0,0.0,0.0,0.0,2.099342168766036,0.270139110490607,0.0,2.099342168766036,0.270139110490607,0.0,0.0,0.0
48.6,8.08886060243945,0.7815852602506973,4.81861140025847,-0.9197192578088449,forward_slouch,poor,False,5.799999999999995,0.017151625518818513,0.8575812759409256,1.7151625518818512,0.0,0.0,0.0,0.0,1.7151625518818512,0.22684395604756602,0.0,1.7151625518818512,0.22684395604756602,0.0,0.0,0.0
48.7,8.144724002071326,0.7711127662164301,4.864863082314315,-0.8074719596441892,forward_slouch,poor,False,5.899999999999995,0.014012878048874725,0.7006439024437362,1.4012878048874724,0.0,0.0,0.0,0.0,1.4012878048874724,0.18957232006038893,0.0,1.4012878048874724,0.18957232006038893,0.0,0.0,0.0
48.800000000000004,8.196118452026674,0.7438783485304313,4.707984472065396,-0.6714621588006475,forward_slouch,poor,False,5.999999999999995,0.01144852136593065,0.5724260682965324,1.1448521365930648,0.0,0.0,0.0,0.0,1.1448521365930648,0.15779162616139275,0.0,1.1448521365930648,0.15779162616139275,0.0,0.0,0.0
48.900000000000006,8.04590304534948,0.8231989331741963,4.740005787410945,-0.6826486398888898,forward_slouch,poor,False,6.099999999999994,0.009353441955965339,0.46767209779826696,0.9353441955965339,0.0,0.0,0.0,0.0,0.9353441955965339,0.13090394900826652,0.0,0.9353441955965339,0.13090394900826652,0.0,0.0,0.0
49.0,8.007776932972751,0.7886626228571305,4.801659677929313,-0.6953072938396341,forward_slouch,poor,False,6.199999999999994,0.007641762078023681,0.3820881039011841,0.7641762078023682,0.0,0.0,0.0,0.0,0.7641762078023682,0.10830080728155023,0.0,0.7641762078023682,0.10830080728155023,0.0,0.0,0.0
49.1,7.983765498021269,0.8606172852992956,4.779695857463358,-0.74752859914933,forward_slouch,poor,False,6.299999999999994,0.006243319617745349,0.3121659808872674,0.6243319617745348,0.0,0.0,0.0,0.0,0.6243319617745348,0.08939839568959718,0.0,0.6243319617745348,0.08939839568959718,0.0,0.0,0.0
49.2,8.056476297147558,0.8640130836483801,4.734549114839188,-0.7642808956472434,forward_slouch,poor,False,6.399999999999993,0.005100792127697949,0.2550396063848974,0.5100792127697948,0.0,0.0,0.0,0.0,0.5100792127697948,0.07365809249280919,0.0,0.5100792127697948,0.07365809249280919,0.0,0.0,0.0
49.300000000000004,8.03256923884081,0.8367585325561403,4.822906456542456,-0.7259850433765042,forward_slouch,poor,False,6.499999999999993,0.004167347168329224,0.2083673584164612,0.4167347168329224,0.0,0.0,0.0,0.0,0.4167347168329224,0.06059652621985012,0.0,0.4167347168329224,0.06059652621985012,0.0,0.0,0.0
49.400000000000006,8.013513410813456,0.8174772467232039,4.800033674882059,-0.7801965997178784,forward_slouch,poor,False,6.5999999999999925,0.003404722636524976,0.1702361318262488,0.3404722636524976,0.0,0.0,0.0,0.0,0.3404722636524976,0.04978864439464081,0.0,0.3404722636524976,0.04978864439464081,0.0,0.0,0.0
49.5,8.016997641811594,0.8739243180595642,4.886030038973406,-0.7598552154969436,forward_slouch,poor,False,6.699999999999992,0.0027816583940409056,0.13908291970204528,0.27816583940409056,0.0,0.0,0.0,0.0,0.27816583940409056,0.04086637495897494,0.0,0.27816583940409056,0.04086637495897494,0.0,0.0,0.0
49.6,8.067096601280241,0.8727968546076974,4.9213427855322225,-0.7810611134527494,forward_slouch,poor,False,6.799999999999992,0.0022726149079314198,0.11363074539657099,0.22726149079314198,0.0,0.0,0.0,0.0,0.22726149079314198,0.03351473252287862,0.0,0.22726149079314198,0.03351473252287862,0.0,0.0,0.0
49.7,8.034449209041902,0.8682741872675462,4.900209439798894,-0.8348835161362287,forward_slouch,poor,False,6.8999999999999915,0.00185672637977997,0.0928363189889985,0.185672637977997,0.0,0.0,0.0,0.0,0.185672637977997,0.027466635099132053,0.0,0.185672637977997,0.027466635099132053,0.0,0.0,0.0
49.800000000000004,8.0544153870997,0.8592457994270244,4.896139068341438,-0.8555450926984826,forward_slouch,poor,False,6.999999999999991,0.0015169454522802354,0.07584727261401177,0.15169454522802353,0.0,0.0,0.0,0.0,0.15169454522802353,0.022497257777855162,0.0,0.15169454522802353,0.022497257777855162,0.0,0.0,0.0
49.900000000000006,8.238312102246276,0.9801692407790956,4.92890730742167,-0.8951202228075273,forward_slouch,poor,False,7.099999999999991,0.0012393444345129524,0.061967221725647614,0.12393444345129523,0.0,0.0,0.0,0.0,0.12393444345129523,0.018418435189989757,0.0,0.12393444345129523,0.018418435189989757,0.0,0.0,0.0
50.0,8.398035367464235,1.007714754401763,5.031679893053953,-0.9388010509189717,forward_slouch,poor,False,7.19999999999999,0.001012544402997082,0.0506272201498541,0.1012544402997082,0.0,0.0,0.0,0.0,0.1012544402997082,0.015073407575881936,0.0,0.1012544402997082,0.015073407575881936,0.0,0.0,0.0
50.1,8.456806767929129,0.9760595025589096,5.023473123277409,-0.9623975084867422,forward_slouch,poor,False,7.29999999999999,0.0008272487772486161,0.0413624388624308,0.0827248777248616,0.0,0.0,0.0,0.0,0.0827248777248616,0.012332060805049339,0.0,0.0827248777248616,0.012332060805049339,0.0,0.0,0.0
50.2,8.368709876645722,0.8563637202018503,5.028528734920298,-1.0190309092937417,forward_slouch,poor,False,7.39999999999999,0.0006758622510121192,0.033793112550605964,0.06758622510121193,0.0,0.0,0.0,0.0,0.06758622510121193,0.010086718134344363,0.0,0.06758622510121193,0.010086718134344363,0.0,0.0,0.0
50.300000000000004,8.492814101628255,0.8841784269786764,5.029030896027617,-1.13251451367343,forward_slouch,poor,False,7.499999999999989,0.0005521794590769015,0.02760897295384507,0.05521794590769014,0.0,0.0,0.0,0.0,0.05521794590769014,0.008248484900836406,0.0,0.05521794590769014,0.008248484900836406,0.0,0.0,0.0
50.400000000000006,8.580191026607599,0.7796008420876681,5.070566641443494,-1.1288543172283703,forward_slouch,poor,False,7.599999999999989,0.0004511306180658285,0.022556530903291423,0.045113061806582845,0.0,0.0,0.0,0.0,0.045113061806582845,0.00674411495998517,0.0,0.045113061806582845,0.00674411495998517,0.0,0.0,0.0
50.5,8.67699251905779,0.7295197526975649,5.038202101915653,-1.2134071428722255,forward_slouch,poor,False,7.699999999999989,0.00036857371495978183,0.01842868574798909,0.03685737149597818,0.0,0.0,0.0,0.0,0.03685737149597818,0.005513351108967224,0.0,0.03685737149597818,0.005513351108967224,0.0,0.0,0.0
50.6,8.67221878192593,0.7104666300962073,5.095393744412679,-1.1744572675591909,forward_slouch,poor,False,7.799999999999988,0.0003011247251221418,0.015056236256107088,0.030112472512214175,0.0,0.0,0.0,0.0,0.030112472512214175,0.004506685157203982,0.0,0.030112472512214175,0.004506685157203982,0.0,0.0,0.0
50.7,8.672544247097433,0.6705998559589433,5.012353815077001,-1.1141024108772661,forward_slouch,poor,False,7.899999999999988,0.00024601890042478977,0.01230094502123949,0.02460189004247898,0.0,0.0,0.0,0.0,0.02460189004247898,0.0036834827783033264,0.0,0.02460189004247898,0.0036834827783033264,0.0,0.0,0.0
50.800000000000004,8.752591359210872,0.6857982765232633,4.963471040876828,-1.1201533248655131,forward_slouch,poor,False,7.999999999999988,0.00020099744164705325,0.010049872082352663,0.020099744164705325,0.0,0.0,0.0,0.0,0.020099744164705325,0.0030104211921294644,0.0,0.020099744164705325,0.0030104211921294644,0.0,0.0,0.0
50.900000000000006,8.777452143713873,0.5686938913081657,4.920725691966377,-1.1398198602313914,forward_slouch,poor,False,8.099999999999987,0.00016421490982564252,0.008210745491282125,0.01642149098256425,0.0,0.0,0.0,0.0,0.01642149098256425,0.002460192401405825,0.0,0.01642149098256425,0.002460192401405825,0.0,0.0,0.0
51.0,8.811717319586434,0.6458119760783123,4.996636841612337,-1.2267450457525233,forward_slouch,poor,False,8.199999999999987,0.00013416358132754992,0.006708179066377495,0.01341635813275499,0.0,0.0,0.0,0.0,0.01341635813275499,0.002010430092638904,0.0,0.01341635813275499,0.002010430092638904,0.0,0.0,0.0
51.1,8.866737726833502,0.5905382216033912,4.993092097318414,-1.2238693621649017,forward_slouch,poor,False,8.299999999999986,0.00010961164594460826,0.005480582297230413,0.010961164594460827,0.0,0.0,0.0,0.0,0.010961164594460827,0.0016428237744462448,0.0,0.010961164594460827,0.0016428237744462448,0.0,0.0,0.0
51.2,8.851676655198021,0.6053788181229722,4.904269387248011,-1.207721490512775,forward_slouch,poor,True,8.399999999999986,0.038496129413493424,1.924806470674671,3.849612941349342,0.0,0.0,0.0,1.6,3.849612941349342,0.4386675470355944,1.6,3.849612941349342,0.4386675470355944,0.0,0.0,0.0
51.300000000000004,8.832475761287473,0.612792614101218,4.902425936522428,-1.1985569991592846,forward_slouch,poor,False,8.499999999999986,0.031451337730824126,1.5725668865412061,3.1451337730824123,0.0,0.0,0.0,0.0,3.1451337730824123,0.3761030484284493,0.0,3.1451337730824123,0.3761030484284493,0.0,0.0,0.0
51.400000000000006,8.88181491332119,0.6391654580536842,4.8635191451272535,-1.2157017788606297,forward_slouch,poor,False,8.599999999999985,0.02569574292608331,1.2847871463041654,2.5695742926083307,0.0,0.0,0.0,0.0,2.5695742926083307,0.31984607347492944,0.0,2.5695742926083307,0.31984607347492944,0.0,0.0,0.0
51.5,8.872689530394785,0.6281640977849073,4.857590574169643,-1.0782383072473753,forward_slouch,poor,False,8.699999999999985,0.020993421970610063,1.049671098530503,2.099342197061006,0.0,0.0,0.0,0.0,2.099342197061006,0.2701391135883159,0.0,2.099342197061006,0.2701391135883159,0.0,0.0,0.0
51.6,8.790347761485434,0.6163551839215612,4.882382727236691,-1.0844365807858263,forward_slouch,poor,False,8.799999999999985,0.01715162574998842,0.857581287499421,1.715162574998842,0.0,0.0,0.0,0.0,1.715162574998842,0.22684395872852225,0.0,1.715162574998842,0.22684395872852225,0.0,0.0,0.0
51.7,8.856743550264811,0.6037883852372711,4.894566103831221,-1.0895005803254534,forward_slouch,poor,False,8.899999999999984,0.01401287823774054,0.7006439118870269,1.4012878237740538,0.0,0.0,0.0,0.0,1.4012878237740538,0.18957232235632016,0.0,1.4012878237740538,0.18957232235632016,0.0,0.0,0.0
51.800000000000004,8.89660088097704,0.6114428411311351,4.941959999368723,-1.0841355183314736,forward_slouch,poor,False,8.999999999999984,0.011448521520234019,0.5724260760117009,1.1448521520234018,0.0,0.0,0.0,0.0,1.1448521520234018,0.15779162811072667,0.0,1.1448521520234018,0.15779162811072667,0.0,0.0,0.0
51.900000000000006,8.81190828633526,0.6515925916741275,4.992739364063541,-1.1697927579846394,forward_slouch,poor,False,9.099999999999984,0.009353442082031193,0.4676721041015596,0.9353442082031193,0.0,0.0,0.0,0.0,0.9353442082031193,0.13090395065171656,0.0,0.9353442082031193,0.13090395065171656,0.0,0.0,0.0
52.0,8.669978497216523,0.6830334470648854,4.975910592982472,-1.2465999003794777,forward_slouch,poor,False,9.199999999999983,0.007641762181019485,0.38208810905097423,0.7641762181019485,0.0,0.0,0.0,0.0,0.7641762181019485,0.10830080865916925,0.0,0.7641762181019485,0.10830080865916925,0.0,0.0,0.0
52.1,8.594670986437054,0.691576154892662,4.891681789180047,-1.2339052925962304,forward_slouch,poor,False,9.299999999999983,0.006243319701892919,0.31216598509464594,0.6243319701892919,0.0,0.0,0.0,0.0,0.6243319701892919,0.08939839683897088,0.0,0.6243319701892919,0.08939839683897088,0.0,0.0,0.0
52.2,8.659914738908068,0.6784671536494722,4.936516461598252,-1.1734934179381598,forward_slouch,poor,False,9.399999999999983,0.005100792196446515,0.2550396098223257,0.5100792196446514,0.0,0.0,0.0,0.0,0.5100792196446514,0.07365809344807939,0.0,0.5100792196446514,0.07365809344807939,0.0,0.0,0.0
52.300000000000004,8.620256169335093,0.6586704771715668,4.9408651556895675,-1.1247861482714625,forward_slouch,poor,False,9.499999999999982,0.004167347224496802,0.2083673612248401,0.4167347224496802,0.0,0.0,0.0,0.0,0.4167347224496802,0.06059652701131035,0.0,0.4167347224496802,0.06059652701131035,0.0,0.0,0.0
52.400000000000006,8.636771101565246,0.655315038967588,5.033806318888932,-1.0959411471890548,forward_slouch,poor,False,9.599999999999982,0.003404722682413887,0.17023613412069435,0.3404722682413887,0.0,0.0,0.0,0.0,0.3404722682413887,0.049788645048703284,0.0,0.3404722682413887,0.049788645048703284,0.0,0.0,0.0
52.5,8.63861038196517,0.6772673503481543,4.981975793328818,-1.1364321453416064,forward_slouch,poor,False,9.699999999999982,0.002781658431532146,0.1390829215766073,0.2781658431532146,0.0,0.0,0.0,0.0,0.2781658431532146,0.040866375498361585,0.0,0.2781658431532146,0.040866375498361585,0.0,0.0,0.0
52.6,8.765176044073868,0.6982709659630485,4.9124013037632475,-1.1769357218369054,forward_slouch,poor,False,9.799999999999981,0.002272614938561763,0.11363074692808815,0.2272614938561763,0.0,0.0,0.0,0.0,0.2272614938561763,0.0335147329669353,0.0,0.2272614938561763,0.0335147329669353,0.0,0.0,0.0
52.7,8.87567746413961,0.7346306580894222,4.838310575188921,-1.173160898183312,forward_slouch,poor,False,9.89999999999998,0.0018567264048049603,0.09283632024024802,0.18567264048049603,0.0,0.0,0.0,0.0,0.18567264048049603,0.027466635464196587,0.0,0.18567264048049603,0.027466635464196587,0.0,0.0,0.0
52.800000000000004,8.812049362172298,0.6326239993348549,4.798593586382039,-1.1702607318041236,forward_slouch,poor,False,9.99999999999998,0.0015169454727256527,0.07584727363628263,0.15169454727256526,0.0,0.0,0.0,0.0,0.15169454727256526,0.022497258077636917,0.0,0.15169454727256526,0.022497258077636917,0.0,0.0,0.0
52.900000000000006,8.784705766643388,0.6939511944560509,4.804105376274943,-1.2069802274839871,forward_slouch,poor,False,10.09999999999998,0.0012393444512168582,0.06196722256084291,0.12393444512168582,0.0,0.0,0.0,0.0,0.12393444512168582,0.018418435435933467,0.0,0.12393444512168582,0.018418435435933467,0.0,0.0,0.0
53.0,8.81813140158072,0.6757402635522959,4.870399277538678,-1.3399866342887519,forward_slouch,poor,False,10.19999999999998,0.0010125444166441731,0.05062722083220866,0.10125444166441731,0.0,0.0,0.0,0.0,0.10125444166441731,0.015073407777502656,0.0,0.10125444166441731,0.015073407777502656,0.0,0.0,0.0
53.1,8.87895396244893,0.7029369024210256,4.998146041940963,-1.4132257472178607,forward_slouch,poor,False,10.29999999999998,0.0008272487883982894,0.04136243941991447,0.08272487883982894,0.0,0.0,0.0,0.0,0.08272487883982894,0.012332060970231984,0.0,0.08272487883982894,0.012332060970231984,0.0,0.0,0.0
53.2,9.04380656773919,0.7482644888403504,5.037170788367572,-1.4626902576996637,forward_slouch,poor,False,10.399999999999979,0.0006758622601214024,0.03379311300607012,0.06758622601214025,0.0,0.0,0.0,0.0,0.06758622601214025,0.010086718269605388,0.0,0.06758622601214025,0.010086718269605388,0.0,0.0,0.0
53.300000000000004,9.036521959228168,0.7096373315383078,5.0882659227226945,-1.459408769235956,forward_slouch,poor,False,10.499999999999979,0.0005521794665191859,0.02760897332595929,0.05521794665191858,0.0,0.0,0.0,0.0,0.05521794665191858,0.008248485011549844,0.0,0.05521794665191858,0.008248485011549844,0.0,0.0,0.0
53.400000000000006,9.007020731547179,0.6284986015569302,5.077057490201359,-1.5180103380984284,forward_slouch,poor,False,10.599999999999978,0.0004511306241461748,0.022556531207308737,0.045113062414617475,0.0,0.0,0.0,0.0,0.045113062414617475,0.006744115050575261,0.0,0.045113062414617475,0.006744115050575261,0.0,0.0,0.0
53.5,9.019339844303286,0.6566751521639763,5.005011798348035,-1.555480510284666,forward_slouch,poor,False,10.699999999999978,0.00036857371992742483,0.01842868599637124,0.03685737199274248,0.0,0.0,0.0,0.0,0.03685737199274248,0.005513351183071058,0.0,0.03685737199274248,0.005513351183071058,0.0,0.0,0.0
53.6,9.094026675871325,0.7322159538301158,5.023008703729818,-1.5439921533913468,forward_slouch,poor,False,10.799999999999978,0.00030112472918070605,0.015056236459035302,0.030112472918070603,0.0,0.0,0.0,0.0,0.030112472918070603,0.004506685217808171,0.0,0.030112472918070603,0.004506685217808171,0.0,0.0,0.0
53.7,9.145481900854335,0.7194733634770948,5.175976316213222,-1.6331960266654382,forward_slouch,poor,False,10.899999999999977,0.0002460189037406369,0.012300945187031842,0.024601890374063684,0.0,0.0,0.0,0.0,0.024601890374063684,0.003683482827857798,0.0,0.024601890374063684,0.003683482827857798,0.0,0.0,0.0
53.800000000000004,9.132040728646574,0.6955374302102888,5.128520465128727,-1.6477631343526316,forward_slouch,poor,False,10.999999999999977,0.0002009974443561003,0.010049872217805015,0.02009974443561003,0.0,0.0,0.0,0.0,0.02009974443561003,0.003010421232642835,0.0,0.02009974443561003,0.003010421232642835,0.0,0.0,0.0
53.900000000000006,9.065253724731063,0.660037499270844,5.214188119103914,-1.622194093985057,forward_slouch,poor,False,11.099999999999977,0.00016421491203893394,0.008210745601946698,0.016421491203893395,0.0,0.0,0.0,0.0,0.016421491203893395,0.002460192434523556,0.0,0.016421491203893395,0.002460192434523556,0.0,0.0,0.0
54.0,9.086689595487353,0.6476381066153134,5.126832864930851,-1.6524328729986408,forward_slouch,poor,False,11.199999999999976,0.00013416358313580903,0.006708179156790452,0.013416358313580904,0.0,0.0,0.0,0.0,0.013416358313580904,0.002010430119708251,0.0,0.013416358313580904,0.002010430119708251,0.0,0.0,0.0
54.1,9.17492031817122,0.6388242496652005,5.219295372106933,-1.7510611412282417,forward_slouch,poor,False,11.299999999999976,0.000109611647421956,0.0054805823710977995,0.010961164742195599,0.0,0.0,0.0,0.0,0.010961164742195599,0.0016428237965699921,0.0,0.010961164742195599,0.0016428237965699921,0.0,0.0,0.0
54.2,9.081218304726216,0.4837023288693969,5.1510357360135615,-1.723873886301956,forward_slouch,poor,True,11.399999999999975,0.038496129414789054,1.9248064707394525,3.849612941478905,0.0,0.0,0.0,1.6,3.849612941478905,0.43866754704650357,1.6,3.849612941478905,0.43866754704650357,0.0,0.0,0.0
54.300000000000004,9.047271641543425,0.4965350543611264,5.0849501155695,-1.6508195674095782,forward_slouch,poor,False,11.499999999999975,0.031451337731882655,1.5725668865941327,3.1451337731882654,0.0,0.0,0.0,0.0,3.1451337731882654,0.3761030484383555,0.0,3.1451337731882654,0.3761030484383555,0.0,0.0,0.0
54.400000000000006,9.079479858408392,0.5277353939093684,5.172835024017939,-1.662490398548281,forward_slouch,poor,False,11.599999999999975,0.02569574292694813,1.2847871463474063,2.5695742926948126,0.0,0.0,0.0,0.0,2.5695742926948126,0.3198460734837526,0.0,2.5695742926948126,0.3198460734837526,0.0,0.0,0.0
54.5,8.93007082091005,0.5216287663243367,5.100622011377066,-1.665741311731877,forward_slouch,poor,False,11.699999999999974,0.02099342197131662,1.0496710985658309,2.0993421971316617,0.0,0.0,0.0,0.0,2.0993421971316617,0.27013911359605114,0.0,2.0993421971316617,0.27013911359605114,0.0,0.0,0.0
54.6,8.966156363238573,0.48443128424225573,5.0818940258064975,-1.692196596788198,forward_slouch,poor,False,11.799999999999974,0.017151625750565676,0.8575812875282838,1.7151625750565676,0.0,0.0,0.0,0.0,1.7151625750565676,0.2268439587352169,0.0,1.7151625750565676,0.2268439587352169,0.0,0.0,0.0
54.7,9.044754598328554,0.5233727932464568,5.117764521786806,-1.7050030058940644,forward_slouch,poor,False,11.899999999999974,0.014012878238212158,0.7006439119106078,1.4012878238212156,0.0,0.0,0.0,0.0,1.4012878238212156,0.18957232236205335,0.0,1.4012878238212156,0.18957232236205335,0.0,0.0,0.0
54.800000000000004,9.12371066349112,0.5346829905745331,5.121697003700857,-1.6826960075907724,forward_slouch,poor,False,11.999999999999973,0.01144852152061933,0.5724260760309665,1.144852152061933,0.0,0.0,0.0,0.0,1.144852152061933,0.15779162811559433,0.0,1.144852152061933,0.15779162811559433,0.0,0.0,0.0
54.900000000000006,9.127677541575009,0.571571593079066,5.171631743981284,-1.702823686081743,forward_slouch,poor,False,12.099999999999973,0.009353442082345993,0.46767210411729965,0.9353442082345993,0.0,0.0,0.0,0.0,0.9353442082345993,0.1309039506558205,0.0,0.9353442082345993,0.1309039506558205,0.0,0.0,0.0
55.0,9.288397342868086,0.621788337287732,5.045923955083556,-1.8332621678064245,forward_slouch,poor,False,12.199999999999973,0.007641762181276677,0.3820881090638338,0.7641762181276676,0.0,0.0,0.0,0.0,0.7641762181276676,0.10830080866260938,0.0,0.7641762181276676,0.10830080866260938,0.0,0.0,0.0
55.1,9.35510080639935,0.6619820533951445,5.050872069225561,-1.8305095061584908,forward_slouch,poor,False,12.299999999999972,0.006243319702103044,0.3121659851051522,0.6243319702103044,0.0,0.0,0.0,0.0,0.6243319702103044,0.08939839684184103,0.0,0.6243319702103044,0.08939839684184103,0.0,0.0,0.0
55.2,9.294711122062651,0.6052580006525088,5.042164391899162,-1.8047826363570458,forward_slouch,poor,False,12.399999999999972,0.005100792196618187,0.25503960983090934,0.5100792196618187,0.0,0.0,0.0,0.0,0.5100792196618187,0.07365809345046481,0.0,0.5100792196618187,0.07365809345046481,0.0,0.0,0.0
55.300000000000004,9.22676483963734,0.5135323263034527,5.169954887452587,-1.8447884667904086,forward_slouch,poor,False,12.499999999999972,0.004167347224637059,0.20836736123185293,0.41673472246370585,0.0,0.0,0.0,0.0,0.41673472246370585,0.06059652701328666,0.0,0.41673472246370585,0.06059652701328666,0.0,0.0,0.0
55.400000000000006,9.144153934157057,0.42238260064337335,5.1358737074919345,-1.957579942785872,forward_slouch,poor,False,12.599999999999971,0.0034047226825284767,0.17023613412642383,0.34047226825284765,0.0,0.0,0.0,0.0,0.34047226825284765,0.04978864505033653,0.0,0.34047226825284765,0.04978864505033653,0.0,0.0,0.0
55.5,9.032227874784455,0.4390333710311583,5.2570289158423,-1.9348265346519256,forward_slouch,poor,False,12.69999999999997,0.0027816584316257657,0.13908292158128827,0.27816584316257653,0.0,0.0,0.0,0.0,0.27816584316257653,0.04086637549970851,0.0,0.27816584316257653,0.04086637549970851,0.0,0.0,0.0
55.6,9.030386290780127,0.4806093738880067,5.2797160098349885,-2.0300427664808236,forward_slouch,poor,False,12.79999999999997,0.0022726149386382505,0.11363074693191251,0.22726149386382502,0.0,0.0,0.0,0.0,0.22726149386382502,0.03351473296804419,0.0,0.22726149386382502,0.03351473296804419,0.0,0.0,0.0
55.7,9.057320124679107,0.419202326018631,5.179884113122136,-2.1167059905322585,forward_slouch,poor,False,12.89999999999997,0.0018567264048674503,0.09283632024337252,0.18567264048674503,0.0,0.0,0.0,0.0,0.18567264048674503,0.02746663546510819,0.0,0.18567264048674503,0.02746663546510819,0.0,0.0,0.0
55.800000000000004,9.095644469603833,0.44377682542207875,5.193239047399944,-2.0943677638975946,forward_slouch,poor,False,12.99999999999997,0.001516945472776707,0.07584727363883534,0.15169454727767068,0.0,0.0,0.0,0.0,0.15169454727767068,0.02249725807838554,0.0,0.15169454727767068,0.02249725807838554,0.0,0.0,0.0
55.900000000000006,9.065452527273415,0.5479155425420115,5.322467174361131,-2.1178559145809697,forward_slouch,poor,False,13.09999999999997,0.0012393444512585694,0.06196722256292847,0.12393444512585694,0.0,0.0,0.0,0.0,0.12393444512585694,0.018418435436547642,0.0,0.12393444512585694,0.018418435436547642,0.0,0.0,0.0
56.0,9.025285565919292,0.5512361310446724,5.2325971927105845,-2.119903729292679,forward_slouch,poor,False,13.199999999999969,0.0010125444166782514,0.05062722083391256,0.10125444166782512,0.0,0.0,0.0,0.0,0.10125444166782512,0.015073407778006143,0.0,0.10125444166782512,0.015073407778006143,0.0,0.0,0.0
56.1,9.055780112011755,0.5600291269083977,5.249662598212697,-2.154343341527721,forward_slouch,poor,False,13.299999999999969,0.0008272487884261313,0.04136243942130656,0.08272487884261312,0.0,0.0,0.0,0.0,0.08272487884261312,0.012332060970644432,0.0,0.08272487884261312,0.012332060970644432,0.0,0.0,0.0
56.2,9.083542794212462,0.6511405785430118,5.259363601482889,-2.232915150203847,forward_slouch,poor,False,13.399999999999968,0.0006758622601441491,0.033793113007207456,0.06758622601441491,0.0,0.0,0.0,0.0,0.06758622601441491,0.010086718269943118,0.0,0.06758622601441491,0.010086718269943118,0.0,0.0,0.0
56.300000000000004,9.077233650666406,0.5635048101814555,5.406227711187731,-2.29203980440961,forward_slouch,poor,False,13.499999999999968,0.0005521794665377699,0.02760897332688849,0.05521794665377698,0.0,0.0,0.0,0.0,0.05521794665377698,0.00824848501182629,0.0,0.05521794665377698,0.00824848501182629,0.0,0.0,0.0
56.400000000000006,9.225398849609801,0.5402130220030648,5.390484109832613,-2.2913173609928896,forward_slouch,poor,False,13.599999999999968,0.0004511306241613579,0.022556531208067894,0.04511306241613579,0.0,0.0,0.0,0.0,0.04511306241613579,0.006744115050801525,0.0,0.04511306241613579,0.006744115050801525,0.0,0.0,0.0
56.5,9.293745581228789,0.5733651854103542,5.410727100978819,-2.249504989304169,forward_slouch,poor,False,13.699999999999967,0.0003685737199398294,0.01842868599699147,0.03685737199398294,0.0,0.0,0.0,0.0,0.03685737199398294,0.005513351183256132,0.0,0.03685737199398294,0.005513351183256132,0.0,0.0,0.0
56.6,9.209376685692442,0.5104920189735774,5.412392197196442,-2.1213848672552063,forward_slouch,poor,False,13.799999999999967,0.00030112472919084063,0.01505623645954203,0.03011247291908406,0.0,0.0,0.0,0.0,0.03011247291908406,0.004506685217959494,0.0,0.03011247291908406,0.004506685217959494,0.0,0.0,0.0
56.7,9.212987601414461,0.5415007916716348,5.472118241885771,-2.1302428075472695,forward_slouch,poor,False,13.899999999999967,0.00024601890374891677,0.012300945187445839,0.024601890374891678,0.0,0.0,0.0,0.0,0.024601890374891678,0.003683482827981588,0.0,0.024601890374891678,0.003683482827981588,0.0,0.0,0.0
56.800000000000004,9.173384659208596,0.507041800312472,5.495896647713835,-2.2059044853454988,forward_slouch,poor,False,13.999999999999966,0.00020099744436286499,0.01004987221814325,0.0200997444362865,0.0,0.0,0.0,0.0,0.0200997444362865,0.003010421232743976,0.0,0.0200997444362865,0.003010421232743976,0.0,0.0,0.0
56.900000000000006,9.208009521806018,0.49126025078302366,5.532650872107424,-2.226740721561517,forward_slouch,poor,False,14.099999999999966,0.0001642149120444607,0.008210745602223034,0.016421491204446068,0.0,0.0,0.0,0.0,0.016421491204446068,0.0024601924346062676,0.0,0.016421491204446068,0.0024601924346062676,0.0,0.0,0.0
57.0,9.203829031179522,0.5335733977005866,5.587855906474364,-2.193632834070599,forward_slouch,poor,False,14.199999999999966,0.00013416358314032438,0.0067081791570162185,0.013416358314032437,0.0,0.0,0.0,0.0,0.013416358314032437,0.0020104301197758634,0.0,0.013416358314032437,0.0020104301197758634,0.0,0.0,0.0
57.1,9.04077385149507,0.5981331592617115,5.714922581127597,-2.096049606738101,forward_slouch,poor,False,14.299999999999965,0.00010961164742564501,0.005480582371282251,0.010961164742564502,0.0,0.0,0.0,0.0,0.010961164742564502,0.0016428237966252812,0.0,0.010961164742564502,0.0016428237966252812,0.0,0.0,0.0
57.2,8.93813707890529,0.674073609572506,5.720181460846931,-2.0473685013100518,forward_slouch,poor,True,14.399999999999965,0.038496129414792295,1.9248064707396144,3.849612941479229,0.0,0.0,0.0,1.6,3.849612941479229,0.4386675470465309,1.6,3.849612941479229,0.4386675470465309,0.0,0.0,0.0
57.300000000000004,8.841329581366708,0.6638770740809846,5.649961900778789,-2.072980056833685,forward_slouch,poor,False,14.499999999999964,0.0314513377318853,1.572566886594265,3.14513377318853,0.0,0.0,0.0,0.0,3.14513377318853,0.37610304843838027,0.0,3.14513377318853,0.37610304843838027,0.0,0.0,0.0
57.400000000000006,8.70470299830128,0.6788748048961651,5.54053345200828,-2.094526110503636,forward_slouch,poor,False,14.599999999999964,0.025695742926950288,1.2847871463475145,2.569574292695029,0.0,0.0,0.0,0.0,2.569574292695029,0.3198460734837747,0.0,2.569574292695029,0.3198460734837747,0.0,0.0,0.0
57.5,8.650357179676675,0.5665789603981851,5.5852804412520864,-2.1412981597524077,forward_slouch,poor,False,14.699999999999964,0.020993421971318385,1.0496710985659192,2.0993421971318385,0.0,0.0,0.0,0.0,2.0993421971318385,0.27013911359607046,0.0,2.0993421971318385,0.27013911359607046,0.0,0.0,0.0
57.6,8.641037275400413,0.45481491124653156,5.6026888321343495,-2.1252064285854075,forward_slouch,poor,False,14.799999999999963,0.01715162575056712,0.8575812875283559,1.7151625750567119,0.0,0.0,0.0,0.0,1.7151625750567119,0.22684395873523366,0.0,1.7151625750567119,0.22684395873523366,0.0,0.0,0.0
57.7,8.717634835591298,0.4514969894539837,5.566746605528216,-2.102997658516074,forward_slouch,poor,False,14.899999999999963,0.014012878238213337,0.7006439119106668,1.4012878238213335,0.0,0.0,0.0,0.0,1.4012878238213335,0.18957232236206767,0.0,1.4012878238213335,0.18957232236206767,0.0,0.0,0.0
57.800000000000004,8.630843163389903,0.4752786977767642,5.64168641264618,-2.100963850952614,forward_slouch,poor,False,14.999999999999963,0.011448521520620295,0.5724260760310147,1.1448521520620294,0.0,0.0,0.0,0.0,1.1448521520620294,0.15779162811560654,0.0,1.1448521520620294,0.15779162811560654,0.0,0.0,0.0
57.900000000000006,8.515976037918026,0.46160493828407245,5.588140637546398,-1.9994205770697087,forward_slouch,poor,False,15.099999999999962,0.00935344208234678,0.467672104117339,0.935344208234678,0.0,0.0,0.0,0.0,0.935344208234678,0.13090395065583071,0.0,0.935344208234678,0.13090395065583071,0.0,0.0,0.0
58.0,8.517871516736356,0.46271489701124274,5.646695036799067,-2.075760558559212,forward_slouch,poor,False,15.199999999999962,0.00764176218127732,0.382088109063866,0.764176218127732,0.0,0.0,0.0,0.0,0.764176218127732,0.10830080866261793,0.0,0.764176218127732,0.10830080866261793,0.0,0.0,0.0
58.1,8.664442067013232,0.4799261196353898,5.591396338612339,-2.0637954162483014,forward_slouch,poor,False,15.299999999999962,0.00624331970210357,0.3121659851051785,0.624331970210357,0.0,0.0,0.0,0.0,0.624331970210357,0.08939839684184825,0.0,0.624331970210357,0.08939839684184825,0.0,0.0,0.0
58.2,8.6863191476185,0.5469255348820559,5.577518300217536,-2.092662485813426,forward_slouch,poor,False,15.399999999999961,0.005100792196618617,0.2550396098309308,0.5100792196618616,0.0,0.0,0.0,0.0,0.5100792196618616,0.0736580934504707,0.0,0.5100792196618616,0.0736580934504707,0.0,0.0,0.0
58.300000000000004,8.825453334326445,0.5643878826204997,5.5349487961894654,-2.127547729442356,forward_slouch,poor,False,15.499999999999961,0.004167347224637409,0.20836736123187047,0.41673472246374094,0.0,0.0,0.0,0.0,0.41673472246374094,0.06059652701329166,0.0,0.41673472246374094,0.06059652701329166,0.0,0.0,0.0
58.400000000000006,8.844577038248847,0.5918101700776549,5.511485488810831,-2.085273483964569,forward_slouch,poor,False,15.59999999999996,0.0034047226825287638,0.17023613412643818,0.34047226825287635,0.0,0.0,0.0,0.0,0.34047226825287635,0.04978864505034064,0.0,0.34047226825287635,0.04978864505034064,0.0,0.0,0.0
58.5,8.756901743720734,0.6248529268068767,5.573279270387228,-2.093336351582536,forward_slouch,poor,False,15.69999999999996,0.002781658431626,0.13908292158129998,0.27816584316259996,0.0,0.0,0.0,0.0,0.27816584316259996,0.04086637549971195,0.0,0.27816584316259996,0.04086637549971195,0.0,0.0,0.0
58.6,8.920835232826544,0.641235590711015,5.542368451221871,-2.1218079890075914,forward_slouch,poor,False,15.79999999999996,0.0022726149386384418,0.11363074693192209,0.22726149386384417,0.0,0.0,0.0,0.0,0.22726149386384417,0.03351473296804697,0.0,0.22726149386384417,0.03351473296804697,0.0,0.0,0.0
58.7,8.977617116078095,0.6719914479155753,5.5001228595919,-2.2612262952938,forward_slouch,poor,False,15.89999999999996,0.001856726404867607,0.09283632024338034,0.1856726404867607,0.0,0.0,0.0,0.0,0.1856726404867607,0.027466635465110523,0.0,0.1856726404867607,0.027466635465110523,0.0,0.0,0.0
58.800000000000004,9.008315850976715,0.6588642499994806,5.38047701079252,-2.2606440841379616,forward_slouch,poor,False,15.99999999999996,0.0015169454727768348,0.07584727363884174,0.15169454727768347,0.0,0.0,0.0,0.0,0.15169454727768347,0.022497258078387428,0.0,0.15169454727768347,0.022497258078387428,0.0,0.0,0.0
58.900000000000006,9.053476553627632,0.6396446797284736,5.463642231253405,-2.221873342132425,forward_slouch,poor,False,16.09999999999996,0.0012393444512586742,0.0619672225629337,0.1239344451258674,0.0,0.0,0.0,0.0,0.1239344451258674,0.018418435436549196,0.0,0.1239344451258674,0.018418435436549196,0.0,0.0,0.0
59.0,9.050928719535417,0.6502264263421417,5.435999323822556,-2.2652247557013765,forward_slouch,poor,False,16.19999999999996,0.0010125444166783366,0.05062722083391683,0.10125444166783366,0.0,0.0,0.0,0.0,0.10125444166783366,0.015073407778007364,0.0,0.10125444166783366,0.015073407778007364,0.0,0.0,0.0
59.1,9.032125104308655,0.6647610585875694,5.381250393112493,-2.175758769857853,forward_slouch,poor,False,16.29999999999996,0.000827248788426201,0.04136243942131005,0.0827248788426201,0.0,0.0,0.0,0.0,0.0827248788426201,0.012332060970645542,0.0,0.0827248788426201,0.012332060970645542,0.0,0.0,0.0
59.2,9.026360543818072,0.7315251788867152,5.319719342780576,-2.16689637744707,forward_slouch,poor,False,16.399999999999963,0.0006758622601442063,0.03379311300721031,0.06758622601442062,0.0,0.0,0.0,0.0,0.06758622601442062,0.010086718269944006,0.0,0.06758622601442062,0.010086718269944006,0.0,0.0,0.0
59.300000000000004,9.114942114121298,0.7598190980044542,5.3007440473539305,-2.2254087039015493,forward_slouch,poor,False,16.499999999999964,0.0005521794665378164,0.027608973326890822,0.055217946653781644,0.0,0.0,0.0,0.0,0.055217946653781644,0.008248485011827067,0.0,0.055217946653781644,0.008248485011827067,0.0,0.0,0.0
59.400000000000006,9.14714004684535,0.8743897076283765,5.24261842705079,-2.117041632145788,forward_slouch,poor,False,16.599999999999966,0.00045113062416139607,0.022556531208069802,0.045113062416139604,0.0,0.0,0.0,0.0,0.045113062416139604,0.00674411505080208,0.0,0.045113062416139604,0.00674411505080208,0.0,0.0,0.0
59.5,9.275635033103084,0.8940845078003723,5.191742741180039,-2.1603219419117323,forward_slouch,poor,False,16.699999999999967,0.00036857371993986057,0.018428685996993027,0.03685737199398605,0.0,0.0,0.0,0.0,0.03685737199398605,0.005513351183256576,0.0,0.03685737199398605,0.005513351183256576,0.0,0.0,0.0
59.6,9.266021307993048,0.9407460557328762,5.1382143888274365,-2.2035978528897795,forward_slouch,poor,False,16.79999999999997,0.0003011247291908661,0.015056236459543303,0.030112472919086607,0.0,0.0,0.0,0.0,0.030112472919086607,0.004506685217959827,0.0,0.030112472919086607,0.004506685217959827,0.0,0.0,0.0
59.7,9.270312435230984,0.9682107725919097,5.166218323243178,-2.2972423707603133,forward_slouch,poor,False,16.89999999999997,0.0002460189037489376,0.012300945187446878,0.024601890374893756,0.0,0.0,0.0,0.0,0.024601890374893756,0.003683482827981921,0.0,0.024601890374893756,0.003683482827981921,0.0,0.0,0.0
59.800000000000004,9.346752447845601,0.986569008210562,5.2259878976207,-2.274671510792638,forward_slouch,poor,False,16.99999999999997,0.00020099744436288198,0.0100498722181441,0.0200997444362882,0.0,0.0,0.0,0.0,0.0200997444362882,0.003010421232744309,0.0,0.0200997444362882,0.003010421232744309,0.0,0.0,0.0
59.900000000000006,9.34089690083019,0.9857984444304888,5.146008995860661,-2.253757718719637,forward_slouch,poor,False,17.099999999999973,0.0001642149120444746,0.00821074560222373,0.01642149120444746,0.0,0.0,0.0,0.0,0.01642149120444746,0.0024601924346064896,0.0,0.01642149120444746,0.0024601924346064896,0.0,0.0,0.0
60.0,9.33759948443923,0.9956765645566252,5.05460216734058,-2.210627682037336,forward_slouch,poor,False,17.199999999999974,0.00013416358314033574,0.006708179157016787,0.013416358314033573,0.0,0.0,0.0,0.0,0.013416358314033573,0.0020104301197759744,0.0,0.013416358314033573,0.0020104301197759744,0.0,0.0,0.0
60.1,9.293329449626963,0.9364411884401411,5.087985634574091,-2.2090458452361617,forward_slouch,poor,False,17.299999999999976,0.00010961164742565428,0.005480582371282714,0.010961164742565428,0.0,0.0,0.0,0.0,0.010961164742565428,0.0016428237966253922,0.0,0.010961164742565428,0.0016428237966253922,0.0,0.0,0.0
60.2,9.370864824949876,0.9892442717447446,5.037831058417927,-2.237124064182768,forward_slouch,poor,True,17.399999999999977,0.0384961294147923,1.9248064707396149,3.8496129414792297,0.0,0.0,0.0,1.6,3.8496129414792297,0.438667547046531,1.6,3.8496129414792297,0.438667547046531,0.0,0.0,0.0
60.300000000000004,9.28085126756956,0.921614209621853,5.0603877367734675,-2.268904162762312,forward_slouch,poor,False,17.49999999999998,0.031451337731885305,1.5725668865942652,3.1451337731885305,0.0,0.0,0.0,0.0,3.1451337731885305,0.3761030484383804,0.0,3.1451337731885305,0.3761030484383804,0.0,0.0,0.0
60.400000000000006,9.29522679929425,0.8810902154829386,5.061558892714396,-2.1485128787390413,forward_slouch,poor,False,17.59999999999998,0.025695742926950295,1.2847871463475147,2.5695742926950293,0.0,0.0,0.0,0.0,2.5695742926950293,0.3198460734837747,0.0,2.5695742926950293,0.3198460734837747,0.0,0.0,0.0
60.5,9.429581790774012,0.9043264638375647,4.994455768277206,-2.091137680911175,forward_slouch,poor,False,17.69999999999998,0.02099342197131839,1.0496710985659194,2.099342197131839,0.0,0.0,0.0,0.0,2.099342197131839,0.27013911359607057,0.0,2.099342197131839,0.27013911359607057,0.0,0.0,0.0
60.6,9.394360645394473,0.8821972761147754,4.920960954980073,-1.9779932078067572,forward_slouch,poor,False,17.799999999999983,0.017151625750567123,0.8575812875283562,1.7151625750567123,0.0,0.0,0.0,0.0,1.7151625750567123,0.22684395873523366,0.0,1.7151625750567123,0.22684395873523366,0.0,0.0,0.0
60.7,9.483147149791748,0.8371991919076655,4.936538815037341,-2.0198462370274486,forward_slouch,poor,False,17.899999999999984,0.014012878238213339,0.700643911910667,1.401287823821334,0.0,0.0,0.0,0.0,1.401287823821334,0.18957232236206767,0.0,1.401287823821334,0.18957232236206767,0.0,0.0,0.0
60.800000000000004,9.332045644294665,0.8641287040741158,4.844407682741917,-2.19934115791837,forward_slouch,poor,False,17.999999999999986,0.0114485215206203,0.5724260760310149,1.1448521520620298,0.0,0.0,0.0,0.0,1.1448521520620298,0.15779162811560654,0.0,1.1448521520620298,0.15779162811560654,0.0,0.0,0.0
60.900000000000006,9.36775947688723,0.8839237295624724,4.828179156117636,-2.1921360334912388,forward_slouch,poor,False,18.099999999999987,0.009353442082346784,0.46767210411733917,0.9353442082346783,0.0,0.0,0.0,0.0,0.9353442082346783,0.13090395065583071,0.0,0.9353442082346783,0.13090395065583071,0.0,0.0,0.0
61.0,9.241775009746597,0.895011602532755,4.921578973365538,-2.2448575067852006,forward_slouch,poor,False,18.19999999999999,0.007641762181277322,0.3820881090638661,0.7641762181277322,0.0,0.0,0.0,0.0,0.7641762181277322,0.10830080866261793,0.0,0.7641762181277322,0.10830080866261793,0.0,0.0,0.0
61.1,9.300119680414374,0.883610311305395,4.818664271736818,-2.2748312140806055,forward_slouch,poor,False,18.29999999999999,0.006243319702103571,0.31216598510517857,0.6243319702103571,0.0,0.0,0.0,0.0,0.6243319702103571,0.08939839684184825,0.0,0.6243319702103571,0.08939839684184825,0.0,0.0,0.0
61.2,9.490870347173992,0.8663597890500206,4.862165225095049,-2.2911425831414816,forward_slouch,poor,False,18.39999999999999,0.005100792196618618,0.2550396098309309,0.5100792196618618,0.0,0.0,0.0,0.0,0.5100792196618618,0.07365809345047081,0.0,0.5100792196618618,0.07365809345047081,0.0,0.0,0.0
61.300000000000004,9.579846137168447,0.9147310782616482,4.91667353827732,-2.3091815205959874,forward_slouch,poor,False,18.499999999999993,0.00416734722463741,0.20836736123187052,0.41673472246374105,0.0,0.0,0.0,0.0,0.41673472246374105,0.06059652701329166,0.0,0.41673472246374105,0.06059652701329166,0.0,0.0,0.0
61.400000000000006,9.608165280003997,0.9489745749924724,4.977415809653955,-2.2596699984057285,forward_slouch,poor,False,18.599999999999994,0.0034047226825287646,0.1702361341264382,0.3404722682528764,0.0,0.0,0.0,0.0,0.3404722682528764,0.04978864505034064,0.0,0.3404722682528764,0.04978864505034064,0.0,0.0,0.0
61.5,9.591651328349814,1.033216164590903,4.857959369143926,-2.260510154085498,forward_slouch,poor,False,18.699999999999996,0.0027816584316260004,0.1390829215813,0.2781658431626,0.0,0.0,0.0,0.0,0.2781658431626,0.04086637549971195,0.0,0.2781658431626,0.04086637549971195,0.0,0.0,0.0
61.6,9.689453963286297,0.9471967544148512,4.862619270504577,-2.312192579972615,forward_slouch,poor,False,18.799999999999997,0.0022726149386384418,0.1136307469319221,0.2272614938638442,0.0,0.0,0.0,0.0,0.2272614938638442,0.03351473296804697,0.0,0.2272614938638442,0.03351473296804697,0.0,0.0,0.0
61.7,9.709160228160284,0.979419753896751,4.863832240778114,-2.323767042789531,forward_slouch,poor,False,18.9,0.001856726404867607,0.09283632024338036,0.18567264048676071,0.0,0.0,0.0,0.0,0.18567264048676071,0.027466635465110523,0.0,0.18567264048676071,0.027466635465110523,0.0,0.0,0.0
61.800000000000004,9.69609371719274,0.9465421263616723,4.942530242717664,-2.3806753100786,forward_slouch,poor,False,19.0,0.001516945472776835,0.07584727363884175,0.1516945472776835,0.0,0.0,0.0,0.0,0.1516945472776835,0.022497258078387428,0.0,0.1516945472776835,0.022497258078387428,0.0,0.0,0.0
61.900000000000006,9.674413950827121,0.9074326017788181,4.977309364725368,-2.4428951328590154,forward_slouch,poor,False,19.1,0.0012393444512586744,0.06196722256293371,0.12393444512586742,0.0,0.0,0.0,0.0,0.12393444512586742,0.018418435436549196,0.0,0.12393444512586742,0.018418435436549196,0.0,0.0,0.0
62.0,9.601251088656747,0.9061839024198785,5.053223094670215,-2.393384601718312,forward_slouch,poor,False,19.200000000000003,0.0010125444166783368,0.05062722083391684,0.10125444166783368,0.0,0.0,0.0,0.0,0.10125444166783368,0.015073407778007364,0.0,0.10125444166783368,0.015073407778007364,0.0,0.0,0.0
62.1,9.572022283577729,0.9720458792011479,5.040945500430415,-2.416540530350081,forward_slouch,poor,False,19.300000000000004,0.0008272487884262011,0.04136243942131006,0.08272487884262011,0.0,0.0,0.0,0.0,0.08272487884262011,0.012332060970645542,0.0,0.08272487884262011,0.012332060970645542,0.0,0.0,0.0
62.2,9.436407543486396,1.0476901744575884,5.0061082754518225,-2.352794428624324,forward_slouch,poor,False,19.400000000000006,0.0006758622601442064,0.033793113007210315,0.06758622601442063,0.0,0.0,0.0,0.0,0.06758622601442063,0.010086718269944006,0.0,0.06758622601442063,0.010086718269944006,0.0,0.0,0.0
62.300000000000004,9.62815875769322,1.1026466133256436,4.9878678636973035,-2.3131075022665075,forward_slouch,poor,False,19.500000000000007,0.0005521794665378166,0.02760897332689083,0.05521794665378166,0.0,0.0,0.0,0.0,0.05521794665378166,0.008248485011827067,0.0,0.05521794665378166,0.008248485011827067,0.0,0.0,0.0
62.400000000000006,9.682791137590437,1.1384787677826234,4.940522836865253,-2.281836988741046,forward_slouch,poor,False,19.60000000000001,0.0004511306241613961,0.022556531208069806,0.04511306241613961,0.0,0.0,0.0,0.0,0.04511306241613961,0.00674411505080208,0.0,0.04511306241613961,0.00674411505080208,0.0,0.0,0.0
62.5,9.823999718850038,1.15240498076801,4.840910151342493,-2.2806935504338015,forward_slouch,poor,False,19.70000000000001,0.0003685737199398606,0.01842868599699303,0.03685737199398606,0.0,0.0,0.0,0.0,0.03685737199398606,0.005513351183256576,0.0,0.03685737199398606,0.005513351183256576,0.0,0.0,0.0
62.6,9.793401462451522,1.1125708857483898,4.882616395423115,-2.2814375927378774,forward_slouch,poor,False,19.80000000000001,0.00030112472919086616,0.015056236459543305,0.03011247291908661,0.0,0.0,0.0,0.0,0.03011247291908661,0.004506685217959827,0.0,0.03011247291908661,0.004506685217959827,0.0,0.0,0.0
62.7,9.81891295079077,1.1183430380456054,4.941949033890568,-2.2772629975676195,forward_slouch,poor,False,19.900000000000013,0.0002460189037489376,0.01230094518744688,0.02460189037489376,0.0,0.0,0.0,0.0,0.02460189037489376,0.003683482827981921,0.0,0.02460189037489376,0.003683482827981921,0.0,0.0,0.0
62.800000000000004,9.910670036898136,1.14652797374568,5.029464027210739,-2.312810513133712,forward_slouch,poor,False,20.000000000000014,0.00020099744436288203,0.010049872218144101,0.020099744436288203,0.0,0.0,0.0,0.0,0.020099744436288203,0.003010421232744309,0.0,0.020099744436288203,0.003010421232744309,0.0,0.0,0.0
62.900000000000006,9.9444679330822,1.1424125769651654,5.03057243787654,-2.222494374341848,forward_slouch,poor,False,20.100000000000016,0.00016421491204447465,0.008210745602223731,0.016421491204447462,0.0,0.0,0.0,0.0,0.016421491204447462,0.0024601924346064896,0.0,0.016421491204447462,0.0024601924346064896,0.0,0.0,0.0
63.0,10.081351310747083,1.2004868098078625,4.971194592424711,-2.180870323509965,forward_slouch,poor,False,20.200000000000017,0.00013416358314033577,0.006708179157016788,0.013416358314033577,0.0,0.0,0.0,0.0,0.013416358314033577,0.0020104301197759744,0.0,0.013416358314033577,0.0020104301197759744,0.0,0.0,0.0
63.1,10.133789435282802,1.146526451656231,5.0720698472238475,-2.196167777979708,forward_slouch,poor,False,20.30000000000002,0.00010961164742565433,0.005480582371282716,0.010961164742565432,0.0,0.0,0.0,0.0,0.010961164742565432,0.0016428237966253922,0.0,0.010961164742565432,0.0016428237966253922,0.0,0.0,0.0
63.2,9.988485228029408,1.1847351264199437,5.101473283755937,-2.104217714387924,forward_slouch,poor,True,20.40000000000002,0.0384961294147923,1.9248064707396149,3.8496129414792297,0.0,0.0,0.0,1.6,3.8496129414792297,0.438667547046531,1.6,3.8496129414792297,0.438667547046531,0.0,0.0,0.0
63.300000000000004,9.977684227326097,1.287601147724908,5.025989329957619,-2.19165114018927,forward_slouch,poor,False,20.50000000000002,0.031451337731885305,1.5725668865942652,3.1451337731885305,0.0,0.0,0.0,0.0,3.1451337731885305,0.3761030484383804,0.0,3.1451337731885305,0.3761030484383804,0.0,0.0,0.0
63.400000000000006,10.034542344403237,1.2219733151473688,5.026944900866257,-2.259826433807431,forward_slouch,poor,False,20.600000000000023,0.025695742926950295,1.2847871463475147,2.5695742926950293,0.0,0.0,0.0,0.0,2.5695742926950293,0.3198460734837747,0.0,2.5695742926950293,0.3198460734837747,0.0,0.0,0.0
63.5,10.093701884420897,1.1697821622306765,5.008476311005152,-2.2765437068283307,forward_slouch,poor,False,20.700000000000024,0.02099342197131839,1.0496710985659194,2.099342197131839,0.0,0.0,0.0,0.0,2.099342197131839,0.27013911359607057,0.0,2.099342197131839,0.27013911359607057,0.0,0.0,0.0
63.6,10.151956043433323,1.2250209576730156,4.985761463846945,-2.1727100664987056,forward_slouch,poor,False,20.800000000000026,0.017151625750567123,0.8575812875283562,1.7151625750567123,0.0,0.0,0.0,0.0,1.7151625750567123,0.22684395873523366,0.0,1.7151625750567123,0.22684395873523366,0.0,0.0,0.0
63.7,10.08830350154339,1.207052032522999,4.964082722876889,-2.1484712122675154,forward_slouch,poor,False,20.900000000000027,0.014012878238213339,0.700643911910667,1.401287823821334,0.0,0.0,0.0,0.0,1.401287823821334,0.18957232236206767,0.0,1.401287823821334,0.18957232236206767,0.0,0.0,0.0
63.800000000000004,10.05494153688365,1.243868730311858,4.958814914160106,-2.175166518960061,forward_slouch,poor,False,21.00000000000003,0.0114485215206203,0.5724260760310149,1.1448521520620298,0.0,0.0,0.0,0.0,1.1448521520620298,0.15779162811560654,0.0,1.1448521520620298,0.15779162811560654,0.0,0.0,0.0
63.900000000000006,10.074913112348973,1.2355599739273573,4.916604452416188,-2.121411206460974,forward_slouch,poor,False,21.10000000000003,0.009353442082346784,0.46767210411733917,0.9353442082346783,0.0,0.0,0.0,0.0,0.9353442082346783,0.13090395065583071,0.0,0.9353442082346783,0.13090395065583071,0.0,0.0,0.0
64.0,10.070907315116232,1.2012969511039724,4.835973517892553,-2.1929373034988178,forward_slouch,poor,False,21.20000000000003,0.007641762181277322,0.3820881090638661,0.7641762181277322,0.0,0.0,0.0,0.0,0.7641762181277322,0.10830080866261793,0.0,0.7641762181277322,0.10830080866261793,0.0,0.0,0.0
64.10000000000001,9.965192496078918,1.151108642828291,4.81676536490413,-2.124462048851685,forward_slouch,poor,False,21.300000000000033,0.006243319702103571,0.31216598510517857,0.6243319702103571,0.0,0.0,0.0,0.0,0.6243319702103571,0.08939839684184825,0.0,0.6243319702103571,0.08939839684184825,0.0,0.0,0.0
64.2,9.96846753915489,1.1786348112772238,4.853191738414818,-2.1335263833467764,forward_slouch,poor,False,21.400000000000034,0.005100792196618618,0.2550396098309309,0.5100792196618618,0.0,0.0,0.0,0.0,0.5100792196618618,0.07365809345047081,0.0,0.5100792196618618,0.07365809345047081,0.0,0.0,0.0
64.3,10.117625796659162,1.1712824634085142,4.8391565338636235,-2.208167291963374,forward_slouch,poor,False,21.500000000000036,0.00416734722463741,0.20836736123187052,0.41673472246374105,0.0,0.0,0.0,0.0,0.41673472246374105,0.06059652701329166,0.0,0.41673472246374105,0.06059652701329166,0.0,0.0,0.0
64.4,10.111832138075561,1.2180265675973938,4.834216781515914,-2.232015886472307,forward_slouch,poor,False,21.600000000000037,0.0034047226825287646,0.1702361341264382,0.3404722682528764,0.0,0.0,0.0,0.0,0.3404722682528764,0.04978864505034064,0.0,0.3404722682528764,0.04978864505034064,0.0,0.0,0.0
64.5,10.148200377674742,1.1624837732751996,4.919958040877605,-2.268101205451645,forward_slouch,poor,False,21.70000000000004,0.0027816584316260004,0.1390829215813,0.2781658431626,0.0,0.0,0.0,0.0,0.2781658431626,0.04086637549971195,0.0,0.2781658431626,0.04086637549971195,0.0,0.0,0.0
64.60000000000001,10.238896666616382,1.136284051996146,4.918621057620327,-2.1893090202799605,forward_slouch,poor,False,21.80000000000004,0.0022726149386384418,0.1136307469319221,0.2272614938638442,0.0,0.0,0.0,0.0,0.2272614938638442,0.03351473296804697,0.0,0.2272614938638442,0.03351473296804697,0.0,0.0,0.0
64.7,10.18228176088975,1.1089951598069798,4.83824437410085,-2.2124956088897494,forward_slouch,poor,False,21.90000000000004,0.001856726404867607,0.09283632024338036,0.18567264048676071,0.0,0.0,0.0,0.0,0.18567264048676071,0.027466635465110523,0.0,0.18567264048676071,0.027466635465110523,0.0,0.0,0.0
64.8,10.161986647462742,1.1912664876562653,4.831324737021643,-2.229138821888578,forward_slouch,poor,False,22.000000000000043,0.001516945472776835,0.07584727363884175,0.1516945472776835,0.0,0.0,0.0,0.0,0.1516945472776835,0.022497258078387428,0.0,0.1516945472776835,0.022497258078387428,0.0,0.0,0.0
64.9,10.312666716074188,1.129273735492813,4.867701768682926,-2.2733116366407367,forward_slouch,poor,False,22.100000000000044,0.0012393444512586744,0.06196722256293371,0.12393444512586742,0.0,0.0,0.0,0.0,0.12393444512586742,0.018418435436549196,0.0,0.12393444512586742,0.018418435436549196,0.0,0.0,0.0
65.0,10.25776701464186,1.1055726312003542,4.946091398888273,-2.2324480148419883,forward_slouch,poor,False,22.200000000000045,0.0010125444166783368,0.05062722083391684,0.10125444166783368,0.0,0.0,0.0,0.0,0.10125444166783368,0.015073407778007364,0.0,0.10125444166783368,0.015073407778007364,0.0,0.0,0.0
65.10000000000001,10.337699186019313,1.214681501770029,4.928716045271884,-2.224947846034202,forward_slouch,poor,False,22.300000000000047,0.0008272487884262011,0.04136243942131006,0.08272487884262011,0.0,0.0,0.0,0.0,0.08272487884262011,0.012332060970645542,0.0,0.08272487884262011,0.012332060970645542,0.0,0.0,0.0
65.2,10.348724140011107,1.237455255992107,4.948675167794805,-2.1634472116746783,forward_slouch,poor,False,22.40000000000005,0.0006758622601442064,0.033793113007210315,0.06758622601442063,0.0,0.0,0.0,0.0,0.06758622601442063,0.010086718269944006,0.0,0.06758622601442063,0.010086718269944006,0.0,0.0,0.0
65.3,10.266405497356029,1.2757846414199219,5.005860699173059,-2.0718317095654113,forward_slouch,poor,False,22.50000000000005,0.0005521794665378166,0.02760897332689083,0.05521794665378166,0.0,0.0,0.0,0.0,0.05521794665378166,0.008248485011827067,0.0,0.05521794665378166,0.008248485011827067,0.0,0.0,0.0
65.4,10.358963045159838,1.2649822265705601,5.03431353245593,-2.0330931452794805,forward_slouch,poor,False,22.60000000000005,0.0004511306241613961,0.022556531208069806,0.04511306241613961,0.0,0.0,0.0,0.0,0.04511306241613961,0.00674411505080208,0.0,0.04511306241613961,0.00674411505080208,0.0,0.0,0.0
65.5,10.372589004518701,1.2463160526931727,5.018920826607172,-2.0749685169572385,forward_slouch,poor,False,22.700000000000053,0.0003685737199398606,0.01842868599699303,0.03685737199398606,0.0,0.0,0.0,0.0,0.03685737199398606,0.005513351183256576,0.0,0.03685737199398606,0.005513351183256576,0.0,0.0,0.0
65.60000000000001,10.450259250871797,1.1289613106292113,4.930396655117116,-2.0882881548505874,forward_slouch,poor,False,22.800000000000054,0.00030112472919086616,0.015056236459543305,0.03011247291908661,0.0,0.0,0.0,0.0,0.03011247291908661,0.004506685217959827,0.0,0.03011247291908661,0.004506685217959827,0.0,0.0,0.0
65.7,10.430772804802638,1.1021126462890924,4.963881593572086,-2.0479814543818975,forward_slouch,poor,False,22.900000000000055,0.0002460189037489376,0.01230094518744688,0.02460189037489376,0.0,0.0,0.0,0.0,0.02460189037489376,0.003683482827981921,0.0,0.02460189037489376,0.003683482827981921,0.0,0.0,0.0
65.8,10.618135764544332,1.127824025648224,5.02393457537738,-2.0426092383406655,forward_slouch,poor,False,23.000000000000057,0.00020099744436288203,0.010049872218144101,0.020099744436288203,0.0,0.0,0.0,0.0,0.020099744436288203,0.003010421232744309,0.0,0.020099744436288203,0.003010421232744309,0.0,0.0,0.0
65.9,10.545391839642607,1.094822910428978,5.1229672338091365,-2.062976723715687,forward_slouch,poor,False,23.10000000000006,0.00016421491204447465,0.008210745602223731,0.016421491204447462,0.0,0.0,0.0,0.0,0.016421491204447462,0.0024601924346064896,0.0,0.016421491204447462,0.0024601924346064896,0.0,0.0,0.0
66.0,10.576853560637574,1.1664286686510694,5.127264871714769,-2.1070518744539757,forward_slouch,poor,False,23.20000000000006,0.00013416358314033577,0.006708179157016788,0.013416358314033577,0.0,0.0,0.0,0.0,0.013416358314033577,0.0020104301197759744,0.0,0.013416358314033577,0.0020104301197759744,0.0,0.0,0.0
66.10000000000001,10.565628799275096,1.2666581194445277,5.151844668774094,-2.146689136891241,forward_slouch,poor,False,23.30000000000006,0.00010961164742565433,0.005480582371282716,0.010961164742565432,0.0,0.0,0.0,0.0,0.010961164742565432,0.0016428237966253922,0.0,0.010961164742565432,0.0016428237966253922,0.0,0.0,0.0
66.2,10.589018630104812,1.2541381999995092,5.135021965016045,-2.063502232585178,forward_slouch,poor,True,23.400000000000063,0.0384961294147923,1.9248064707396149,3.8496129414792297,0.0,0.0,0.0,1.6,3.8496129414792297,0.438667547046531,1.6,3.8496129414792297,0.438667547046531,0.0,0.0,0.0
66.3,10.560312606268912,1.201545524135487,5.062506232948838,-2.0596225921476257,forward_slouch,poor,False,23.500000000000064,0.031451337731885305,1.5725668865942652,3.1451337731885305,0.0,0.0,0.0,0.0,3.1451337731885305,0.3761030484383804,0.0,3.1451337731885305,0.3761030484383804,0.0,0.0,0.0
66.4,10.52119141410683,1.2573030860192564,4.927587269697356,-2.081424806897204,forward_slouch,poor,False,23.600000000000065,0.025695742926950295,1.2847871463475147,2.5695742926950293,0.0,0.0,0.0,0.0,2.5695742926950293,0.3198460734837747,0.0,2.5695742926950293,0.3198460734837747,0.0,0.0,0.0
66.5,10.651519711948174,1.2923265593382016,4.878140166118638,-2.1800956541299765,forward_slouch,poor,False,23.700000000000067,0.02099342197131839,1.0496710985659194,2.099342197131839,0.0,0.0,0.0,0.0,2.099342197131839,0.27013911359607057,0.0,2.099342197131839,0.27013911359607057,0.0,0.0,0.0
66.60000000000001,10.764947114449061,1.1850913624664294,4.909912828129552,-2.2621186752246407,forward_slouch,poor,False,23.800000000000068,0.017151625750567123,0.8575812875283562,1.7151625750567123,0.0,0.0,0.0,0.0,1.7151625750567123,0.22684395873523366,0.0,1.7151625750567123,0.22684395873523366,0.0,0.0,0.0
66.7,10.771250189200765,1.0533895773051267,4.905599931270834,-2.2131096950740807,forward_slouch,poor,False,23.90000000000007,0.014012878238213339,0.700643911910667,1.401287823821334,0.0,0.0,0.0,0.0,1.401287823821334,0.18957232236206767,0.0,1.401287823821334,0.18957232236206767,0.0,0.0,0.0
66.8,10.749853166059449,0.9856802025809401,4.971834174702955,-2.227523282622221,forward_slouch,poor,False,24.00000000000007,0.0114485215206203,0.5724260760310149,1.1448521520620298,0.0,0.0,0.0,0.0,1.1448521520620298,0.15779162811560654,0.0,1.1448521520620298,0.15779162811560654,0.0,0.0,0.0
66.9,10.599925072432969,0.9945278016981006,4.956226351518477,-2.2195437220355867,forward_slouch,poor,False,24.100000000000072,0.009353442082346784,0.46767210411733917,0.9353442082346783,0.0,0.0,0.0,0.0,0.9353442082346783,0.13090395065583071,0.0,0.9353442082346783,0.13090395065583071,0.0,0.0,0.0
67.0,10.585059691475184,0.9919224422579539,4.939708289637682,-2.1336688853374137,forward_slouch,poor,False,24.200000000000074,0.007641762181277322,0.3820881090638661,0.7641762181277322,0.0,0.0,0.0,0.0,0.7641762181277322,0.10830080866261793,0.0,0.7641762181277322,0.10830080866261793,0.0,0.0,0.0
67.10000000000001,10.624867097326172,0.99438709904823,5.041091939808207,-2.1060691688765596,forward_slouch,poor,False,24.300000000000075,0.006243319702103571,0.31216598510517857,0.6243319702103571,0.0,0.0,0.0,0.0,0.6243319702103571,0.08939839684184825,0.0,0.6243319702103571,0.08939839684184825,0.0,0.0,0.0
67.2,10.686336670581166,1.0678565081648537,5.10934413076857,-2.0871156857713804,forward_slouch,poor,False,24.400000000000077,0.005100792196618618,0.2550396098309309,0.5100792196618618,0.0,0.0,0.0,0.0,0.5100792196618618,0.07365809345047081,0.0,0.5100792196618618,0.07365809345047081,0.0,0.0,0.0
67.3,10.61617029164962,1.0986139136999875,5.091317447112578,-2.074442071944083,forward_slouch,poor,False,24.500000000000078,0.00416734722463741,0.20836736123187052,0.41673472246374105,0.0,0.0,0.0,0.0,0.41673472246374105,0.06059652701329166,0.0,0.41673472246374105,0.06059652701329166,0.0,0.0,0.0
67.4,10.676134772687806,1.1546321471729166,5.190246772761795,-2.128569719274139,forward_slouch,poor,False,24.60000000000008,0.0034047226825287646,0.1702361341264382,0.3404722682528764,0.0,0.0,0.0,0.0,0.3404722682528764,0.04978864505034064,0.0,0.3404722682528764,0.04978864505034064,0.0,0.0,0.0
67.5,10.768292836331723,1.1342049984043738,5.191844323090755,-2.0879475358437523,forward_slouch,poor,False,24.70000000000008,0.0027816584316260004,0.1390829215813,0.2781658431626,0.0,0.0,0.0,0.0,0.2781658431626,0.04086637549971195,0.0,0.2781658431626,0.04086637549971195,0.0,0.0,0.0
67.60000000000001,10.709907679682388,1.1647157934257555,5.189097922557619,-2.1267094491417717,forward_slouch,poor,False,24.800000000000082,0.0022726149386384418,0.1136307469319221,0.2272614938638442,0.0,0.0,0.0,0.0,0.2272614938638442,0.03351473296804697,0.0,0.2272614938638442,0.03351473296804697,0.0,0.0,0.0
67.7,10.802984092905117,1.165708231233809,5.09754545730835,-2.0794140107044194,forward_slouch,poor,False,24.900000000000084,0.001856726404867607,0.09283632024338036,0.18567264048676071,0.0,0.0,0.0,0.0,0.18567264048676071,0.027466635465110523,0.0,0.18567264048676071,0.027466635465110523,0.0,0.0,0.0
67.8,10.922631272208497,1.2102743970055978,5.216417578575157,-1.9842267297406637,forward_slouch,poor,False,25.000000000000085,0.001516945472776835,0.07584727363884175,0.1516945472776835,0.0,0.0,0.0,0.0,0.1516945472776835,0.022497258078387428,0.0,0.1516945472776835,0.022497258078387428,0.0,0.0,0.0
67.9,10.978915058143746,1.2092162704230578,5.145244552862637,-1.8881691453520864,forward_slouch,poor,False,25.100000000000087,0.0012393444512586744,0.06196722256293371,0.12393444512586742,0.0,0.0,0.0,0.0,0.12393444512586742,0.018418435436549196,0.0,0.12393444512586742,0.018418435436549196,0.0,0.0,0.0
68.0,11.009485091022492,1.1719843029711747,5.206656727793294,-1.757960237140884,forward_slouch,poor,False,25.200000000000088,0.0010125444166783368,0.05062722083391684,0.10125444166783368,0.0,0.0,0.0,0.0,0.10125444166783368,0.015073407778007364,0.0,0.10125444166783368,0.015073407778007364,0.0,0.0,0.0
68.10000000000001,10.97181226938942,1.1931357935983917,5.243594107429757,-1.7913296818746507,forward_slouch,poor,False,25.30000000000009,0.0008272487884262011,0.04136243942131006,0.08272487884262011,0.0,0.0,0.0,0.0,0.08272487884262011,0.012332060970645542,0.0,0.08272487884262011,0.012332060970645542,0.0,0.0,0.0
68.2,10.90179202774976,1.2186281866686117,5.297193680455683,-1.7299253083384964,forward_slouch,poor,False,25.40000000000009,0.0006758622601442064,0.033793113007210315,0.06758622601442063,0.0,0.0,0.0,0.0,0.06758622601442063,0.010086718269944006,0.0,0.06758622601442063,0.010086718269944006,0.0,0.0,0.0
68.3,11.012392731622924,1.2255313708651947,5.381669708258074,-1.8059753126740483,forward_slouch,poor,False,25.500000000000092,0.0005521794665378166,0.02760897332689083,0.05521794665378166,0.0,0.0,0.0,0.0,0.05521794665378166,0.008248485011827067,0.0,0.05521794665378166,0.008248485011827067,0.0,0.0,0.0
68.4,11.016254261297554,1.2218693133943797,5.382506687843164,-1.7853880238798205,forward_slouch,poor,False,25.600000000000094,0.0004511306241613961,0.022556531208069806,0.04511306241613961,0.0,0.0,0.0,0.0,0.04511306241613961,0.00674411505080208,0.0,0.04511306241613961,0.00674411505080208,0.0,0.0,0.0
68.5,10.988878864022041,1.2248934330072554,5.4066297469828974,-1.7537862692732908,forward_slouch,poor,False,25.700000000000095,0.0003685737199398606,0.01842868599699303,0.03685737199398606,0.0,0.0,0.0,0.0,0.03685737199398606,0.005513351183256576,0.0,0.03685737199398606,0.005513351183256576,0.0,0.0,0.0
68.60000000000001,11.166554299843277,1.2051680169703025,5.4526448002566585,-1.6353622241876864,forward_slouch,poor,False,25.800000000000097,0.00030112472919086616,0.015056236459543305,0.03011247291908661,0.0,0.0,0.0,0.0,0.03011247291908661,0.004506685217959827,0.0,0.03011247291908661,0.004506685217959827,0.0,0.0,0.0
68.7,11.161020654535982,1.1547559997787047,5.504931441943558,-1.6795480250938282,forward_slouch,poor,False,25.900000000000098,0.0002460189037489376,0.01230094518744688,0.02460189037489376,0.0,0.0,0.0,0.0,0.02460189037489376,0.003683482827981921,0.0,0.02460189037489376,0.003683482827981921,0.0,0.0,0.0
68.8,11.182538274731666,1.184785239140369,5.594150598884403,-1.5709389884682659,forward_slouch,poor,False,26.0000000000001,0.00020099744436288203,0.010049872218144101,0.020099744436288203,0.0,0.0,0.0,0.0,0.020099744436288203,0.003010421232744309,0.0,0.020099744436288203,0.003010421232744309,0.0,0.0,0.0
68.9,11.158489893820807,1.240486652990174,5.535697075070916,-1.578846582948264,forward_slouch,poor,False,26.1000000000001,0.00016421491204447465,0.008210745602223731,0.016421491204447462,0.0,0.0,0.0,0.0,0.016421491204447462,0.0024601924346064896,0.0,0.016421491204447462,0.0024601924346064896,0.0,0.0,0.0
69.0,11.202683762906837,1.2608516245939119,5.605520200807883,-1.6825100380902271,forward_slouch,poor,False,26.200000000000102,0.00013416358314033577,0.006708179157016788,0.013416358314033577,0.0,0.0,0.0,0.0,0.013416358314033577,0.0020104301197759744,0.0,0.013416358314033577,0.0020104301197759744,0.0,0.0,0.0
69.10000000000001,11.266226622061803,1.2058474299190012,5.554026554616245,-1.671268887090439,forward_slouch,poor,False,26.300000000000104,0.00010961164742565433,0.005480582371282716,0.010961164742565432,0.0,0.0,0.0,0.0,0.010961164742565432,0.0016428237966253922,0.0,0.010961164742565432,0.0016428237966253922,0.0,0.0,0.0
69.2,11.17852631716879,1.1530408373296248,5.575712519223089,-1.6925969787496518,forward_slouch,poor,True,26.400000000000105,0.0384961294147923,1.9248064707396149,3.8496129414792297,0.0,0.0,0.0,1.6,3.8496129414792297,0.438667547046531,1.6,3.8496129414792297,0.438667547046531,0.0,0.0,0.0
69.3,11.037886619397446,1.2243766016745459,5.527859624097177,-1.611057853007685,forward_slouch,poor,False,26.500000000000107,0.031451337731885305,1.5725668865942652,3.1451337731885305,0.0,0.0,0.0,0.0,3.1451337731885305,0.3761030484383804,0.0,3.1451337731885305,0.3761030484383804,0.0,0.0,0.0
69.4,10.991584230485758,1.265922083696834,5.482637979700656,-1.5279458197119924,forward_slouch,poor,False,26.600000000000108,0.025695742926950295,1.2847871463475147,2.5695742926950293,0.0,0.0,0.0,0.0,2.5695742926950293,0.3198460734837747,0.0,2.5695742926950293,0.3198460734837747,0.0,0.0,0.0
69.5,11.02992106931158,1.2032719174245985,5.479061462116739,-1.511417885932291,forward_slouch,poor,False,26.70000000000011,0.02099342197131839,1.0496710985659194,2.099342197131839,0.0,0.0,0.0,0.0,2.099342197131839,0.27013911359607057,0.0,2.099342197131839,0.27013911359607057,0.0,0.0,0.0
69.60000000000001,10.967757394892566,1.165691809385866,5.498866180354059,-1.557706123781661,forward_slouch,poor,False,26.80000000000011,0.017151625750567123,0.8575812875283562,1.7151625750567123,0.0,0.0,0.0,0.0,1.7151625750567123,0.22684395873523366,0.0,1.7151625750567123,0.22684395873523366,0.0,0.0,0.0
69.7,11.077884699392314,1.2223202259417545,5.442052513040985,-1.544492308033198,forward_slouch,poor,False,26.900000000000112,0.014012878238213339,0.700643911910667,1.401287823821334,0.0,0.0,0.0,0.0,1.401287823821334,0.18957232236206767,0.0,1.401287823821334,0.18957232236206767,0.0,0.0,0.0
69.8,10.88632557331227,1.2308000372424186,5.416539166192974,-1.528018200606907,forward_slouch,poor,False,27.000000000000114,0.0114485215206203,0.5724260760310149,1.1448521520620298,0.0,0.0,0.0,0.0,1.1448521520620298,0.15779162811560654,0.0,1.1448521520620298,0.15779162811560654,0.0,0.0,0.0
69.9,10.746535183461244,1.1911473508957848,5.384385952819737,-1.4298253624487556,forward_slouch,poor,False,27.100000000000115,0.009353442082346784,0.46767210411733917,0.9353442082346783,0.0,0.0,0.0,0.0,0.9353442082346783,0.13090395065583071,0.0,0.9353442082346783,0.13090395065583071,0.0,0.0,0.0
70.0,10.746763250329524,1.1825755742874995,5.374946358949379,-1.324854130619785,forward_slouch,poor,False,27.200000000000117,0.007641762181277322,0.3820881090638661,0.7641762181277322,0.0,0.0,0.0,0.0,0.7641762181277322,0.10830080866261793,0.0,0.7641762181277322,0.10830080866261793,0.0,0.0,0.0
70.10000000000001,10.687486374764761,1.161547976432826,5.434043333085503,-1.3873036138860582,forward_slouch,poor,False,27.300000000000118,0.006243319702103571,0.31216598510517857,0.6243319702103571,0.0,0.0,0.0,0.0,0.6243319702103571,0.08939839684184825,0.0,0.6243319702103571,0.08939839684184825,0.0,0.0,0.0
70.2,10.719902909276106,1.1979013268528498,5.5235696425409495,-1.2911383270967898,forward_slouch,poor,False,27.40000000000012,0.005100792196618618,0.2550396098309309,0.5100792196618618,0.0,0.0,0.0,0.0,0.5100792196618618,0.07365809345047081,0.0,0.5100792196618618,0.07365809345047081,0.0,0.0,0.0
70.3,10.606116694025541,1.293330003505295,5.638371562009244,-1.3361109599827927,forward_slouch,poor,False,27.50000000000012,0.00416734722463741,0.20836736123187052,0.41673472246374105,0.0,0.0,0.0,0.0,0.41673472246374105,0.06059652701329166,0.0,0.41673472246374105,0.06059652701329166,0.0,0.0,0.0
70.4,10.570503143688281,1.303993973985656,5.615312136882435,-1.4662308526350194,forward_slouch,poor,False,27.600000000000122,0.0034047226825287646,0.1702361341264382,0.3404722682528764,0.0,0.0,0.0,0.0,0.3404722682528764,0.04978864505034064,0.0,0.3404722682528764,0.04978864505034064,0.0,0.0,0.0
70.5,10.611294106359772,1.2646475792042038,5.591078168320347,-1.5932225828989257,forward_slouch,poor,False,27.700000000000124,0.0027816584316260004,0.1390829215813,0.2781658431626,0.0,0.0,0.0,0.0,0.2781658431626,0.04086637549971195,0.0,0.2781658431626,0.04086637549971195,0.0,0.0,0.0
70.60000000000001,10.742495050539643,1.3008041671777175,5.579880710409514,-1.6069357990266628,forward_slouch,poor,False,27.800000000000125,0.0022726149386384418,0.1136307469319221,0.2272614938638442,0.0,0.0,0.0,0.0,0.2272614938638442,0.03351473296804697,0.0,0.2272614938638442,0.03351473296804697,0.0,0.0,0.0
70.7,10.872578273459466,1.2763040008939996,5.456772354734893,-1.646813496632584,forward_slouch,poor,False,27.900000000000126,0.001856726404867607,0.09283632024338036,0.18567264048676071,0.0,0.0,0.0,0.0,0.18567264048676071,0.027466635465110523,0.0,0.18567264048676071,0.027466635465110523,0.0,0.0,0.0
70.8,10.856056628242092,1.2489681693114363,5.486397001441008,-1.5947866084130613,forward_slouch,poor,False,28.000000000000128,0.001516945472776835,0.07584727363884175,0.1516945472776835,0.0,0.0,0.0,0.0,0.1516945472776835,0.022497258078387428,0.0,0.1516945472776835,0.022497258078387428,0.0,0.0,0.0
70.9,10.739158438103228,1.250169987865537,5.545104821720424,-1.571015605679651,forward_slouch,poor,False,28.10000000000013,0.0012393444512586744,0.06196722256293371,0.12393444512586742,0.0,0.0,0.0,0.0,0.12393444512586742,0.018418435436549196,0.0,0.12393444512586742,0.018418435436549196,0.0,0.0,0.0
71.0,10.723874691550993,1.2334423556270036,5.694551140366601,-1.477009675463322,forward_slouch,poor,False,28.20000000000013,0.0010125444166783368,0.05062722083391684,0.10125444166783368,0.0,0.0,0.0,0.0,0.10125444166783368,0.015073407778007364,0.0,0.10125444166783368,0.015073407778007364,0.0,0.0,0.0
71.10000000000001,10.716814799885048,1.30049401753026,5.669904823808542,-1.440921788067494,forward_slouch,poor,False,28.300000000000132,0.0008272487884262011,0.04136243942131006,0.08272487884262011,0.0,0.0,0.0,0.0,0.08272487884262011,0.012332060970645542,0.0,0.08272487884262011,0.012332060970645542,0.0,0.0,0.0
71.2,10.849234843217921,1.2385923023318577,5.669643383534767,-1.5165336032203984,forward_slouch,poor,False,28.400000000000134,0.0006758622601442064,0.033793113007210315,0.06758622601442063,0.0,0.0,0.0,0.0,0.06758622601442063,0.010086718269944006,0.0,0.06758622601442063,0.010086718269944006,0.0,0.0,0.0
71.3,10.952930474753353,1.2932077009504117,5.672116472976913,-1.4768085868089604,forward_slouch,poor,False,28.500000000000135,0.0005521794665378166,0.02760897332689083,0.05521794665378166,0.0,0.0,0.0,0.0,0.05521794665378166,0.008248485011827067,0.0,0.05521794665378166,0.008248485011827067,0.0,0.0,0.0
71.4,10.828945477068222,1.2726527620234722,5.693370097703503,-1.4718852622567575,forward_slouch,poor,False,28.600000000000136,0.0004511306241613961,0.022556531208069806,0.04511306241613961,0.0,0.0,0.0,0.0,0.04511306241613961,0.00674411505080208,0.0,0.04511306241613961,0.00674411505080208,0.0,0.0,0.0
71.5,10.970980700360604,1.2776298765414602,5.6906532447275895,-1.4344505231539886,forward_slouch,poor,False,28.700000000000138,0.0003685737199398606,0.01842868599699303,0.03685737199398606,0.0,0.0,0.0,0.0,0.03685737199398606,0.005513351183256576,0.0,0.03685737199398606,0.005513351183256576,0.0,0.0,0.0
71.60000000000001,11.013529854735594,1.3146035444892625,5.686133723652099,-1.3835889186894268,forward_slouch,poor,False,28.80000000000014,0.00030112472919086616,0.015056236459543305,0.03011247291908661,0.0,0.0,0.0,0.0,0.03011247291908661,0.004506685217959827,0.0,0.03011247291908661,0.004506685217959827,0.0,0.0,0.0
71.7,11.051409329750921,1.3304643455097707,5.6534243795644485,-1.5251871939638906,forward_slouch,poor,False,28.90000000000014,0.0002460189037489376,0.01230094518744688,0.02460189037489376,0.0,0.0,0.0,0.0,0.02460189037489376,0.003683482827981921,0.0,0.02460189037489376,0.003683482827981921,0.0,0.0,0.0
71.8,11.217541166772147,1.248137940692538,5.702311651282978,-1.6323342144594062,forward_slouch,poor,False,29.000000000000142,0.00020099744436288203,0.010049872218144101,0.020099744436288203,0.0,0.0,0.0,0.0,0.020099744436288203,0.003010421232744309,0.0,0.020099744436288203,0.003010421232744309,0.0,0.0,0.0
71.9,11.269569684342173,1.2666468121075738,5.677104389757206,-1.7263755296249985,forward_slouch,poor,False,29.100000000000144,0.00016421491204447465,0.008210745602223731,0.016421491204447462,0.0,0.0,0.0,0.0,0.016421491204447462,0.0024601924346064896,0.0,0.016421491204447462,0.0024601924346064896,0.0,0.0,0.0
72.0,11.295059620891989,1.2348526735525849,5.65709148024469,-1.7062110840224007,forward_slouch,poor,False,29.200000000000145,0.00013416358314033577,0.006708179157016788,0.013416358314033577,0.0,0.0,0.0,0.0,0.013416358314033577,0.0020104301197759744,0.0,0.013416358314033577,0.0020104301197759744,0.0,0.0,0.0
72.10000000000001,11.378108276573311,1.230302000537756,5.620660220827319,-1.705078832448696,forward_slouch,poor,False,29.300000000000146,0.00010961164742565433,0.005480582371282716,0.010961164742565432,0.0,0.0,0.0,0.0,0.010961164742565432,0.0016428237966253922,0.0,0.010961164742565432,0.0016428237966253922,0.0,0.0,0.0
72.2,11.271897974918328,1.3163268797178718,5.569820130547561,-1.6453049885342284,forward_slouch,poor,True,29.400000000000148,0.0384961294147923,1.9248064707396149,3.8496129414792297,0.0,0.0,0.0,1.6,3.8496129414792297,0.438667547046531,1.6,3.8496129414792297,0.438667547046531,0.0,0.0,0.0
72.3,11.173562986720588,1.332570780722379,5.640536317669211,-1.6127826556204536,forward_slouch,poor,False,29.50000000000015,0.031451337731885305,1.5725668865942652,3.1451337731885305,0.0,0.0,0.0,0.0,3.1451337731885305,0.3761030484383804,0.0,3.1451337731885305,0.3761030484383804,0.0,0.0,0.0
72.4,11.145766758439992,1.3063352272530198,5.613451444969156,-1.6667138367636471,forward_slouch,poor,False,29.60000000000015,0.025695742926950295,1.2847871463475147,2.5695742926950293,0.0,0.0,0.0,0.0,2.5695742926950293,0.3198460734837747,0.0,2.5695742926950293,0.3198460734837747,0.0,0.0,0.0
72.5,11.155133313645791,1.342238998250708,5.777571731972896,-1.6153222598185089,forward_slouch,poor,False,29.700000000000152,0.02099342197131839,1.0496710985659194,2.099342197131839,0.0,0.0,0.0,0.0,2.099342197131839,0.27013911359607057,0.0,2.099342197131839,0.27013911359607057,0.0,0.0,0.0
72.60000000000001,11.047095662225392,1.338898509438318,5.733596756059799,-1.5829749184679014,forward_slouch,poor,False,29.800000000000153,0.017151625750567123,0.8575812875283562,1.7151625750567123,0.0,0.0,0.0,0.0,1.7151625750567123,0.22684395873523366,0.0,1.7151625750567123,0.22684395873523366,0.0,0.0,0.0
72.7,11.057055926679167,1.3186274806586107,5.700867669017412,-1.4771900279043135,forward_slouch,poor,False,29.900000000000155,0.014012878238213339,0.700643911910667,1.401287823821334,0.0,0.0,0.0,0.0,1.401287823821334,0.18957232236206767,0.0,1.401287823821334,0.18957232236206767,0.0,0.0,0.0
72.8,11.07760535630807,1.3048498757332128,5.617981751647851,-1.474814912883154,forward_slouch,poor,False,30.000000000000156,0.0114485215206203,0.5724260760310149,1.1448521520620298,0.0,0.0,0.0,0.0,1.1448521520620298,0.15779162811560654,0.0,1.1448521520620298,0.15779162811560654,0.0,0.0,0.0
72.9,11.008739159988542,1.2609114101973347,5.704170968291476,-1.4404251108438448,forward_slouch,poor,False,30.100000000000158,0.009353442082346784,0.46767210411733917,0.9353442082346783,0.0,0.0,0.0,0.0,0.9353442082346783,0.13090395065583071,0.0,0.9353442082346783,0.13090395065583071,0.0,0.0,0.0
73.0,10.930449091269313,1.3492177074458485,5.610582072082894,-1.3837873536757093,forward_slouch,poor,False,30.20000000000016,0.007641762181277322,0.3820881090638661,0.7641762181277322,0.0,0.0,0.0,0.0,0.7641762181277322,0.10830080866261793,0.0,0.7641762181277322,0.10830080866261793,0.0,0.0,0.0
73.10000000000001,10.95333659216358,1.3216484735905865,5.582726484020619,-1.296871357301336,forward_slouch,poor,False,30.30000000000016,0.006243319702103571,0.31216598510517857,0.6243319702103571,0.0,0.0,0.0,0.0,0.6243319702103571,0.08939839684184825,0.0,0.6243319702103571,0.08939839684184825,0.0,0.0,0.0
73.2,10.937059871083589,1.3027724491370494,5.551693423825153,-1.2717967411027162,forward_slouch,poor,False,30.400000000000162,0.005100792196618618,0.2550396098309309,0.5100792196618618,0.0,0.0,0.0,0.0,0.5100792196618618,0.07365809345047081,0.0,0.5100792196618618,0.07365809345047081,0.0,0.0,0.0
73.3,10.917796358828864,1.2862588671992432,5.555264719388242,-1.261334391787779,forward_slouch,poor,False,30.500000000000163,0.00416734722463741,0.20836736123187052,0.41673472246374105,0.0,0.0,0.0,0.0,0.41673472246374105,0.06059652701329166,0.0,0.41673472246374105,0.06059652701329166,0.0,0.0,0.0
73.4,10.941779443890063,1.2977824937154752,5.572766195135707,-1.2593685236643406,forward_slouch,poor,False,30.600000000000165,0.0034047226825287646,0.1702361341264382,0.3404722682528764,0.0,0.0,0.0,0.0,0.3404722682528764,0.04978864505034064,0.0,0.3404722682528764,0.04978864505034064,0.0,0.0,0.0
73.5,10.880752011308504,1.2594097605389845,5.50966615690271,-1.268282432149743,forward_slouch,poor,False,30.700000000000166,0.0027816584316260004,0.1390829215813,0.2781658431626,0.0,0.0,0.0,0.0,0.2781658431626,0.04086637549971195,0.0,0.2781658431626,0.04086637549971195,0.0,0.0,0.0
73.60000000000001,10.890038002715755,1.219171010503949,5.414368696658165,-1.1881051973374082,forward_slouch,poor,False,30.800000000000168,0.0022726149386384418,0.1136307469319221,0.2272614938638442,0.0,0.0,0.0,0.0,0.2272614938638442,0.03351473296804697,0.0,0.2272614938638442,0.03351473296804697,0.0,0.0,0.0
73.7,10.937576508877715,1.2059476750639995,5.34490841005782,-1.169585374055456,forward_slouch,poor,False,30.90000000000017,0.001856726404867607,0.09283632024338036,0.18567264048676071,0.0,0.0,0.0,0.0,0.18567264048676071,0.027466635465110523,0.0,0.18567264048676071,0.027466635465110523,0.0,0.0,0.0
73.8,10.939608933145685,1.1172119607463977,5.374891756486372,-1.2043904955718143,forward_slouch,poor,False,31.00000000000017,0.001516945472776835,0.07584727363884175,0.1516945472776835,0.0,0.0,0.0,0.0,0.1516945472776835,0.022497258078387428,0.0,0.1516945472776835,0.022497258078387428,0.0,0.0,0.0
73.9,11.025138959637303,1.1020682837395797,5.374833818606371,-1.173245479290756,forward_slouch,poor,False,31.100000000000172,0.0012393444512586744,0.06196722256293371,0.12393444512586742,0.0,0.0,0.0,0.0,0.12393444512586742,0.018418435436549196,0.0,0.12393444512586742,0.018418435436549196,0.0,0.0,0.0
74.0,11.055114775132779,1.1288459276434264,5.437469927161402,-1.0843753036978472,forward_slouch,poor,False,31.200000000000173,0.0010125444166783368,0.05062722083391684,0.10125444166783368,0.0,0.0,0.0,0.0,0.10125444166783368,0.015073407778007364,0.0,0.10125444166783368,0.015073407778007364,0.0,0.0,0.0
74.10000000000001,11.064003458540364,1.1301194544897328,5.526255637101329,-1.010888856687646,forward_slouch,poor,False,31.300000000000175,0.0008272487884262011,0.04136243942131006,0.08272487884262011,0.0,0.0,0.0,0.0,0.08272487884262011,0.012332060970645542,0.0,0.08272487884262011,0.012332060970645542,0.0,0.0,0.0
74.2,11.085730354860445,1.0933539248043749,5.54194840352055,-1.0490447733190533,forward_slouch,poor,False,31.400000000000176,0.0006758622601442064,0.033793113007210315,0.06758622601442063,0.0,0.0,0.0,0.0,0.06758622601442063,0.010086718269944006,0.0,0.06758622601442063,0.010086718269944006,0.0,0.0,0.0
74.3,10.931880152862062,1.072066672961766,5.567069124903525,-0.9764810678122559,forward_slouch,poor,False,31.500000000000178,0.0005521794665378166,0.02760897332689083,0.05521794665378166,0.0,0.0,0.0,0.0,0.05521794665378166,0.008248485011827067,0.0,0.05521794665378166,0.008248485011827067,0.0,0.0,0.0
74.4,11.027101890217534,1.1194117603318432,5.619537047974919,-1.0689449603049643,forward_slouch,poor,False,31.60000000000018,0.0004511306241613961,0.022556531208069806,0.04511306241613961,0.0,0.0,0.0,0.0,0.04511306241613961,0.00674411505080208,0.0,0.04511306241613961,0.00674411505080208,0.0,0.0,0.0
74.5,10.954534872210962,1.1661723838083038,5.606588185148081,-1.2077360940111233,forward_slouch,poor,False,31.70000000000018,0.0003685737199398606,0.01842868599699303,0.03685737199398606,0.0,0.0,0.0,0.0,0.03685737199398606,0.005513351183256576,0.0,0.03685737199398606,0.005513351183256576,0.0,0.0,0.0
74.60000000000001,10.83733966162071,1.1791213719257556,5.5944142728731325,-1.2111231645424205,forward_slouch,poor,False,31.800000000000182,0.00030112472919086616,0.015056236459543305,0.03011247291908661,0.0,0.0,0.0,0.0,0.03011247291908661,0.004506685217959827,0.0,0.03011247291908661,0.004506685217959827,0.0,0.0,0.0
74.7,10.92205414436897,1.1278363685565536,5.542995767344774,-1.2040622606396438,forward_slouch,poor,False,31.900000000000183,0.0002460189037489376,0.01230094518744688,0.02460189037489376,0.0,0.0,0.0,0.0,0.02460189037489376,0.003683482827981921,0.0,0.02460189037489376,0.003683482827981921,0.0,0.0,0.0
74.8,11.023231815791862,1.165886756641281,5.608242856268647,-1.2019928755368103,forward_slouch,poor,False,32.000000000000185,0.00020099744436288203,0.010049872218144101,0.020099744436288203,0.0,0.0,0.0,0.0,0.020099744436288203,0.003010421232744309,0.0,0.020099744436288203,0.003010421232744309,0.0,0.0,0.0
74.9,11.015235391667831,1.1420382191220864,5.605246801442634,-1.1817105149873073,forward_slouch,poor,False,32.100000000000186,0.00016421491204447465,0.008210745602223731,0.016421491204447462,0.0,0.0,0.0,0.0,0.016421491204447462,0.0024601924346064896,0.0,0.016421491204447462,0.0024601924346064896,0.0,0.0,0.0
75.0,11.097319369769112,1.1130922247228805,5.6978635203423575,-1.1522118321083898,forward_slouch,poor,False,32.20000000000019,0.00013416358314033577,0.006708179157016788,0.013416358314033577,0.0,0.0,0.0,0.0,0.013416358314033577,0.0020104301197759744,0.0,0.013416358314033577,0.0020104301197759744,0.0,0.0,0.0
75.10000000000001,11.102283203478976,1.1276037337074527,5.667350698110513,-1.0960935906384424,forward_slouch,poor,False,32.30000000000019,0.00010961164742565433,0.005480582371282716,0.010961164742565432,0.0,0.0,0.0,0.0,0.010961164742565432,0.0016428237966253922,0.0,0.010961164742565432,0.0016428237966253922,0.0,0.0,0.0
75.2,11.006349533457577,1.1059339560744694,5.589741968412751,-1.1212597472741415,forward_slouch,poor,True,32.40000000000019,0.0384961294147923,1.9248064707396149,3.8496129414792297,0.0,0.0,0.0,1.6,3.8496129414792297,0.438667547046531,1.6,3.8496129414792297,0.438667547046531,0.0,0.0,0.0
75.3,10.786142990656415,1.1155868264669206,5.600525419525679,-1.206232009039639,forward_slouch,poor,False,32.50000000000019,0.031451337731885305,1.5725668865942652,3.1451337731885305,0.0,0.0,0.0,0.0,3.1451337731885305,0.3761030484383804,0.0,3.1451337731885305,0.3761030484383804,0.0,0.0,0.0
75.4,10.698289640665234,1.1023293672152656,5.553325652051894,-1.322902939871563,forward_slouch,poor,False,32.60000000000019,0.025695742926950295,1.2847871463475147,2.5695742926950293,0.0,0.0,0.0,0.0,2.5695742926950293,0.3198460734837747,0.0,2.5695742926950293,0.3198460734837747,0.0,0.0,0.0
75.5,10.553329532782389,1.0746812431623924,5.477532726647167,-1.2847756584661099,forward_slouch,poor,False,32.700000000000195,0.02099342197131839,1.0496710985659194,2.099342197131839,0.0,0.0,0.0,0.0,2.099342197131839,0.27013911359607057,0.0,2.099342197131839,0.27013911359607057,0.0,0.0,0.0
75.60000000000001,10.556039006900937,1.0996643752468276,5.450077051602074,-1.321395046590838,forward_slouch,poor,False,32.800000000000196,0.017151625750567123,0.8575812875283562,1.7151625750567123,0.0,0.0,0.0,0.0,1.7151625750567123,0.22684395873523366,0.0,1.7151625750567123,0.22684395873523366,0.0,0.0,0.0
75.7,10.565277511836415,1.1123191069511686,5.421586308555134,-1.2626223264226593,forward_slouch,poor,False,32.9000000000002,0.014012878238213339,0.700643911910667,1.401287823821334,0.0,0.0,0.0,0.0,1.401287823821334,0.18957232236206767,0.0,1.401287823821334,0.18957232236206767,0.0,0.0,0.0
75.8,10.602202763555448,1.097467069363432,5.4397494498429895,-1.266219273830312,forward_slouch,poor,False,33.0000000000002,0.0114485215206203,0.5724260760310149,1.1448521520620298,0.0,0.0,0.0,0.0,1.1448521520620298,0.15779162811560654,0.0,1.1448521520620298,0.15779162811560654,0.0,0.0,0.0
75.9,10.566607258720635,1.0432350225558187,5.421564350901051,-1.349004028015431,forward_slouch,poor,False,33.1000000000002,0.009353442082346784,0.46767210411733917,0.9353442082346783,0.0,0.0,0.0,0.0,0.9353442082346783,0.13090395065583071,0.0,0.9353442082346783,0.13090395065583071,0.0,0.0,0.0
76.0,10.501420358437876,1.0788237481182659,5.458522631840598,-1.3779695107925929,forward_slouch,poor,False,33.2000000000002,0.007641762181277322,0.3820881090638661,0.7641762181277322,0.0,0.0,0.0,0.0,0.7641762181277322,0.10830080866261793,0.0,0.7641762181277322,0.10830080866261793,0.0,0.0,0.0
76.10000000000001,10.468975756099537,1.1302185970544827,5.423746529320448,-1.4331551615616993,forward_slouch,poor,False,33.3000000000002,0.006243319702103571,0.31216598510517857,0.6243319702103571,0.0,0.0,0.0,0.0,0.6243319702103571,0.08939839684184825,0.0,0.6243319702103571,0.08939839684184825,0.0,0.0,0.0
76.2,10.414346498196242,1.1378099649650761,5.421140108034424,-1.4624660231983482,forward_slouch,poor,False,33.400000000000205,0.005100792196618618,0.2550396098309309,0.5100792196618618,0.0,0.0,0.0,0.0,0.5100792196618618,0.07365809345047081,0.0,0.5100792196618618,0.07365809345047081,0.0,0.0,0.0
76.3,10.482016696800798,1.1314068364648384,5.403341654167119,-1.427199874723523,forward_slouch,poor,False,33.500000000000206,0.00416734722463741,0.20836736123187052,0.41673472246374105,0.0,0.0,0.0,0.0,0.41673472246374105,0.06059652701329166,0.0,0.41673472246374105,0.06059652701329166,0.0,0.0,0.0
76.4,10.572100021253274,1.1875744635728198,5.431205489354735,-1.4764999005786563,forward_slouch,poor,False,33.60000000000021,0.0034047226825287646,0.1702361341264382,0.3404722682528764,0.0,0.0,0.0,0.0,0.3404722682528764,0.04978864505034064,0.0,0.3404722682528764,0.04978864505034064,0.0,0.0,0.0
76.5,10.673941416420249,1.2750524135129713,5.471802449023758,-1.470976048647375,forward_slouch,poor,False,33.70000000000021,0.0027816584316260004,0.1390829215813,0.2781658431626,0.0,0.0,0.0,0.0,0.2781658431626,0.04086637549971195,0.0,0.2781658431626,0.04086637549971195,0.0,0.0,0.0
76.60000000000001,10.671530986382018,1.3134114196421658,5.4658858217506445,-1.4735551525836108,forward_slouch,poor,False,33.80000000000021,0.0022726149386384418,0.1136307469319221,0.2272614938638442,0.0,0.0,0.0,0.0,0.2272614938638442,0.03351473296804697,0.0,0.2272614938638442,0.03351473296804697,0.0,0.0,0.0
76.7,10.404715951197458,1.2762951860991323,5.504041222641638,-1.4155430512849567,forward_slouch,poor,False,33.90000000000021,0.001856726404867607,0.09283632024338036,0.18567264048676071,0.0,0.0,0.0,0.0,0.18567264048676071,0.027466635465110523,0.0,0.18567264048676071,0.027466635465110523,0.0,0.0,0.0
76.80000000000001,10.36673488982326,1.3127336151531372,5.478035321534088,-1.4102405491876127,forward_slouch,poor,False,34.00000000000021,0.001516945472776835,0.07584727363884175,0.1516945472776835,0.0,0.0,0.0,0.0,0.1516945472776835,0.022497258078387428,0.0,0.1516945472776835,0.022497258078387428,0.0,0.0,0.0
76.9,10.405387884256578,1.2719286829780148,5.450317132016837,-1.4117497030459687,forward_slouch,poor,False,34.100000000000215,0.0012393444512586744,0.06196722256293371,0.12393444512586742,0.0,0.0,0.0,0.0,0.12393444512586742,0.018418435436549196,0.0,0.12393444512586742,0.018418435436549196,0.0,0.0,0.0
77.0,10.302348938270082,1.224469081926204,5.387192212200401,-1.3710550762727525,forward_slouch,poor,False,34.200000000000216,0.0010125444166783368,0.05062722083391684,0.10125444166783368,0.0,0.0,0.0,0.0,0.10125444166783368,0.015073407778007364,0.0,0.10125444166783368,0.015073407778007364,0.0,0.0,0.0
77.10000000000001,10.25288375594039,1.2152479493504147,5.4040530851086,-1.4046720128431975,forward_slouch,poor,False,34.30000000000022,0.0008272487884262011,0.04136243942131006,0.08272487884262011,0.0,0.0,0.0,0.0,0.08272487884262011,0.012332060970645542,0.0,0.08272487884262011,0.012332060970645542,0.0,0.0,0.0
77.2,10.11150793414824,1.1396494892659221,5.373094410457619,-1.3743685062391224,forward_slouch,poor,False,34.40000000000022,0.0006758622601442064,0.033793113007210315,0.06758622601442063,0.0,0.0,0.0,0.0,0.06758622601442063,0.010086718269944006,0.0,0.06758622601442063,0.010086718269944006,0.0,0.0,0.0
77.30000000000001,10.074434863671895,1.1101150918141867,5.31752545576216,-1.3694133391635825,forward_slouch,poor,False,34.50000000000022,0.0005521794665378166,0.02760897332689083,0.05521794665378166,0.0,0.0,0.0,0.0,0.05521794665378166,0.008248485011827067,0.0,0.05521794665378166,0.008248485011827067,0.0,0.0,0.0
77.4,10.21145613083385,1.1192898410577217,5.2308446177775965,-1.464158390395762,forward_slouch,poor,False,34.60000000000022,0.0004511306241613961,0.022556531208069806,0.04511306241613961,0.0,0.0,0.0,0.0,0.04511306241613961,0.00674411505080208,0.0,0.04511306241613961,0.00674411505080208,0.0,0.0,0.0
77.5,10.212951109557492,1.0834819488198157,5.274682418509262,-1.3686812774788282,forward_slouch,poor,False,34.70000000000022,0.0003685737199398606,0.01842868599699303,0.03685737199398606,0.0,0.0,0.0,0.0,0.03685737199398606,0.005513351183256576,0.0,0.03685737199398606,0.005513351183256576,0.0,0.0,0.0
77.60000000000001,10.253861903861383,1.0533867216217152,5.324023425169767,-1.337354579435874,forward_slouch,poor,False,34.800000000000225,0.00030112472919086616,0.015056236459543305,0.03011247291908661,0.0,0.0,0.0,0.0,0.03011247291908661,0.004506685217959827,0.0,0.03011247291908661,0.004506685217959827,0.0,0.0,0.0
77.7,10.331440282401402,1.0094333075962028,5.249943628437459,-1.336746710397731,forward_slouch,poor,False,34.900000000000226,0.0002460189037489376,0.01230094518744688,0.02460189037489376,0.0,0.0,0.0,0.0,0.02460189037489376,0.003683482827981921,0.0,0.02460189037489376,0.003683482827981921,0.0,0.0,0.0
77.80000000000001,10.52707760183711,1.0039248055767334,5.288440384809402,-1.2235978787955908,forward_slouch,poor,False,35.00000000000023,0.00020099744436288203,0.010049872218144101,0.020099744436288203,0.0,0.0,0.0,0.0,0.020099744436288203,0.003010421232744309,0.0,0.020099744436288203,0.003010421232744309,0.0,0.0,0.0
77.9,10.593364605192942,0.9968024302621883,5.2914712912536155,-1.2089266198570028,forward_slouch,poor,False,35.10000000000023,0.00016421491204447465,0.008210745602223731,0.016421491204447462,0.0,0.0,0.0,0.0,0.016421491204447462,0.0024601924346064896,0.0,0.016421491204447462,0.0024601924346064896,0.0,0.0,0.0
78.0,10.645009218564589,1.0534016598593339,5.227765757290787,-1.245273968830192,forward_slouch,poor,False,35.20000000000023,0.00013416358314033577,0.006708179157016788,0.013416358314033577,0.0,0.0,0.0,0.0,0.013416358314033577,0.0020104301197759744,0.0,0.013416358314033577,0.0020104301197759744,0.0,0.0,0.0
78.10000000000001,10.72397377408029,1.054918457018065,5.238621341099345,-1.2631471321256291,forward_slouch,poor,False,35.30000000000023,0.00010961164742565433,0.005480582371282716,0.010961164742565432,0.0,0.0,0.0,0.0,0.010961164742565432,0.0016428237966253922,0.0,0.010961164742565432,0.0016428237966253922,0.0,0.0,0.0
78.2,10.61791955287689,0.9567803628618454,5.268904662491418,-1.231331941219763,forward_slouch,poor,True,35.40000000000023,0.0384961294147923,1.9248064707396149,3.8496129414792297,0.0,0.0,0.0,1.6,3.8496129414792297,0.438667547046531,1.6,3.8496129414792297,0.438667547046531,0.0,0.0,0.0
78.30000000000001,10.646040358527175,1.0057636568336707,5.251647110571869,-1.2769033310822715,forward_slouch,poor,False,35.500000000000234,0.031451337731885305,1.5725668865942652,3.1451337731885305,0.0,0.0,0.0,0.0,3.1451337731885305,0.3761030484383804,0.0,3.1451337731885305,0.3761030484383804,0.0,0.0,0.0
78.4,10.78014338310202,1.0132664086960608,5.171432274019006,-1.2457971474538065,forward_slouch,poor,False,35.600000000000236,0.025695742926950295,1.2847871463475147,2.5695742926950293,0.0,0.0,0.0,0.0,2.5695742926950293,0.3198460734837747,0.0,2.5695742926950293,0.3198460734837747,0.0,0.0,0.0
78.5,10.57363317989831,1.0144034944666647,5.17610219349601,-1.123556511177494,forward_slouch,poor,False,35.70000000000024,0.02099342197131839,1.0496710985659194,2.099342197131839,0.0,0.0,0.0,0.0,2.099342197131839,0.27013911359607057,0.0,2.099342197131839,0.27013911359607057,0.0,0.0,0.0
78.60000000000001,10.416083886202248,1.0207821694774604,5.235079393402527,-1.0754649092083435,forward_slouch,poor,False,35.80000000000024,0.017151625750567123,0.8575812875283562,1.7151625750567123,0.0,0.0,0.0,0.0,1.7151625750567123,0.22684395873523366,0.0,1.7151625750567123,0.22684395873523366,0.0,0.0,0.0
78.7,10.403292418394525,0.9784772162817371,5.3670807342356515,-1.109220630531863,forward_slouch,poor,False,35.90000000000024,0.014012878238213339,0.700643911910667,1.401287823821334,0.0,0.0,0.0,0.0,1.401287823821334,0.18957232236206767,0.0,1.401287823821334,0.18957232236206767,0.0,0.0,0.0
78.80000000000001,10.483744065224082,0.9266814946438516,5.373575032143414,-1.1669516546473397,forward_slouch,poor,False,36.00000000000024,0.0114485215206203,0.5724260760310149,1.1448521520620298,0.0,0.0,0.0,0.0,1.1448521520620298,0.15779162811560654,0.0,1.1448521520620298,0.15779162811560654,0.0,0.0,0.0
78.9,10.53325252189935,0.9571293996733373,5.452184526888686,-1.1571301666602472,forward_slouch,poor,False,36.10000000000024,0.009353442082346784,0.46767210411733917,0.9353442082346783,0.0,0.0,0.0,0.0,0.9353442082346783,0.13090395065583071,0.0,0.9353442082346783,0.13090395065583071,0.0,0.0,0.0
79.0,10.574274450398445,0.9890553777882093,5.45515292666734,-1.172448454936711,forward_slouch,poor,False,36.200000000000244,0.007641762181277322,0.3820881090638661,0.7641762181277322,0.0,0.0,0.0,0.0,0.7641762181277322,0.10830080866261793,0.0,0.7641762181277322,0.10830080866261793,0.0,0.0,0.0
79.10000000000001,10.55760891277641,0.9719741559153805,5.437902407487374,-1.2693934294212503,forward_slouch,poor,False,36.300000000000246,0.006243319702103571,0.31216598510517857,0.6243319702103571,0.0,0.0,0.0,0.0,0.6243319702103571,0.08939839684184825,0.0,0.6243319702103571,0.08939839684184825,0.0,0.0,0.0
79.2,10.501993306974772,1.0576163210963572,5.360890609444184,-1.3022103405224141,forward_slouch,poor,False,36.40000000000025,0.005100792196618618,0.2550396098309309,0.5100792196618618,0.0,0.0,0.0,0.0,0.5100792196618618,0.07365809345047081,0.0,0.5100792196618618,0.07365809345047081,0.0,0.0,0.0
79.30000000000001,10.487184638355407,1.0441877611318218,5.309087920425451,-1.3558675374541722,forward_slouch,poor,False,36.50000000000025,0.00416734722463741,0.20836736123187052,0.41673472246374105,0.0,0.0,0.0,0.0,0.41673472246374105,0.06059652701329166,0.0,0.41673472246374105,0.06059652701329166,0.0,0.0,0.0
79.4,10.694761840733753,1.044803823636864,5.276821865760961,-1.4293848243690286,forward_slouch,poor,False,36.60000000000025,0.0034047226825287646,0.1702361341264382,0.3404722682528764,0.0,0.0,0.0,0.0,0.3404722682528764,0.04978864505034064,0.0,0.3404722682528764,0.04978864505034064,0.0,0.0,0.0
79.5,10.684919894405608,0.9557931264719064,5.380966080987348,-1.4443639550877165,forward_slouch,poor,False,36.70000000000025,0.0027816584316260004,0.1390829215813,0.2781658431626,0.0,0.0,0.0,0.0,0.2781658431626,0.04086637549971195,0.0,0.2781658431626,0.04086637549971195,0.0,0.0,0.0
79.60000000000001,10.920406758678777,0.9689167074319027,5.388414714448052,-1.4437259472124673,forward_slouch,poor,False,36.80000000000025,0.0022726149386384418,0.1136307469319221,0.2272614938638442,0.0,0.0,0.0,0.0,0.2272614938638442,0.03351473296804697,0.0,0.2272614938638442,0.03351473296804697,0.0,0.0,0.0
79.7,11.17666303691063,0.9375616817589213,5.305886425901348,-1.5005478824375114,forward_slouch,poor,False,36.900000000000254,0.001856726404867607,0.09283632024338036,0.18567264048676071,0.0,0.0,0.0,0.0,0.18567264048676071,0.027466635465110523,0.0,0.18567264048676071,0.027466635465110523,0.0,0.0,0.0
79.80000000000001,11.298288601218546,0.981302589944371,5.27998926100387,-1.5881530725870394,forward_slouch,poor,False,37.000000000000256,0.001516945472776835,0.07584727363884175,0.1516945472776835,0.0,0.0,0.0,0.0,0.1516945472776835,0.022497258078387428,0.0,0.1516945472776835,0.022497258078387428,0.0,0.0,0.0
79.9,11.310998472732466,0.9803077180445439,5.211628768548208,-1.5275654230034539,forward_slouch,poor,False,37.10000000000026,0.0012393444512586744,0.06196722256293371,0.12393444512586742,0.0,0.0,0.0,0.0,0.12393444512586742,0.018418435436549196,0.0,0.12393444512586742,0.018418435436549196,0.0,0.0,0.0
80.0,11.288910562088434,0.9794676617828726,5.169743902821563,-1.5026416748490776,forward_slouch,poor,False,37.20000000000026,0.0010125444166783368,0.05062722083391684,0.10125444166783368,0.0,0.0,0.0,0.0,0.10125444166783368,0.015073407778007364,0.0,0.10125444166783368,0.015073407778007364,0.0,0.0,0.0
80.10000000000001,11.38132435017963,0.9780428029583242,5.2002755013564785,-1.4662968743194291,forward_slouch,poor,False,37.30000000000026,0.0008272487884262011,0.04136243942131006,0.08272487884262011,0.0,0.0,0.0,0.0,0.08272487884262011,0.012332060970645542,0.0,0.08272487884262011,0.012332060970645542,0.0,0.0,0.0
80.2,11.442725781628411,1.0360815665281249,5.162373839667812,-1.473369926218079,forward_slouch,poor,False,37.40000000000026,0.0006758622601442064,0.033793113007210315,0.06758622601442063,0.0,0.0,0.0,0.0,0.06758622601442063,0.010086718269944006,0.0,0.06758622601442063,0.010086718269944006,0.0,0.0,0.0
80.30000000000001,11.406204631842137,1.0199687338234507,5.2654613202636344,-1.5178143500724943,forward_slouch,poor,False,37.50000000000026,0.0005521794665378166,0.02760897332689083,0.05521794665378166,0.0,0.0,0.0,0.0,0.05521794665378166,0.008248485011827067,0.0,0.05521794665378166,0.008248485011827067,0.0,0.0,0.0
80.4,11.468894042477766,0.9591929239307521,5.286616723174473,-1.5827371072348029,forward_slouch,poor,False,37.600000000000264,0.0004511306241613961,0.022556531208069806,0.04511306241613961,0.0,0.0,0.0,0.0,0.04511306241613961,0.00674411505080208,0.0,0.04511306241613961,0.00674411505080208,0.0,0.0,0.0
80.5,11.455157043513243,0.9629116869298744,5.3225301996629675,-1.6034559061654976,forward_slouch,poor,False,37.700000000000266,0.0003685737199398606,0.01842868599699303,0.03685737199398606,0.0,0.0,0.0,0.0,0.03685737199398606,0.005513351183256576,0.0,0.03685737199398606,0.005513351183256576,0.0,0.0,0.0
80.60000000000001,11.45919541801609,0.9502082383432032,5.363214349923861,-1.5768437875195682,forward_slouch,poor,False,37.80000000000027,0.00030112472919086616,0.015056236459543305,0.03011247291908661,0.0,0.0,0.0,0.0,0.03011247291908661,0.004506685217959827,0.0,0.03011247291908661,0.004506685217959827,0.0,0.0,0.0
80.7,11.49632753098164,0.992206505970319,5.39084117556877,-1.548517318147786,forward_slouch,poor,False,37.90000000000027,0.0002460189037489376,0.01230094518744688,0.02460189037489376,0.0,0.0,0.0,0.0,0.02460189037489376,0.003683482827981921,0.0,0.02460189037489376,0.003683482827981921,0.0,0.0,0.0
80.80000000000001,11.570578001505192,1.0209925859085571,5.316941854492881,-1.6530276248858162,forward_slouch,poor,False,38.00000000000027,0.00020099744436288203,0.010049872218144101,0.020099744436288203,0.0,0.0,0.0,0.0,0.020099744436288203,0.003010421232744309,0.0,0.020099744436288203,0.003010421232744309,0.0,0.0,0.0
80.9,11.383060824104975,0.9561989089437971,5.270712005098357,-1.6244786982964352,forward_slouch,poor,False,38.10000000000027,0.00016421491204447465,0.008210745602223731,0.016421491204447462,0.0,0.0,0.0,0.0,0.016421491204447462,0.0024601924346064896,0.0,0.016421491204447462,0.0024601924346064896,0.0,0.0,0.0
81.0,11.377457293049636,0.9291564778228762,5.309794637833004,-1.6289063282762042,forward_slouch,poor,False,38.20000000000027,0.00013416358314033577,0.006708179157016788,0.013416358314033577,0.0,0.0,0.0,0.0,0.013416358314033577,0.0020104301197759744,0.0,0.013416358314033577,0.0020104301197759744,0.0,0.0,0.0
81.10000000000001,11.511278214978939,0.9500063590703044,5.335614398539211,-1.5730542270016312,forward_slouch,poor,False,38.300000000000274,0.00010961164742565433,0.005480582371282716,0.010961164742565432,0.0,0.0,0.0,0.0,0.010961164742565432,0.0016428237966253922,0.0,0.010961164742565432,0.0016428237966253922,0.0,0.0,0.0
81.2,11.441457200390564,0.9325075622288905,5.291999583669446,-1.557805084728547,forward_slouch,poor,True,38.400000000000276,0.0384961294147923,1.9248064707396149,3.8496129414792297,0.0,0.0,0.0,1.6,3.8496129414792297,0.438667547046531,1.6,3.8496129414792297,0.438667547046531,0.0,0.0,0.0
81.30000000000001,11.371952726191795,0.9527779390509864,5.291098535613516,-1.5572978398486788,forward_slouch,poor,False,38.50000000000028,0.031451337731885305,1.5725668865942652,3.1451337731885305,0.0,0.0,0.0,0.0,3.1451337731885305,0.3761030484383804,0.0,3.1451337731885305,0.3761030484383804,0.0,0.0,0.0
81.4,11.449357152154958,0.9916628156321015,5.34009997275417,-1.545440609776758,forward_slouch,poor,False,38.60000000000028,0.025695742926950295,1.2847871463475147,2.5695742926950293,0.0,0.0,0.0,0.0,2.5695742926950293,0.3198460734837747,0.0,2.5695742926950293,0.3198460734837747,0.0,0.0,0.0
81.5,11.488664603819894,1.0244284930588312,5.357910254950273,-1.516859776323136,forward_slouch,poor,False,38.70000000000028,0.02099342197131839,1.0496710985659194,2.099342197131839,0.0,0.0,0.0,0.0,2.099342197131839,0.27013911359607057,0.0,2.099342197131839,0.27013911359607057,0.0,0.0,0.0
81.60000000000001,11.504455823939262,1.0165541530012956,5.42784410168505,-1.522087897005841,forward_slouch,poor,False,38.80000000000028,0.017151625750567123,0.8575812875283562,1.7151625750567123,0.0,0.0,0.0,0.0,1.7151625750567123,0.22684395873523366,0.0,1.7151625750567123,0.22684395873523366,0.0,0.0,0.0
81.7,11.519648723814582,1.0018671427290458,5.43340267605382,-1.563858685220726,forward_slouch,poor,False,38.90000000000028,0.014012878238213339,0.700643911910667,1.401287823821334,0.0,0.0,0.0,0.0,1.401287823821334,0.18957232236206767,0.0,1.401287823821334,0.18957232236206767,0.0,0.0,0.0
81.80000000000001,11.566314395261184,0.9502494969604155,5.417903706432452,-1.6303439904737849,forward_slouch,poor,False,39.000000000000284,0.0114485215206203,0.5724260760310149,1.1448521520620298,0.0,0.0,0.0,0.0,1.1448521520620298,0.15779162811560654,0.0,1.1448521520620298,0.15779162811560654,0.0,0.0,0.0
81.9,11.47876250885016,0.9075950889283961,5.4205618703674325,-1.648191039200433,forward_slouch,poor,False,39.100000000000286,0.009353442082346784,0.46767210411733917,0.9353442082346783,0.0,0.0,0.0,0.0,0.9353442082346783,0.13090395065583071,0.0,0.9353442082346783,0.13090395065583071,0.0,0.0,0.0
82.0,11.418582477227929,0.9195524072249003,5.439247630709736,-1.7076334244447893,forward_slouch,poor,False,39.20000000000029,0.007641762181277322,0.3820881090638661,0.7641762181277322,0.0,0.0,0.0,0.0,0.7641762181277322,0.10830080866261793,0.0,0.7641762181277322,0.10830080866261793,0.0,0.0,0.0
82.10000000000001,11.416493973395633,0.9201832140479719,5.375241788356735,-1.724089657741849,forward_slouch,poor,False,39.30000000000029,0.006243319702103571,0.31216598510517857,0.6243319702103571,0.0,0.0,0.0,0.0,0.6243319702103571,0.08939839684184825,0.0,0.6243319702103571,0.08939839684184825,0.0,0.0,0.0
82.2,11.429934802284743,0.8643944214887848,5.431028832702687,-1.7720023484246363,forward_slouch,poor,False,39.40000000000029,0.005100792196618618,0.2550396098309309,0.5100792196618618,0.0,0.0,0.0,0.0,0.5100792196618618,0.07365809345047081,0.0,0.5100792196618618,0.07365809345047081,0.0,0.0,0.0
82.30000000000001,11.433905505821665,0.861371371322109,5.370842039055273,-1.7463390289278884,forward_slouch,poor,False,39.50000000000029,0.00416734722463741,0.20836736123187052,0.41673472246374105,0.0,0.0,0.0,0.0,0.41673472246374105,0.06059652701329166,0.0,0.41673472246374105,0.06059652701329166,0.0,0.0,0.0
82.4,11.68240425947934,0.9160339474235679,5.26268644790781,-1.76443218715589,forward_slouch,poor,False,39.60000000000029,0.0034047226825287646,0.1702361341264382,0.3404722682528764,0.0,0.0,0.0,0.0,0.3404722682528764,0.04978864505034064,0.0,0.3404722682528764,0.04978864505034064,0.0,0.0,0.0
82.5,11.708761143803512,0.9064244961836795,5.3659450668911735,-1.7875222388844103,forward_slouch,poor,False,39.700000000000294,0.0027816584316260004,0.1390829215813,0.2781658431626,0.0,0.0,0.0,0.0,0.2781658431626,0.04086637549971195,0.0,0.2781658431626,0.04086637549971195,0.0,0.0,0.0
82.60000000000001,11.7000799121958,0.9234147440585339,5.398866155375351,-1.7485382742321434,forward_slouch,poor,False,39.800000000000296,0.0022726149386384418,0.1136307469319221,0.2272614938638442,0.0,0.0,0.0,0.0,0.2272614938638442,0.03351473296804697,0.0,0.2272614938638442,0.03351473296804697,0.0,0.0,0.0
82.7,11.700851486991743,0.948952932494319,5.501370618973838,-1.7186174543809924,forward_slouch,poor,False,39.9000000000003,0.001856726404867607,0.09283632024338036,0.18567264048676071,0.0,0.0,0.0,0.0,0.18567264048676071,0.027466635465110523,0.0,0.18567264048676071,0.027466635465110523,0.0,0.0,0.0
82.80000000000001,11.729896033765083,1.0082926045096086,5.614563343627533,-1.830302704879761,forward_slouch,poor,False,40.0000000000003,0.001516945472776835,0.07584727363884175,0.1516945472776835,0.0,0.0,0.0,0.0,0.1516945472776835,0.022497258078387428,0.0,0.1516945472776835,0.022497258078387428,0.0,0.0,0.0
82.9,11.693985919374812,1.0216204893191878,5.666370791888883,-1.80665223180268,forward_slouch,poor,False,40.1000000000003,0.0012393444512586744,0.06196722256293371,0.12393444512586742,0.0,0.0,0.0,0.0,0.12393444512586742,0.018418435436549196,0.0,0.12393444512586742,0.018418435436549196,0.0,0.0,0.0
83.0,11.65578573544182,0.9844794407851358,5.636823762709145,-1.8373021340803637,forward_slouch,poor,False,40.2000000000003,0.0010125444166783368,0.05062722083391684,0.10125444166783368,0.0,0.0,0.0,0.0,0.10125444166783368,0.015073407778007364,0.0,0.10125444166783368,0.015073407778007364,0.0,0.0,0.0
83.10000000000001,11.743924929034058,0.9881176971646501,5.634318363490392,-1.8290549165167562,forward_slouch,poor,False,40.3000000000003,0.0008272487884262011,0.04136243942131006,0.08272487884262011,0.0,0.0,0.0,0.0,0.08272487884262011,0.012332060970645542,0.0,0.08272487884262011,0.012332060970645542,0.0,0.0,0.0
83.2,11.906630789782394,0.9242004010420196,5.646522625924165,-1.8766823736846443,forward_slouch,poor,False,40.400000000000304,0.0006758622601442064,0.033793113007210315,0.06758622601442063,0.0,0.0,0.0,0.0,0.06758622601442063,0.010086718269944006,0.0,0.06758622601442063,0.010086718269944006,0.0,0.0,0.0
83.30000000000001,11.90318217899667,0.9452305385241723,5.758147139844232,-1.8786729689134367,forward_slouch,poor,False,40.500000000000306,0.0005521794665378166,0.02760897332689083,0.05521794665378166,0.0,0.0,0.0,0.0,0.05521794665378166,0.008248485011827067,0.0,0.05521794665378166,0.008248485011827067,0.0,0.0,0.0
83.4,11.843957273436411,0.8828148808992894,5.750024572601354,-1.8788213195351409,forward_slouch,poor,False,40.60000000000031,0.0004511306241613961,0.022556531208069806,0.04511306241613961,0.0,0.0,0.0,0.0,0.04511306241613961,0.00674411505080208,0.0,0.04511306241613961,0.00674411505080208,0.0,0.0,0.0
83.5,11.896836506157303,0.8581971320054984,5.745980620466196,-1.7999547037518666,forward_slouch,poor,False,40.70000000000031,0.0003685737199398606,0.01842868599699303,0.03685737199398606,0.0,0.0,0.0,0.0,0.03685737199398606,0.005513351183256576,0.0,0.03685737199398606,0.005513351183256576,0.0,0.0,0.0
83.60000000000001,11.998482868500142,0.7785880004742021,5.855362649636531,-1.751808628357431,forward_slouch,poor,False,40.80000000000031,0.00030112472919086616,0.015056236459543305,0.03011247291908661,0.0,0.0,0.0,0.0,0.03011247291908661,0.004506685217959827,0.0,0.03011247291908661,0.004506685217959827,0.0,0.0,0.0
83.7,11.910273176080844,0.7424987682457638,5.9657270548967185,-1.7379850486475452,forward_slouch,poor,False,40.90000000000031,0.0002460189037489376,0.01230094518744688,0.02460189037489376,0.0,0.0,0.0,0.0,0.02460189037489376,0.003683482827981921,0.0,0.02460189037489376,0.003683482827981921,0.0,0.0,0.0
83.80000000000001,11.887590206318656,0.7245608394103302,6.030793401251989,-1.7403622823511573,forward_slouch,poor,False,41.00000000000031,0.00020099744436288203,0.010049872218144101,0.020099744436288203,0.0,0.0,0.0,0.0,0.020099744436288203,0.003010421232744309,0.0,0.020099744436288203,0.003010421232744309,0.0,0.0,0.0
83.9,11.889534483000979,0.7112786924886796,6.064793951900427,-1.7862369737452066,forward_slouch,poor,False,41.100000000000314,0.00016421491204447465,0.008210745602223731,0.016421491204447462,0.0,0.0,0.0,0.0,0.016421491204447462,0.0024601924346064896,0.0,0.016421491204447462,0.0024601924346064896,0.0,0.0,0.0
84.0,11.893532605997766,0.7532968275013227,6.123727529915813,-1.872086718588173,forward_slouch,poor,False,41.200000000000315,0.00013416358314033577,0.006708179157016788,0.013416358314033577,0.0,0.0,0.0,0.0,0.013416358314033577,0.0020104301197759744,0.0,0.013416358314033577,0.0020104301197759744,0.0,0.0,0.0
84.10000000000001,11.881601634178642,0.7355387618735161,6.180206479472271,-1.8355988240628738,forward_slouch,poor,False,41.30000000000032,0.00010961164742565433,0.005480582371282716,0.010961164742565432,0.0,0.0,0.0,0.0,0.010961164742565432,0.0016428237966253922,0.0,0.010961164742565432,0.0016428237966253922,0.0,0.0,0.0
84.2,11.798343646373223,0.7096204320568302,6.181705835305952,-1.8995517295392867,forward_slouch,poor,True,41.40000000000032,0.0384961294147923,1.9248064707396149,3.8496129414792297,0.0,0.0,0.0,1.6,3.8496129414792297,0.438667547046531,1.6,3.8496129414792297,0.438667547046531,0.0,0.0,0.0
84.30000000000001,11.791527903598698,0.7169593825150782,6.128370515993339,-1.8847320796938687,forward_slouch,poor,False,41.50000000000032,0.031451337731885305,1.5725668865942652,3.1451337731885305,0.0,0.0,0.0,0.0,3.1451337731885305,0.3761030484383804,0.0,3.1451337731885305,0.3761030484383804,0.0,0.0,0.0
84.4,11.725662510256807,0.7034387408635037,6.204625999843621,-1.8202537574849762,forward_slouch,poor,False,41.60000000000032,0.025695742926950295,1.2847871463475147,2.5695742926950293,0.0,0.0,0.0,0.0,2.5695742926950293,0.3198460734837747,0.0,2.5695742926950293,0.3198460734837747,0.0,0.0,0.0
84.5,11.886975886985145,0.7774668672241865,6.095100841897903,-1.803341622631036,forward_slouch,poor,False,41.70000000000032,0.02099342197131839,1.0496710985659194,2.099342197131839,0.0,0.0,0.0,0.0,2.099342197131839,0.27013911359607057,0.0,2.099342197131839,0.27013911359607057,0.0,0.0,0.0
84.60000000000001,11.88727369708046,0.7500681565556594,6.15513443298602,-1.8244535805816335,forward_slouch,poor,False,41.800000000000324,0.017151625750567123,0.8575812875283562,1.7151625750567123,0.0,0.0,0.0,0.0,1.7151625750567123,0.22684395873523366,0.0,1.7151625750567123,0.22684395873523366,0.0,0.0,0.0
84.7,11.893601111530618,0.7158536969274434,6.110926605856484,-1.9265107941931063,forward_slouch,poor,False,41.900000000000325,0.014012878238213339,0.700643911910667,1.401287823821334,0.0,0.0,0.0,0.0,1.401287823821334,0.18957232236206767,0.0,1.401287823821334,0.18957232236206767,0.0,0.0,0.0
84.80000000000001,11.915108250690434,0.6849992648631938,6.121983631544033,-1.9612316783634993,forward_slouch,poor,False,42.00000000000033,0.0114485215206203,0.5724260760310149,1.1448521520620298,0.0,0.0,0.0,0.0,1.1448521520620298,0.15779162811560654,0.0,1.1448521520620298,0.15779162811560654,0.0,0.0,0.0
84.9,11.892320031447975,0.6717941942237288,6.123987654419294,-2.0255551375172445,forward_slouch,poor,False,42.10000000000033,0.009353442082346784,0.46767210411733917,0.9353442082346783,0.0,0.0,0.0,0.0,0.9353442082346783,0.13090395065583071,0.0,0.9353442082346783,0.13090395065583071,0.0,0.0,0.0
85.0,11.891306826214398,0.6746607371607171,6.1639200070573565,-2.0827711527878825,forward_slouch,poor,False,42.20000000000033,0.007641762181277322,0.3820881090638661,0.7641762181277322,0.0,0.0,0.0,0.0,0.7641762181277322,0.10830080866261793,0.0,0.7641762181277322,0.10830080866261793,0.0,0.0,0.0
85.10000000000001,11.754864891357139,0.6932518647987644,6.082134683105467,-2.108533846542012,forward_slouch,poor,False,42.30000000000033,0.006243319702103571,0.31216598510517857,0.6243319702103571,0.0,0.0,0.0,0.0,0.6243319702103571,0.08939839684184825,0.0,0.6243319702103571,0.08939839684184825,0.0,0.0,0.0
85.2,11.656475914570796,0.6480374488059618,6.001072211131831,-2.060254567918589,forward_slouch,poor,False,42.40000000000033,0.005100792196618618,0.2550396098309309,0.5100792196618618,0.0,0.0,0.0,0.0,0.5100792196618618,0.07365809345047081,0.0,0.5100792196618618,0.07365809345047081,0.0,0.0,0.0
85.30000000000001,11.61323856707364,0.6524229715316002,6.0810890998170395,-2.0715596529011044,forward_slouch,poor,False,42.500000000000334,0.00416734722463741,0.20836736123187052,0.41673472246374105,0.0,0.0,0.0,0.0,0.41673472246374105,0.06059652701329166,0.0,0.41673472246374105,0.06059652701329166,0.0,0.0,0.0
85.4,11.440357054052683,0.6830321152249423,6.081730262106213,-2.06125225260293,forward_slouch,poor,False,42.600000000000335,0.0034047226825287646,0.1702361341264382,0.3404722682528764,0.0,0.0,0.0,0.0,0.3404722682528764,0.04978864505034064,0.0,0.3404722682528764,0.04978864505034064,0.0,0.0,0.0
85.5,11.52385767661523,0.6513220839566902,6.042185693123035,-2.0177512202182024,forward_slouch,poor,False,42.70000000000034,0.0027816584316260004,0.1390829215813,0.2781658431626,0.0,0.0,0.0,0.0,0.2781658431626,0.04086637549971195,0.0,0.2781658431626,0.04086637549971195,0.0,0.0,0.0
85.60000000000001,11.376884287866243,0.6388601726120757,5.91128897236269,-2.0541031559061294,forward_slouch,poor,False,42.80000000000034,0.0022726149386384418,0.1136307469319221,0.2272614938638442,0.0,0.0,0.0,0.0,0.2272614938638442,0.03351473296804697,0.0,0.2272614938638442,0.03351473296804697,0.0,0.0,0.0
85.7,11.30799484275592,0.6727315651622525,5.952493105838868,-2.044246291374124,forward_slouch,poor,False,42.90000000000034,0.001856726404867607,0.09283632024338036,0.18567264048676071,0.0,0.0,0.0,0.0,0.18567264048676071,0.027466635465110523,0.0,0.18567264048676071,0.027466635465110523,0.0,0.0,0.0
85.80000000000001,11.327987188185512,0.6520907110634085,5.9134570832842,-2.118259720162947,forward_slouch,poor,False,43.00000000000034,0.001516945472776835,0.07584727363884175,0.1516945472776835,0.0,0.0,0.0,0.0,0.1516945472776835,0.022497258078387428,0.0,0.1516945472776835,0.022497258078387428,0.0,0.0,0.0
85.9,11.266267557310327,0.7204925493510864,5.97748349299569,-2.120761130915513,forward_slouch,poor,False,43.10000000000034,0.0012393444512586744,0.06196722256293371,0.12393444512586742,0.0,0.0,0.0,0.0,0.12393444512586742,0.018418435436549196,0.0,0.12393444512586742,0.018418435436549196,0.0,0.0,0.0
86.0,11.312200799205847,0.8017864830669161,5.9024030182197595,-2.0332554722232516,forward_slouch,poor,False,43.200000000000344,0.0010125444166783368,0.05062722083391684,0.10125444166783368,0.0,0.0,0.0,0.0,0.10125444166783368,0.015073407778007364,0.0,0.10125444166783368,0.015073407778007364,0.0,0.0,0.0
86.10000000000001,11.365412125077379,0.8095030366659046,5.914879798622711,-2.0163007064423892,forward_slouch,poor,False,43.300000000000345,0.0008272487884262011,0.04136243942131006,0.08272487884262011,0.0,0.0,0.0,0.0,0.08272487884262011,0.012332060970645542,0.0,0.08272487884262011,0.012332060970645542,0.0,0.0,0.0
86.2,11.487746082071462,0.7801565274535549,5.978851715054309,-2.0434049430317085,forward_slouch,poor,False,43.40000000000035,0.0006758622601442064,0.033793113007210315,0.06758622601442063,0.0,0.0,0.0,0.0,0.06758622601442063,0.010086718269944006,0.0,0.06758622601442063,0.010086718269944006,0.0,0.0,0.0
86.30000000000001,11.39039797341173,0.7938589506618139,5.853755135651691,-2.0419300910571874,forward_slouch,poor,False,43.50000000000035,0.0005521794665378166,0.02760897332689083,0.05521794665378166,0.0,0.0,0.0,0.0,0.05521794665378166,0.008248485011827067,0.0,0.05521794665378166,0.008248485011827067,0.0,0.0,0.0
86.4,11.533176216753574,0.8520733228944073,5.908076127902479,-2.086682513926908,forward_slouch,poor,False,43.60000000000035,0.0004511306241613961,0.022556531208069806,0.04511306241613961,0.0,0.0,0.0,0.0,0.04511306241613961,0.00674411505080208,0.0,0.04511306241613961,0.00674411505080208,0.0,0.0,0.0
86.5,11.434096620409209,0.9019850069346063,5.870082098840191,-2.0089134142465057,forward_slouch,poor,False,43.70000000000035,0.0003685737199398606,0.01842868599699303,0.03685737199398606,0.0,0.0,0.0,0.0,0.03685737199398606,0.005513351183256576,0.0,0.03685737199398606,0.005513351183256576,0.0,0.0,0.0
86.60000000000001,11.532306470320757,0.8456258394588104,5.879398606310061,-2.0471210656015226,forward_slouch,poor,False,43.80000000000035,0.00030112472919086616,0.015056236459543305,0.03011247291908661,0.0,0.0,0.0,0.0,0.03011247291908661,0.004506685217959827,0.0,0.03011247291908661,0.004506685217959827,0.0,0.0,0.0
86.7,11.567787374986635,0.8790990647723844,5.792315658250476,-2.102665295272105,forward_slouch,poor,False,43.900000000000354,0.0002460189037489376,0.01230094518744688,0.02460189037489376,0.0,0.0,0.0,0.0,0.02460189037489376,0.003683482827981921,0.0,0.02460189037489376,0.003683482827981921,0.0,0.0,0.0
86.80000000000001,11.507998081701762,0.9049586945456153,5.693875782095895,-2.1175917214009283,forward_slouch,poor,False,44.000000000000355,0.00020099744436288203,0.010049872218144101,0.020099744436288203,0.0,0.0,0.0,0.0,0.020099744436288203,0.003010421232744309,0.0,0.020099744436288203,0.003010421232744309,0.0,0.0,0.0
86.9,11.578951322310298,0.9036549896526196,5.737433071565385,-2.0886121764189713,forward_slouch,poor,False,44.10000000000036,0.00016421491204447465,0.008210745602223731,0.016421491204447462,0.0,0.0,0.0,0.0,0.016421491204447462,0.0024601924346064896,0.0,0.016421491204447462,0.0024601924346064896,0.0,0.0,0.0
87.0,11.634345100910739,0.9219910074462043,5.790214973181181,-2.070675409152753,forward_slouch,poor,False,44.20000000000036,0.00013416358314033577,0.006708179157016788,0.013416358314033577,0.0,0.0,0.0,0.0,0.013416358314033577,0.0020104301197759744,0.0,0.013416358314033577,0.0020104301197759744,0.0,0.0,0.0
87.10000000000001,11.708234443219396,0.9222949706706902,5.748715104718769,-2.0874967408316425,forward_slouch,poor,False,44.30000000000036,0.00010961164742565433,0.005480582371282716,0.010961164742565432,0.0,0.0,0.0,0.0,0.010961164742565432,0.0016428237966253922,0.0,0.010961164742565432,0.0016428237966253922,0.0,0.0,0.0
87.2,11.792455652232322,0.8543276624034599,5.661416206523504,-2.073160116834247,forward_slouch,poor,True,44.40000000000036,0.0384961294147923,1.9248064707396149,3.8496129414792297,0.0,0.0,0.0,1.6,3.8496129414792297,0.438667547046531,1.6,3.8496129414792297,0.438667547046531,0.0,0.0,0.0
87.30000000000001,11.75561692373154,0.8045629989481662,5.583843594029603,-2.1336415252111913,forward_slouch,poor,False,44.50000000000036,0.031451337731885305,1.5725668865942652,3.1451337731885305,0.0,0.0,0.0,0.0,3.1451337731885305,0.3761030484383804,0.0,3.1451337731885305,0.3761030484383804,0.0,0.0,0.0
87.4,11.714790613891985,0.7738105708173733,5.608655852670207,-2.094494397189672,forward_slouch,poor,False,44.600000000000364,0.025695742926950295,1.2847871463475147,2.5695742926950293,0.0,0.0,0.0,0.0,2.5695742926950293,0.3198460734837747,0.0,2.5695742926950293,0.3198460734837747,0.0,0.0,0.0
87.5,11.787775977873853,0.7524370712187324,5.6171005024938125,-2.1069499047129527,forward_slouch,poor,False,44.700000000000365,0.02099342197131839,1.0496710985659194,2.099342197131839,0.0,0.0,0.0,0.0,2.099342197131839,0.27013911359607057,0.0,2.099342197131839,0.27013911359607057,0.0,0.0,0.0
87.60000000000001,11.794083329607037,0.7809248377908067,5.636256419624631,-2.0695349501135194,forward_slouch,poor,False,44.80000000000037,0.017151625750567123,0.8575812875283562,1.7151625750567123,0.0,0.0,0.0,0.0,1.7151625750567123,0.22684395873523366,0.0,1.7151625750567123,0.22684395873523366,0.0,0.0,0.0
87.7,11.725395315157423,0.765568473403486,5.644257841242346,-2.1552218874668805,forward_slouch,poor,False,44.90000000000037,0.014012878238213339,0.700643911910667,1.401287823821334,0.0,0.0,0.0,0.0,1.401287823821334,0.18957232236206767,0.0,1.401287823821334,0.18957232236206767,0.0,0.0,0.0
87.80000000000001,11.703527533893325,0.7571305888621341,5.60118074745569,-2.138476610312485,forward_slouch,poor,False,45.00000000000037,0.0114485215206203,0.5724260760310149,1.1448521520620298,0.0,0.0,0.0,0.0,1.1448521520620298,0.15779162811560654,0.0,1.1448521520620298,0.15779162811560654,0.0,0.0,0.0
87.9,11.754183479668619,0.7080017725602537,5.647255933840519,-2.101922099971546,forward_slouch,poor,False,45.10000000000037,0.009353442082346784,0.46767210411733917,0.9353442082346783,0.0,0.0,0.0,0.0,0.9353442082346783,0.13090395065583071,0.0,0.9353442082346783,0.13090395065583071,0.0,0.0,0.0
88.0,11.80954963928231,0.7180090757998981,5.618025056106484,-2.0498907934771786,forward_slouch,poor,False,45.20000000000037,0.007641762181277322,0.3820881090638661,0.7641762181277322,0.0,0.0,0.0,0.0,0.7641762181277322,0.10830080866261793,0.0,0.7641762181277322,0.10830080866261793,0.0,0.0,0.0
88.10000000000001,11.871471307962612,0.6899904693139,5.529166831115796,-2.0253634955938207,forward_slouch,poor,False,45.300000000000374,0.006243319702103571,0.31216598510517857,0.6243319702103571,0.0,0.0,0.0,0.0,0.6243319702103571,0.08939839684184825,0.0,0.6243319702103571,0.08939839684184825,0.0,0.0,0.0
88.2,12.01540400904032,0.6782102612068457,5.547154547676694,-2.1703575199536367,forward_slouch,poor,False,45.400000000000375,0.005100792196618618,0.2550396098309309,0.5100792196618618,0.0,0.0,0.0,0.0,0.5100792196618618,0.07365809345047081,0.0,0.5100792196618618,0.07365809345047081,0.0,0.0,0.0
88.30000000000001,12.070603765318053,0.6454866011238457,5.652968015162006,-2.1602533250883234,forward_slouch,poor,False,45.50000000000038,0.00416734722463741,0.20836736123187052,0.41673472246374105,0.0,0.0,0.0,0.0,0.41673472246374105,0.06059652701329166,0.0,0.41673472246374105,0.06059652701329166,0.0,0.0,0.0
88.4,12.093553678824364,0.6406201406243932,5.6020856486463915,-2.182592625490435,forward_slouch,poor,False,45.60000000000038,0.0034047226825287646,0.1702361341264382,0.3404722682528764,0.0,0.0,0.0,0.0,0.3404722682528764,0.04978864505034064,0.0,0.3404722682528764,0.04978864505034064,0.0,0.0,0.0
88.5,12.207746305376434,0.691610313439216,5.586475403737358,-2.2023450136670437,forward_slouch,poor,False,45.70000000000038,0.0027816584316260004,0.1390829215813,0.2781658431626,0.0,0.0,0.0,0.0,0.2781658431626,0.04086637549971195,0.0,0.2781658431626,0.04086637549971195,0.0,0.0,0.0
88.60000000000001,12.3142697151359,0.6473198877192311,5.557591215786756,-2.1418268838554098,forward_slouch,poor,False,45.80000000000038,0.0022726149386384418,0.1136307469319221,0.2272614938638442,0.0,0.0,0.0,0.0,0.2272614938638442,0.03351473296804697,0.0,0.2272614938638442,0.03351473296804697,0.0,0.0,0.0
88.7,12.211097868224142,0.6722656406147303,5.5291560703187566,-2.0213431303828613,forward_slouch,poor,False,45.90000000000038,0.001856726404867607,0.09283632024338036,0.18567264048676071,0.0,0.0,0.0,0.0,0.18567264048676071,0.027466635465110523,0.0,0.18567264048676071,0.027466635465110523,0.0,0.0,0.0
88.80000000000001,12.256304152661226,0.6879569631653092,5.5479586297240004,-1.940555644193346,forward_slouch,poor,False,46.000000000000384,0.001516945472776835,0.07584727363884175,0.1516945472776835,0.0,0.0,0.0,0.0,0.1516945472776835,0.022497258078387428,0.0,0.1516945472776835,0.022497258078387428,0.0,0.0,0.0
88.9,12.327260778618635,0.6720869712744872,5.518728169523211,-1.9246480077220307,forward_slouch,poor,False,46.100000000000385,0.0012393444512586744,0.06196722256293371,0.12393444512586742,0.0,0.0,0.0,0.0,0.12393444512586742,0.018418435436549196,0.0,0.12393444512586742,0.018418435436549196,0.0,0.0,0.0
89.0,12.37159733950908,0.6612246153888486,5.543384751918633,-1.8744470547131011,forward_slouch,poor,False,46.20000000000039,0.0010125444166783368,0.05062722083391684,0.10125444166783368,0.0,0.0,0.0,0.0,0.10125444166783368,0.015073407778007364,0.0,0.10125444166783368,0.015073407778007364,0.0,0.0,0.0
89.10000000000001,12.362516505070015,0.6906937230927965,5.638221205994298,-1.867090231191403,forward_slouch,poor,False,46.30000000000039,0.0008272487884262011,0.04136243942131006,0.08272487884262011,0.0,0.0,0.0,0.0,0.08272487884262011,0.012332060970645542,0.0,0.08272487884262011,0.012332060970645542,0.0,0.0,0.0
89.2,12.36718500509465,0.573865716918485,5.624782652647989,-1.8764487406657486,forward_slouch,poor,False,46.40000000000039,0.0006758622601442064,0.033793113007210315,0.06758622601442063,0.0,0.0,0.0,0.0,0.06758622601442063,0.010086718269944006,0.0,0.06758622601442063,0.010086718269944006,0.0,0.0,0.0
89.30000000000001,12.39746727819589,0.6051789105651573,5.610432688470067,-1.9071973387095582,forward_slouch,poor,False,46.50000000000039,0.0005521794665378166,0.02760897332689083,0.05521794665378166,0.0,0.0,0.0,0.0,0.05521794665378166,0.008248485011827067,0.0,0.05521794665378166,0.008248485011827067,0.0,0.0,0.0
89.4,12.209475350783364,0.6453358800498162,5.517595694175395,-1.9838424089455315,forward_slouch,poor,False,46.60000000000039,0.0004511306241613961,0.022556531208069806,0.04511306241613961,0.0,0.0,0.0,0.0,0.04511306241613961,0.00674411505080208,0.0,0.04511306241613961,0.00674411505080208,0.0,0.0,0.0
89.5,12.272377852461391,0.7337989452016223,5.525703398268911,-1.999267073015161,forward_slouch,poor,False,46.700000000000394,0.0003685737199398606,0.01842868599699303,0.03685737199398606,0.0,0.0,0.0,0.0,0.03685737199398606,0.005513351183256576,0.0,0.03685737199398606,0.005513351183256576,0.0,0.0,0.0
89.60000000000001,12.293304129852544,0.7235518428446676,5.432873264041919,-2.0944425605901844,forward_slouch,poor,False,46.800000000000395,0.00030112472919086616,0.015056236459543305,0.03011247291908661,0.0,0.0,0.0,0.0,0.03011247291908661,0.004506685217959827,0.0,0.03011247291908661,0.004506685217959827,0.0,0.0,0.0
89.7,12.265939687621714,0.7053236014605108,5.430690869502883,-2.1805370515232614,forward_slouch,poor,False,46.9000000000004,0.0002460189037489376,0.01230094518744688,0.02460189037489376,0.0,0.0,0.0,0.0,0.02460189037489376,0.003683482827981921,0.0,0.02460189037489376,0.003683482827981921,0.0,0.0,0.0
89.80000000000001,12.22835771935318,0.6625643126323754,5.436055132847588,-2.19512504766108,forward_slouch,poor,False,47.0000000000004,0.00020099744436288203,0.010049872218144101,0.020099744436288203,0.0,0.0,0.0,0.0,0.020099744436288203,0.003010421232744309,0.0,0.020099744436288203,0.003010421232744309,0.0,0.0,0.0
89.9,12.228372097329814,0.6364769752584913,5.521266121879836,-2.19290103390473,forward_slouch,poor,False,47.1000000000004,0.00016421491204447465,0.008210745602223731,0.016421491204447462,0.0,0.0,0.0,0.0,0.016421491204447462,0.0024601924346064896,0.0,0.016421491204447462,0.0024601924346064896,0.0,0.0,0.0
90.0,12.206050203623928,0.5345447655415303,5.516117357487927,-2.211845562285736,forward_slouch,poor,False,47.2000000000004,0.00013416358314033577,0.006708179157016788,0.013416358314033577,0.0,0.0,0.0,0.0,0.013416358314033577,0.0020104301197759744,0.0,0.013416358314033577,0.0020104301197759744,0.0,0.0,0.0
90.10000000000001,12.276142229996868,0.5460673716745126,5.50492215582965,-2.2467010482090033,forward_slouch,poor,False,47.3000000000004,0.00010961164742565433,0.005480582371282716,0.010961164742565432,0.0,0.0,0.0,0.0,0.010961164742565432,0.0016428237966253922,0.0,0.010961164742565432,0.0016428237966253922,0.0,0.0,0.0
90.2,12.193693268434462,0.5626891315292918,5.488276930257406,-2.2058136770956365,forward_slouch,poor,True,47.400000000000404,0.0384961294147923,1.9248064707396149,3.8496129414792297,0.0,0.0,0.0,1.6,3.8496129414792297,0.438667547046531,1.6,3.8496129414792297,0.438667547046531,0.0,0.0,0.0
90.30000000000001,12.133129299584516,0.5568984690933648,5.373670326239753,-2.1320709606018187,forward_slouch,poor,False,47.500000000000405,0.031451337731885305,1.5725668865942652,3.1451337731885305,0.0,0.0,0.0,0.0,3.1451337731885305,0.3761030484383804,0.0,3.1451337731885305,0.3761030484383804,0.0,0.0,0.0
90.4,12.205401851936168,0.5492331330609309,5.351353226079272,-2.124130958682882,forward_slouch,poor,False,47.600000000000406,0.025695742926950295,1.2847871463475147,2.5695742926950293,0.0,0.0,0.0,0.0,2.5695742926950293,0.3198460734837747,0.0,2.5695742926950293,0.3198460734837747,0.0,0.0,0.0
90.5,12.235284469248072,0.5175864115840124,5.433343317036522,-2.005753535019635,forward_slouch,poor,False,47.70000000000041,0.02099342197131839,1.0496710985659194,2.099342197131839,0.0,0.0,0.0,0.0,2.099342197131839,0.27013911359607057,0.0,2.099342197131839,0.27013911359607057,0.0,0.0,0.0
90.60000000000001,12.238381654228304,0.4478717586207627,5.435288677308806,-1.9672037800333808,forward_slouch,poor,False,47.80000000000041,0.017151625750567123,0.8575812875283562,1.7151625750567123,0.0,0.0,0.0,0.0,1.7151625750567123,0.22684395873523366,0.0,1.7151625750567123,0.22684395873523366,0.0,0.0,0.0
90.7,12.129638049182883,0.4270765014598025,5.501282844814084,-1.9383921962575792,forward_slouch,poor,False,47.90000000000041,0.014012878238213339,0.700643911910667,1.401287823821334,0.0,0.0,0.0,0.0,1.401287823821334,0.18957232236206767,0.0,1.401287823821334,0.18957232236206767,0.0,0.0,0.0
90.80000000000001,12.027683148982545,0.3689554320743367,5.460008642016526,-1.9181602334784218,forward_slouch,poor,False,48.00000000000041,0.0114485215206203,0.5724260760310149,1.1448521520620298,0.0,0.0,0.0,0.0,1.1448521520620298,0.15779162811560654,0.0,1.1448521520620298,0.15779162811560654,0.0,0.0,0.0
90.9,12.046225305384498,0.4297133862592955,5.421413595382003,-1.8996356899075102,forward_slouch,poor,False,48.10000000000041,0.009353442082346784,0.46767210411733917,0.9353442082346783,0.0,0.0,0.0,0.0,0.9353442082346783,0.13090395065583071,0.0,0.9353442082346783,0.13090395065583071,0.0,0.0,0.0
91.0,12.012407533329672,0.3409596147317614,5.319415080371816,-1.9655615986480857,forward_slouch,poor,False,48.200000000000415,0.007641762181277322,0.3820881090638661,0.7641762181277322,0.0,0.0,0.0,0.0,0.7641762181277322,0.10830080866261793,0.0,0.7641762181277322,0.10830080866261793,0.0,0.0,0.0
91.10000000000001,11.899920087156,0.2996940630590363,5.27516812349858,-1.9586786642761471,forward_slouch,poor,False,48.300000000000416,0.006243319702103571,0.31216598510517857,0.6243319702103571,0.0,0.0,0.0,0.0,0.6243319702103571,0.08939839684184825,0.0,0.6243319702103571,0.08939839684184825,0.0,0.0,0.0
91.2,12.020654590882714,0.276967716739562,5.377669770684767,-1.9026306799345878,forward_slouch,poor,False,48.40000000000042,0.005100792196618618,0.2550396098309309,0.5100792196618618,0.0,0.0,0.0,0.0,0.5100792196618618,0.07365809345047081,0.0,0.5100792196618618,0.07365809345047081,0.0,0.0,0.0
91.30000000000001,11.961281428642904,0.23276633593296275,5.3201058988298575,-1.84374116295322,forward_slouch,poor,False,48.50000000000042,0.00416734722463741,0.20836736123187052,0.41673472246374105,0.0,0.0,0.0,0.0,0.41673472246374105,0.06059652701329166,0.0,0.41673472246374105,0.06059652701329166,0.0,0.0,0.0
91.4,12.008835154427679,0.31003964001675843,5.316271443639635,-1.8593578594571636,forward_slouch,poor,False,48.60000000000042,0.0034047226825287646,0.1702361341264382,0.3404722682528764,0.0,0.0,0.0,0.0,0.3404722682528764,0.04978864505034064,0.0,0.3404722682528764,0.04978864505034064,0.0,0.0,0.0
91.5,12.186867989519993,0.29564977394207936,5.475251971905344,-1.8048547812553124,forward_slouch,poor,False,48.70000000000042,0.0027816584316260004,0.1390829215813,0.2781658431626,0.0,0.0,0.0,0.0,0.2781658431626,0.04086637549971195,0.0,0.2781658431626,0.04086637549971195,0.0,0.0,0.0
91.60000000000001,12.245512752609507,0.2395950519887522,5.515593093830021,-1.8300121809296412,forward_slouch,poor,False,48.80000000000042,0.0022726149386384418,0.1136307469319221,0.2272614938638442,0.0,0.0,0.0,0.0,0.2272614938638442,0.03351473296804697,0.0,0.2272614938638442,0.03351473296804697,0.0,0.0,0.0
91.7,12.224579824461374,0.24365961156217866,5.574321571823773,-1.8698303845601052,forward_slouch,poor,False,48.900000000000425,0.001856726404867607,0.09283632024338036,0.18567264048676071,0.0,0.0,0.0,0.0,0.18567264048676071,0.027466635465110523,0.0,0.18567264048676071,0.027466635465110523,0.0,0.0,0.0
91.80000000000001,12.282314658628719,0.25504600766233587,5.602345380888845,-1.8409329110749169,forward_slouch,poor,False,49.000000000000426,0.001516945472776835,0.07584727363884175,0.1516945472776835,0.0,0.0,0.0,0.0,0.1516945472776835,0.022497258078387428,0.0,0.1516945472776835,0.022497258078387428,0.0,0.0,0.0
91.9,12.316561826218214,0.27572631592514607,5.699750829743198,-1.8921093710549353,forward_slouch,poor,False,49.10000000000043,0.0012393444512586744,0.06196722256293371,0.12393444512586742,0.0,0.0,0.0,0.0,0.12393444512586742,0.018418435436549196,0.0,0.12393444512586742,0.018418435436549196,0.0,0.0,0.0
92.0,12.420427695093395,0.16787468068227163,5.80957963920037,-1.8590801700119957,forward_slouch,poor,False,49.20000000000043,0.0010125444166783368,0.05062722083391684,0.10125444166783368,0.0,0.0,0.0,0.0,0.10125444166783368,0.015073407778007364,0.0,0.10125444166783368,0.015073407778007364,0.0,0.0,0.0
92.10000000000001,12.446521308797534,0.18765481861543382,5.841901677583906,-1.7432899965624544,forward_slouch,poor,False,49.30000000000043,0.0008272487884262011,0.04136243942131006,0.08272487884262011,0.0,0.0,0.0,0.0,0.08272487884262011,0.012332060970645542,0.0,0.08272487884262011,0.012332060970645542,0.0,0.0,0.0
92.2,12.628468826001777,0.24832618208507165,5.8997176413081895,-1.7994294061512168,forward_slouch,poor,False,49.40000000000043,0.0006758622601442064,0.033793113007210315,0.06758622601442063,0.0,0.0,0.0,0.0,0.06758622601442063,0.010086718269944006,0.0,0.06758622601442063,0.010086718269944006,0.0,0.0,0.0
92.30000000000001,12.646584012689836,0.18403196061398916,5.954258291238992,-1.7802468235438171,forward_slouch,poor,False,49.50000000000043,0.0005521794665378166,0.02760897332689083,0.05521794665378166,0.0,0.0,0.0,0.0,0.05521794665378166,0.008248485011827067,0.0,0.05521794665378166,0.008248485011827067,0.0,0.0,0.0
92.4,12.478185058762604,0.25584393392788696,5.949317411172227,-1.744110940926693,forward_slouch,poor,False,49.600000000000435,0.0004511306241613961,0.022556531208069806,0.04511306241613961,0.0,0.0,0.0,0.0,0.04511306241613961,0.00674411505080208,0.0,0.04511306241613961,0.00674411505080208,0.0,0.0,0.0
92.5,12.510487651491948,0.30005114362672847,5.932512355791174,-1.7136566208469515,forward_slouch,poor,False,49.700000000000436,0.0003685737199398606,0.01842868599699303,0.03685737199398606,0.0,0.0,0.0,0.0,0.03685737199398606,0.005513351183256576,0.0,0.03685737199398606,0.005513351183256576,0.0,0.0,0.0
92.60000000000001,12.539674353052348,0.31013306151494796,5.889248824510972,-1.715277810872908,forward_slouch,poor,False,49.80000000000044,0.00030112472919086616,0.015056236459543305,0.03011247291908661,0.0,0.0,0.0,0.0,0.03011247291908661,0.004506685217959827,0.0,0.03011247291908661,0.004506685217959827,0.0,0.0,0.0
92.7,12.432735408707288,0.2605299295183467,5.898862407488856,-1.722416961077542,forward_slouch,poor,False,49.90000000000044,0.0002460189037489376,0.01230094518744688,0.02460189037489376,0.0,0.0,0.0,0.0,0.02460189037489376,0.003683482827981921,0.0,0.02460189037489376,0.003683482827981921,0.0,0.0,0.0
92.80000000000001,12.38803715456972,0.28277704797282976,5.96375063737873,-1.7070747813680047,forward_slouch,poor,False,50.00000000000044,0.00020099744436288203,0.010049872218144101,0.020099744436288203,0.0,0.0,0.0,0.0,0.020099744436288203,0.003010421232744309,0.0,0.020099744436288203,0.003010421232744309,0.0,0.0,0.0
92.9,12.561300867158035,0.3230521003058746,5.983179250476305,-1.8212784782631637,forward_slouch,poor,False,50.10000000000044,0.00016421491204447465,0.008210745602223731,0.016421491204447462,0.0,0.0,0.0,0.0,0.016421491204447462,0.0024601924346064896,0.0,0.016421491204447462,0.0024601924346064896,0.0,0.0,0.0
93.0,12.573424682931634,0.37040664078947316,5.931449842701266,-1.8717259088023686,forward_slouch,poor,False,50.20000000000044,0.00013416358314033577,0.006708179157016788,0.013416358314033577,0.0,0.0,0.0,0.0,0.013416358314033577,0.0020104301197759744,0.0,0.013416358314033577,0.0020104301197759744,0.0,0.0,0.0
93.10000000000001,12.632489029611614,0.41415764427550644,5.935778297804081,-1.8793828852460979,forward_slouch,poor,False,50.300000000000445,0.00010961164742565433,0.005480582371282716,0.010961164742565432,0.0,0.0,0.0,0.0,0.010961164742565432,0.0016428237966253922,0.0,0.010961164742565432,0.0016428237966253922,0.0,0.0,0.0
93.2,12.59763425851961,0.4005141292424023,5.97731445909059,-1.9254921311008408,forward_slouch,poor,True,50.400000000000446,0.0384961294147923,1.9248064707396149,3.8496129414792297,0.0,0.0,0.0,1.6,3.8496129414792297,0.438667547046531,1.6,3.8496129414792297,0.438667547046531,0.0,0.0,0.0
93.30000000000001,12.616218095303026,0.47913120495812306,5.920609886459886,-1.907158994529467,forward_slouch,poor,False,50.50000000000045,0.031451337731885305,1.5725668865942652,3.1451337731885305,0.0,0.0,0.0,0.0,3.1451337731885305,0.3761030484383804,0.0,3.1451337731885305,0.3761030484383804,0.0,0.0,0.0
93.4,12.536538680681739,0.4574949867587008,5.922105662156921,-1.9911588849337547,forward_slouch,poor,False,50.60000000000045,0.025695742926950295,1.2847871463475147,2.5695742926950293,0.0,0.0,0.0,0.0,2.5695742926950293,0.3198460734837747,0.0,2.5695742926950293,0.3198460734837747,0.0,0.0,0.0
93.5,12.372038593616415,0.42765116060892744,5.949591890155479,-1.9273542288389647,forward_slouch,poor,False,50.70000000000045,0.02099342197131839,1.0496710985659194,2.099342197131839,0.0,0.0,0.0,0.0,2.099342197131839,0.27013911359607057,0.0,2.099342197131839,0.27013911359607057,0.0,0.0,0.0
93.60000000000001,12.42795477117751,0.46634688353490183,5.955751668947381,-1.8645671591118849,forward_slouch,poor,False,50.80000000000045,0.017151625750567123,0.8575812875283562,1.7151625750567123,0.0,0.0,0.0,0.0,1.7151625750567123,0.22684395873523366,0.0,1.7151625750567123,0.22684395873523366,0.0,0.0,0.0
93.7,12.344804173564038,0.4847676956768151,5.915831620246008,-1.7743228626340226,forward_slouch,poor,False,50.90000000000045,0.014012878238213339,0.700643911910667,1.401287823821334,0.0,0.0,0.0,0.0,1.401287823821334,0.18957232236206767,0.0,1.401287823821334,0.18957232236206767,0.0,0.0,0.0
93.80000000000001,12.349219896661763,0.5009079045423436,5.980796534603932,-1.7274879691750171,forward_slouch,poor,False,51.000000000000455,0.0114485215206203,0.5724260760310149,1.1448521520620298,0.0,0.0,0.0,0.0,1.1448521520620298,0.15779162811560654,0.0,1.1448521520620298,0.15779162811560654,0.0,0.0,0.0
93.9,12.357829816927826,0.4602158526992565,6.064189738058803,-1.8381235253486112,forward_slouch,poor,False,51.100000000000456,0.009353442082346784,0.46767210411733917,0.9353442082346783,0.0,0.0,0.0,0.0,0.9353442082346783,0.13090395065583071,0.0,0.9353442082346783,0.13090395065583071,0.0,0.0,0.0
94.0,12.287946182361912,0.4267791854518268,6.054669023258399,-1.8723404837743662,forward_slouch,poor,False,51.20000000000046,0.007641762181277322,0.3820881090638661,0.7641762181277322,0.0,0.0,0.0,0.0,0.7641762181277322,0.10830080866261793,0.0,0.7641762181277322,0.10830080866261793,0.0,0.0,0.0
94.10000000000001,12.417962808853474,0.40803079181238433,6.086822868152887,-1.8778309070862944,forward_slouch,poor,False,51.30000000000046,0.006243319702103571,0.31216598510517857,0.6243319702103571,0.0,0.0,0.0,0.0,0.6243319702103571,0.08939839684184825,0.0,0.6243319702103571,0.08939839684184825,0.0,0.0,0.0
94.2,12.35989371516551,0.4268968756945429,6.102507077396474,-1.9276430164704357,forward_slouch,poor,False,51.40000000000046,0.005100792196618618,0.2550396098309309,0.5100792196618618,0.0,0.0,0.0,0.0,0.5100792196618618,0.07365809345047081,0.0,0.5100792196618618,0.07365809345047081,0.0,0.0,0.0
94.30000000000001,12.448411551571636,0.43935190376075706,6.116917645958173,-1.908989769952087,forward_slouch,poor,False,51.50000000000046,0.00416734722463741,0.20836736123187052,0.41673472246374105,0.0,0.0,0.0,0.0,0.41673472246374105,0.06059652701329166,0.0,0.41673472246374105,0.06059652701329166,0.0,0.0,0.0
94.4,12.440079695016724,0.3886808005710545,6.081065373398549,-1.9401366405304274,forward_slouch,poor,False,51.60000000000046,0.0034047226825287646,0.1702361341264382,0.3404722682528764,0.0,0.0,0.0,0.0,0.3404722682528764,0.04978864505034064,0.0,0.3404722682528764,0.04978864505034064,0.0,0.0,0.0
94.5,12.430714761811608,0.418707153073306,6.043158469383569,-1.9375230903750031,forward_slouch,poor,False,51.700000000000465,0.0027816584316260004,0.1390829215813,0.2781658431626,0.0,0.0,0.0,0.0,0.2781658431626,0.04086637549971195,0.0,0.2781658431626,0.04086637549971195,0.0,0.0,0.0
94.60000000000001,12.525386819026616,0.43382266055448515,5.953694689107559,-1.9680582456414932,forward_slouch,poor,False,51.800000000000466,0.0022726149386384418,0.1136307469319221,0.2272614938638442,0.0,0.0,0.0,0.0,0.2272614938638442,0.03351473296804697,0.0,0.2272614938638442,0.03351473296804697,0.0,0.0,0.0
94.7,12.675562795118848,0.466185754187606,5.9764531441711135,-1.9988161365029806,forward_slouch,poor,False,51.90000000000047,0.001856726404867607,0.09283632024338036,0.18567264048676071,0.0,0.0,0.0,0.0,0.18567264048676071,0.027466635465110523,0.0,0.18567264048676071,0.027466635465110523,0.0,0.0,0.0
94.80000000000001,12.772566800758407,0.4162950206348435,6.060172868655162,-2.016416246114141,forward_slouch,poor,False,52.00000000000047,0.001516945472776835,0.07584727363884175,0.1516945472776835,0.0,0.0,0.0,0.0,0.1516945472776835,0.022497258078387428,0.0,0.1516945472776835,0.022497258078387428,0.0,0.0,0.0
94.9,12.793671081640158,0.4049801421531812,6.1023401878119214,-2.0073943727228505,forward_slouch,poor,False,52.10000000000047,0.0012393444512586744,0.06196722256293371,0.12393444512586742,0.0,0.0,0.0,0.0,0.12393444512586742,0.018418435436549196,0.0,0.12393444512586742,0.018418435436549196,0.0,0.0,0.0
95.0,12.900750677878047,0.358206103638927,6.020620026284137,-2.000294969478047,forward_slouch,poor,False,52.20000000000047,0.0010125444166783368,0.05062722083391684,0.10125444166783368,0.0,0.0,0.0,0.0,0.10125444166783368,0.015073407778007364,0.0,0.10125444166783368,0.015073407778007364,0.0,0.0,0.0
95.10000000000001,12.826835343924214,0.3851128633592249,6.112738075424652,-1.8806783587407456,forward_slouch,poor,False,52.30000000000047,0.0008272487884262011,0.04136243942131006,0.08272487884262011,0.0,0.0,0.0,0.0,0.08272487884262011,0.012332060970645542,0.0,0.08272487884262011,0.012332060970645542,0.0,0.0,0.0
95.2,12.911123182618903,0.4222816466969019,6.210445162351229,-1.8919197860087638,forward_slouch,poor,False,52.400000000000475,0.0006758622601442064,0.033793113007210315,0.06758622601442063,0.0,0.0,0.0,0.0,0.06758622601442063,0.010086718269944006,0.0,0.06758622601442063,0.010086718269944006,0.0,0.0,0.0
95.30000000000001,12.918061273783616,0.5764041295938976,6.265633414766807,-1.9221088523422776,forward_slouch,poor,False,52.500000000000476,0.0005521794665378166,0.02760897332689083,0.05521794665378166,0.0,0.0,0.0,0.0,0.05521794665378166,0.008248485011827067,0.0,0.05521794665378166,0.008248485011827067,0.0,0.0,0.0
95.4,12.979738274054617,0.5386787985531668,6.256217547667635,-1.9364341278493513,forward_slouch,poor,False,52.60000000000048,0.0004511306241613961,0.022556531208069806,0.04511306241613961,0.0,0.0,0.0,0.0,0.04511306241613961,0.00674411505080208,0.0,0.04511306241613961,0.00674411505080208,0.0,0.0,0.0
95.5,13.10579254359929,0.5679998440975226,6.224511762602341,-1.9323966488632363,forward_slouch,poor,False,52.70000000000048,0.0003685737199398606,0.01842868599699303,0.03685737199398606,0.0,0.0,0.0,0.0,0.03685737199398606,0.005513351183256576,0.0,0.03685737199398606,0.005513351183256576,0.0,0.0,0.0
95.60000000000001,13.08874600307744,0.5652463637264175,6.082265528730641,-1.7840881803562485,forward_slouch,poor,False,52.80000000000048,0.00030112472919086616,0.015056236459543305,0.03011247291908661,0.0,0.0,0.0,0.0,0.03011247291908661,0.004506685217959827,0.0,0.03011247291908661,0.004506685217959827,0.0,0.0,0.0
95.7,12.970315529135002,0.5270102339673643,6.111411616947229,-1.6904340809391443,forward_slouch,poor,False,52.90000000000048,0.0002460189037489376,0.01230094518744688,0.02460189037489376,0.0,0.0,0.0,0.0,0.02460189037489376,0.003683482827981921,0.0,0.02460189037489376,0.003683482827981921,0.0,0.0,0.0
95.80000000000001,13.062634487767463,0.5624891151851552,6.218347264771113,-1.6456081623016732,forward_slouch,poor,False,53.00000000000048,0.00020099744436288203,0.010049872218144101,0.020099744436288203,0.0,0.0,0.0,0.0,0.020099744436288203,0.003010421232744309,0.0,0.020099744436288203,0.003010421232744309,0.0,0.0,0.0
95.9,13.077030729263676,0.5532011000512236,6.265358149722329,-1.7374505403460105,forward_slouch,poor,False,53.100000000000485,0.00016421491204447465,0.008210745602223731,0.016421491204447462,0.0,0.0,0.0,0.0,0.016421491204447462,0.0024601924346064896,0.0,0.016421491204447462,0.0024601924346064896,0.0,0.0,0.0
96.0,13.093202125931757,0.5593199565298255,6.326094314794701,-1.7186270561118804,forward_slouch,poor,False,53.200000000000486,0.00013416358314033577,0.006708179157016788,0.013416358314033577,0.0,0.0,0.0,0.0,0.013416358314033577,0.0020104301197759744,0.0,0.013416358314033577,0.0020104301197759744,0.0,0.0,0.0
96.10000000000001,13.215836653853966,0.5953470252107137,6.349307714115534,-1.6086452086227392,forward_slouch,poor,False,53.30000000000049,0.00010961164742565433,0.005480582371282716,0.010961164742565432,0.0,0.0,0.0,0.0,0.010961164742565432,0.0016428237966253922,0.0,0.010961164742565432,0.0016428237966253922,0.0,0.0,0.0
96.2,13.021621348678194,0.6184592811232402,6.316705897858772,-1.626990759880261,forward_slouch,poor,True,53.40000000000049,0.0384961294147923,1.9248064707396149,3.8496129414792297,0.0,0.0,0.0,1.6,3.8496129414792297,0.438667547046531,1.6,3.8496129414792297,0.438667547046531,0.0,0.0,0.0
96.30000000000001,12.889743483236273,0.6060759451834535,6.28983437544412,-1.5739747369319639,forward_slouch,poor,False,53.50000000000049,0.031451337731885305,1.5725668865942652,3.1451337731885305,0.0,0.0,0.0,0.0,3.1451337731885305,0.3761030484383804,0.0,3.1451337731885305,0.3761030484383804,0.0,0.0,0.0
96.4,12.867502043893598,0.5876189097592049,6.2539969851177375,-1.5138557714857857,forward_slouch,poor,False,53.60000000000049,0.025695742926950295,1.2847871463475147,2.5695742926950293,0.0,0.0,0.0,0.0,2.5695742926950293,0.3198460734837747,0.0,2.5695742926950293,0.3198460734837747,0.0,0.0,0.0
96.5,12.799613000424634,0.6161451950915009,6.217962011831533,-1.5669156329593406,forward_slouch,poor,False,53.70000000000049,0.02099342197131839,1.0496710985659194,2.099342197131839,0.0,0.0,0.0,0.0,2.099342197131839,0.27013911359607057,0.0,2.099342197131839,0.27013911359607057,0.0,0.0,0.0
96.60000000000001,12.747700376155173,0.5068819500526229,6.2265264988354065,-1.5282585259158472,forward_slouch,poor,False,53.800000000000495,0.017151625750567123,0.8575812875283562,1.7151625750567123,0.0,0.0,0.0,0.0,1.7151625750567123,0.22684395873523366,0.0,1.7151625750567123,0.22684395873523366,0.0,0.0,0.0
96.7,12.694014117276804,0.5183358231378739,6.236831559633167,-1.6113555614862685,forward_slouch,poor,False,53.900000000000496,0.014012878238213339,0.700643911910667,1.401287823821334,0.0,0.0,0.0,0.0,1.401287823821334,0.18957232236206767,0.0,1.401287823821334,0.18957232236206767,0.0,0.0,0.0
96.80000000000001,12.743560560782715,0.5710047335995767,6.257837041311431,-1.5772575484802058,forward_slouch,poor,False,54.0000000000005,0.0114485215206203,0.5724260760310149,1.1448521520620298,0.0,0.0,0.0,0.0,1.1448521520620298,0.15779162811560654,0.0,1.1448521520620298,0.15779162811560654,0.0,0.0,0.0
96.9,12.685958390095504,0.5153461547189977,6.260065186830978,-1.5548192273210628,forward_slouch,poor,False,54.1000000000005,0.009353442082346784,0.46767210411733917,0.9353442082346783,0.0,0.0,0.0,0.0,0.9353442082346783,0.13090395065583071,0.0,0.9353442082346783,0.13090395065583071,0.0,0.0,0.0
97.0,12.78679815588211,0.45422182178958437,6.1551916995151155,-1.5280830882750764,forward_slouch,poor,False,54.2000000000005,0.007641762181277322,0.3820881090638661,0.7641762181277322,0.0,0.0,0.0,0.0,0.7641762181277322,0.10830080866261793,0.0,0.7641762181277322,0.10830080866261793,0.0,0.0,0.0
97.10000000000001,12.721907622681568,0.5186672400827834,6.156640208997816,-1.6772813879308512,forward_slouch,poor,False,54.3000000000005,0.006243319702103571,0.31216598510517857,0.6243319702103571,0.0,0.0,0.0,0.0,0.6243319702103571,0.08939839684184825,0.0,0.6243319702103571,0.08939839684184825,0.0,0.0,0.0
97.2,12.633168340784746,0.46556290594756267,6.216557000722307,-1.6718655713199426,forward_slouch,poor,False,54.4000000000005,0.005100792196618618,0.2550396098309309,0.5100792196618618,0.0,0.0,0.0,0.0,0.5100792196618618,0.07365809345047081,0.0,0.5100792196618618,0.07365809345047081,0.0,0.0,0.0
97.30000000000001,12.614600009429225,0.5166016062630008,6.32064432864903,-1.747643523587224,forward_slouch,poor,False,54.500000000000504,0.00416734722463741,0.20836736123187052,0.41673472246374105,0.0,0.0,0.0,0.0,0.41673472246374105,0.06059652701329166,0.0,0.41673472246374105,0.06059652701329166,0.0,0.0,0.0
97.4,12.655272488671168,0.5800711264527577,6.289836564247596,-1.7818516586422157,forward_slouch,poor,False,54.600000000000506,0.0034047226825287646,0.1702361341264382,0.3404722682528764,0.0,0.0,0.0,0.0,0.3404722682528764,0.04978864505034064,0.0,0.3404722682528764,0.04978864505034064,0.0,0.0,0.0
97.5,12.604659713493723,0.5781412774665009,6.3224795000153025,-1.7678055225133573,forward_slouch,poor,False,54.70000000000051,0.0027816584316260004,0.1390829215813,0.2781658431626,0.0,0.0,0.0,0.0,0.2781658431626,0.04086637549971195,0.0,0.2781658431626,0.04086637549971195,0.0,0.0,0.0
97.60000000000001,12.552591966954983,0.572196291530419,6.296472767442414,-1.894695802558657,forward_slouch,poor,False,54.80000000000051,0.0022726149386384418,0.1136307469319221,0.2272614938638442,0.0,0.0,0.0,0.0,0.2272614938638442,0.03351473296804697,0.0,0.2272614938638442,0.03351473296804697,0.0,0.0,0.0
97.7,12.61189311350996,0.6640411810630833,6.261057850864805,-1.921964880467278,forward_slouch,poor,False,54.90000000000051,0.001856726404867607,0.09283632024338036,0.18567264048676071,0.0,0.0,0.0,0.0,0.18567264048676071,0.027466635465110523,0.0,0.18567264048676071,0.027466635465110523,0.0,0.0,0.0
97.80000000000001,12.582046722691485,0.6353932418938367,6.338318494626874,-1.9457027337213397,forward_slouch,poor,False,55.00000000000051,0.001516945472776835,0.07584727363884175,0.1516945472776835,0.0,0.0,0.0,0.0,0.1516945472776835,0.022497258078387428,0.0,0.1516945472776835,0.022497258078387428,0.0,0.0,0.0
97.9,12.768252514938544,0.626697328236408,6.224688065505003,-1.8904914703938964,forward_slouch,poor,False,55.10000000000051,0.0012393444512586744,0.06196722256293371,0.12393444512586742,0.0,0.0,0.0,0.0,0.12393444512586742,0.018418435436549196,0.0,0.12393444512586742,0.018418435436549196,0.0,0.0,0.0
98.0,12.901593344367457,0.6364281435708874,6.2528489765827375,-1.8602847691592357,forward_slouch,poor,False,55.200000000000514,0.0010125444166783368,0.05062722083391684,0.10125444166783368,0.0,0.0,0.0,0.0,0.10125444166783368,0.015073407778007364,0.0,0.10125444166783368,0.015073407778007364,0.0,0.0,0.0
98.10000000000001,12.822960092471282,0.7262313906441267,6.243162077676782,-1.909801300413945,forward_slouch,poor,False,55.300000000000516,0.0008272487884262011,0.04136243942131006,0.08272487884262011,0.0,0.0,0.0,0.0,0.08272487884262011,0.012332060970645542,0.0,0.08272487884262011,0.012332060970645542,0.0,0.0,0.0
98.2,12.75439070243601,0.7865323292393023,6.1680361708554905,-1.9390262665378262,forward_slouch,poor,False,55.40000000000052,0.0006758622601442064,0.033793113007210315,0.06758622601442063,0.0,0.0,0.0,0.0,0.06758622601442063,0.010086718269944006,0.0,0.06758622601442063,0.010086718269944006,0.0,0.0,0.0
98.30000000000001,12.720722923193449,0.8307766427934353,6.159359881543073,-1.9707854979968098,forward_slouch,poor,False,55.50000000000052,0.0005521794665378166,0.02760897332689083,0.05521794665378166,0.0,0.0,0.0,0.0,0.05521794665378166,0.008248485011827067,0.0,0.05521794665378166,0.008248485011827067,0.0,0.0,0.0
98.4,12.709546890581185,0.8051020015706467,6.162158396089925,-2.019121236192519,forward_slouch,poor,False,55.60000000000052,0.0004511306241613961,0.022556531208069806,0.04511306241613961,0.0,0.0,0.0,0.0,0.04511306241613961,0.00674411505080208,0.0,0.04511306241613961,0.00674411505080208,0.0,0.0,0.0
98.5,12.765926995486442,0.8248055409480723,6.076818578311814,-2.006162921500532,forward_slouch,poor,False,55.70000000000052,0.0003685737199398606,0.01842868599699303,0.03685737199398606,0.0,0.0,0.0,0.0,0.03685737199398606,0.005513351183256576,0.0,0.03685737199398606,0.005513351183256576,0.0,0.0,0.0
98.60000000000001,12.7115725254706,0.8289361140849224,6.067031738570327,-2.1043286787324895,forward_slouch,poor,False,55.80000000000052,0.00030112472919086616,0.015056236459543305,0.03011247291908661,0.0,0.0,0.0,0.0,0.03011247291908661,0.004506685217959827,0.0,0.03011247291908661,0.004506685217959827,0.0,0.0,0.0
98.7,12.76815556322488,0.8150483355424131,6.094939499999602,-2.055464574251066,forward_slouch,poor,False,55.900000000000524,0.0002460189037489376,0.01230094518744688,0.02460189037489376,0.0,0.0,0.0,0.0,0.02460189037489376,0.003683482827981921,0.0,0.02460189037489376,0.003683482827981921,0.0,0.0,0.0
98.80000000000001,12.727034499755753,0.7997876529741644,6.152272330047287,-2.215328095159432,forward_slouch,poor,False,56.000000000000526,0.00020099744436288203,0.010049872218144101,0.020099744436288203,0.0,0.0,0.0,0.0,0.020099744436288203,0.003010421232744309,0.0,0.020099744436288203,0.003010421232744309,0.0,0.0,0.0
98.9,12.722058307833432,0.8253697564615683,6.211871940131584,-2.2683842968596153,forward_slouch,poor,False,56.10000000000053,0.00016421491204447465,0.008210745602223731,0.016421491204447462,0.0,0.0,0.0,0.0,0.016421491204447462,0.0024601924346064896,0.0,0.016421491204447462,0.0024601924346064896,0.0,0.0,0.0
99.0,12.786463887809951,0.8043405735931873,6.172244441902716,-2.2173990932518004,forward_slouch,poor,False,56.20000000000053,0.00013416358314033577,0.006708179157016788,0.013416358314033577,0.0,0.0,0.0,0.0,0.013416358314033577,0.0020104301197759744,0.0,0.013416358314033577,0.0020104301197759744,0.0,0.0,0.0
99.10000000000001,12.730578741424825,0.8328806038932494,6.152864072561742,-2.222842934928041,forward_slouch,poor,False,56.30000000000053,0.00010961164742565433,0.005480582371282716,0.010961164742565432,0.0,0.0,0.0,0.0,0.010961164742565432,0.0016428237966253922,0.0,0.010961164742565432,0.0016428237966253922,0.0,0.0,0.0
99.2,12.516327461900334,0.8521692916633765,6.129838038704539,-2.1983860046454478,forward_slouch,poor,True,56.40000000000053,0.0384961294147923,1.9248064707396149,3.8496129414792297,0.0,0.0,0.0,1.6,3.8496129414792297,0.438667547046531,1.6,3.8496129414792297,0.438667547046531,0.0,0.0,0.0
99.30000000000001,12.446733042998403,0.9322068910267853,6.097996780743959,-2.1954989372721316,forward_slouch,poor,False,56.50000000000053,0.031451337731885305,1.5725668865942652,3.1451337731885305,0.0,0.0,0.0,0.0,3.1451337731885305,0.3761030484383804,0.0,3.1451337731885305,0.3761030484383804,0.0,0.0,0.0
99.4,12.486069854179544,0.864208482593777,6.061099405908999,-2.1624512353589256,forward_slouch,poor,False,56.600000000000534,0.025695742926950295,1.2847871463475147,2.5695742926950293,0.0,0.0,0.0,0.0,2.5695742926950293,0.3198460734837747,0.0,2.5695742926950293,0.3198460734837747,0.0,0.0,0.0
99.5,12.450167330170967,0.7897235336200528,5.938485161145427,-2.1692246556135832,forward_slouch,poor,False,56.700000000000536,0.02099342197131839,1.0496710985659194,2.099342197131839,0.0,0.0,0.0,0.0,2.099342197131839,0.27013911359607057,0.0,2.099342197131839,0.27013911359607057,0.0,0.0,0.0
99.60000000000001,12.44654153424266,0.8167591103685584,5.954834739444491,-2.1046221743177616,forward_slouch,poor,False,56.80000000000054,0.017151625750567123,0.8575812875283562,1.7151625750567123,0.0,0.0,0.0,0.0,1.7151625750567123,0.22684395873523366,0.0,1.7151625750567123,0.22684395873523366,0.0,0.0,0.0
99.7,12.374837973869095,0.8340662987845909,5.998681404035574,-2.127260718285506,forward_slouch,poor,False,56.90000000000054,0.014012878238213339,0.700643911910667,1.401287823821334,0.0,0.0,0.0,0.0,1.401287823821334,0.18957232236206767,0.0,1.401287823821334,0.18957232236206767,0.0,0.0,0.0
99.80000000000001,12.254659042819963,0.8803441317130271,5.9522186699063475,-2.112823348982431,forward_slouch,poor,False,57.00000000000054,0.0114485215206203,0.5724260760310149,1.1448521520620298,0.0,0.0,0.0,0.0,1.1448521520620298,0.15779162811560654,0.0,1.1448521520620298,0.15779162811560654,0.0,0.0,0.0
99.9,12.329311692755436,0.847609960199298,5.8582867853609315,-2.0260448286079717,forward_slouch,poor,False,57.10000000000054,0.009353442082346784,0.46767210411733917,0.9353442082346783,0.0,0.0,0.0,0.0,0.9353442082346783,0.13090395065583071,0.0,0.9353442082346783,0.13090395065583071,0.0,0.0,0.0
100.0,12.297145033763034,0.8819934231514825,5.894389946589943,-2.0391862186116345,forward_slouch,poor,False,57.20000000000054,0.007641762181277322,0.3820881090638661,0.7641762181277322,0.0,0.0,0.0,0.0,0.7641762181277322,0.10830080866261793,0.0,0.7641762181277322,0.10830080866261793,0.0,0.0,0.0
100.10000000000001,12.131608960981067,0.8607479456535714,5.98552298882488,-1.9672166862913072,forward_slouch,poor,False,57.300000000000544,0.006243319702103571,0.31216598510517857,0.6243319702103571,0.0,0.0,0.0,0.0,0.6243319702103571,0.08939839684184825,0.0,0.6243319702103571,0.08939839684184825,0.0,0.0,0.0
100.2,12.070638134926941,0.9057760704308807,6.054293724893278,-1.9844902473136936,forward_slouch,poor,False,57.400000000000546,0.005100792196618618,0.2550396098309309,0.5100792196618618,0.0,0.0,0.0,0.0,0.5100792196618618,0.07365809345047081,0.0,0.5100792196618618,0.07365809345047081,0.0,0.0,0.0
100.30000000000001,12.246667035115921,0.8939684245618885,6.056923524586043,-1.9866120757942816,forward_slouch,poor,False,57.50000000000055,0.00416734722463741,0.20836736123187052,0.41673472246374105,0.0,0.0,0.0,0.0,0.41673472246374105,0.06059652701329166,0.0,0.41673472246374105,0.06059652701329166,0.0,0.0,0.0
100.4,12.301930401274207,0.907321295284986,6.119821938194253,-2.0073665730335635,forward_slouch,poor,False,57.60000000000055,0.0034047226825287646,0.1702361341264382,0.3404722682528764,0.0,0.0,0.0,0.0,0.3404722682528764,0.04978864505034064,0.0,0.3404722682528764,0.04978864505034064,0.0,0.0,0.0
100.5,12.395697925331358,0.7798663611081689,6.098510193215716,-1.987243231607072,forward_slouch,poor,False,57.70000000000055,0.0027816584316260004,0.1390829215813,0.2781658431626,0.0,0.0,0.0,0.0,0.2781658431626,0.04086637549971195,0.0,0.2781658431626,0.04086637549971195,0.0,0.0,0.0
100.60000000000001,12.325618896833634,0.8494805322430921,6.160020564037896,-2.0364517203936865,forward_slouch,poor,False,57.80000000000055,0.0022726149386384418,0.1136307469319221,0.2272614938638442,0.0,0.0,0.0,0.0,0.2272614938638442,0.03351473296804697,0.0,0.2272614938638442,0.03351473296804697,0.0,0.0,0.0
100.7,12.296755489794208,0.8792918963812992,6.2626422857772575,-2.0981485799165243,forward_slouch,poor,False,57.90000000000055,0.001856726404867607,0.09283632024338036,0.18567264048676071,0.0,0.0,0.0,0.0,0.18567264048676071,0.027466635465110523,0.0,0.18567264048676071,0.027466635465110523,0.0,0.0,0.0
100.80000000000001,12.374082063618332,0.9613192952601526,6.2939040954988075,-2.035737481105657,forward_slouch,poor,False,58.000000000000554,0.001516945472776835,0.07584727363884175,0.1516945472776835,0.0,0.0,0.0,0.0,0.1516945472776835,0.022497258078387428,0.0,0.1516945472776835,0.022497258078387428,0.0,0.0,0.0
100.9,12.415997721749036,0.9909300685998608,6.381483943160305,-1.967837084310742,forward_slouch,poor,False,58.100000000000556,0.0012393444512586744,0.06196722256293371,0.12393444512586742,0.0,0.0,0.0,0.0,0.12393444512586742,0.018418435436549196,0.0,0.12393444512586742,0.018418435436549196,0.0,0.0,0.0
101.0,12.486384160903105,1.0469406729395951,6.504751735165413,-1.9158995324721517,forward_slouch,poor,False,58.20000000000056,0.0010125444166783368,0.05062722083391684,0.10125444166783368,0.0,0.0,0.0,0.0,0.10125444166783368,0.015073407778007364,0.0,0.10125444166783368,0.015073407778007364,0.0,0.0,0.0
101.10000000000001,12.414476482177449,1.0709768430365687,6.56004288284226,-1.7639374201442335,forward_slouch,poor,False,58.30000000000056,0.0008272487884262011,0.04136243942131006,0.08272487884262011,0.0,0.0,0.0,0.0,0.08272487884262011,0.012332060970645542,0.0,0.08272487884262011,0.012332060970645542,0.0,0.0,0.0
101.2,12.35117113813067,1.0638825443936917,6.550819631697223,-1.7316432620624935,forward_slouch,poor,False,58.40000000000056,0.0006758622601442064,0.033793113007210315,0.06758622601442063,0.0,0.0,0.0,0.0,0.06758622601442063,0.010086718269944006,0.0,0.06758622601442063,0.010086718269944006,0.0,0.0,0.0
101.30000000000001,12.399117887235036,1.1062008070265992,6.565956576740336,-1.758314533626646,forward_slouch,poor,False,58.50000000000056,0.0005521794665378166,0.02760897332689083,0.05521794665378166,0.0,0.0,0.0,0.0,0.05521794665378166,0.008248485011827067,0.0,0.05521794665378166,0.008248485011827067,0.0,0.0,0.0
101.4,12.477088889182047,1.095392220575486,6.557966125360427,-1.8467708129309741,forward_slouch,poor,False,58.60000000000056,0.0004511306241613961,0.022556531208069806,0.04511306241613961,0.0,0.0,0.0,0.0,0.04511306241613961,0.00674411505080208,0.0,0.04511306241613961,0.00674411505080208,0.0,0.0,0.0
101.5,12.473799369603082,1.0773494537564168,6.558518719848778,-1.8921899735193148,forward_slouch,poor,False,58.700000000000564,0.0003685737199398606,0.01842868599699303,0.03685737199398606,0.0,0.0,0.0,0.0,0.03685737199398606,0.005513351183256576,0.0,0.03685737199398606,0.005513351183256576,0.0,0.0,0.0
101.60000000000001,12.416831852895207,1.1059092018713057,6.560016994539294,-1.9031107904507771,forward_slouch,poor,False,58.800000000000566,0.00030112472919086616,0.015056236459543305,0.03011247291908661,0.0,0.0,0.0,0.0,0.03011247291908661,0.004506685217959827,0.0,0.03011247291908661,0.004506685217959827,0.0,0.0,0.0
101.7,12.58316830454197,1.0629882859965636,6.453261632777745,-1.9245602762132765,forward_slouch,poor,False,58.90000000000057,0.0002460189037489376,0.01230094518744688,0.02460189037489376,0.0,0.0,0.0,0.0,0.02460189037489376,0.003683482827981921,0.0,0.02460189037489376,0.003683482827981921,0.0,0.0,0.0
101.80000000000001,12.672116244877978,1.049475799367718,6.558933064420284,-1.9392532725129352,forward_slouch,poor,False,59.00000000000057,0.00020099744436288203,0.010049872218144101,0.020099744436288203,0.0,0.0,0.0,0.0,0.020099744436288203,0.003010421232744309,0.0,0.020099744436288203,0.003010421232744309,0.0,0.0,0.0
101.9,12.647589676493567,1.025465809351024,6.491183186823966,-1.912280952482069,forward_slouch,poor,False,59.10000000000057,0.00016421491204447465,0.008210745602223731,0.016421491204447462,0.0,0.0,0.0,0.0,0.016421491204447462,0.0024601924346064896,0.0,0.016421491204447462,0.0024601924346064896,0.0,0.0,0.0
102.0,12.735764165159129,0.9733705602074407,6.422873768135741,-1.9159947185373765,forward_slouch,poor,False,59.20000000000057,0.00013416358314033577,0.006708179157016788,0.013416358314033577,0.0,0.0,0.0,0.0,0.013416358314033577,0.0020104301197759744,0.0,0.013416358314033577,0.0020104301197759744,0.0,0.0,0.0
102.10000000000001,12.694366500485007,0.9860553681956333,6.417372084815647,-1.908042524710126,forward_slouch,poor,False,59.30000000000057,0.00010961164742565433,0.005480582371282716,0.010961164742565432,0.0,0.0,0.0,0.0,0.010961164742565432,0.0016428237966253922,0.0,0.010961164742565432,0.0016428237966253922,0.0,0.0,0.0
102.2,12.573747502831845,1.0315112055640279,6.394881610604344,-1.9348458824484855,forward_slouch,poor,True,59.400000000000574,0.0384961294147923,1.9248064707396149,3.8496129414792297,0.0,0.0,0.0,1.6,3.8496129414792297,0.438667547046531,1.6,3.8496129414792297,0.438667547046531,0.0,0.0,0.0
102.30000000000001,12.600247078022129,1.0327966525005847,6.437737097259317,-1.9249556795488891,forward_slouch,poor,False,59.500000000000576,0.031451337731885305,1.5725668865942652,3.1451337731885305,0.0,0.0,0.0,0.0,3.1451337731885305,0.3761030484383804,0.0,3.1451337731885305,0.3761030484383804,0.0,0.0,0.0
102.4,12.613805143678036,1.030151301156082,6.310058258948529,-1.9084034018378573,forward_slouch,poor,False,59.60000000000058,0.025695742926950295,1.2847871463475147,2.5695742926950293,0.0,0.0,0.0,0.0,2.5695742926950293,0.3198460734837747,0.0,2.5695742926950293,0.3198460734837747,0.0,0.0,0.0
102.5,12.566422594677169,0.9935203334676274,6.23601946389618,-1.857210792672165,forward_slouch,poor,False,59.70000000000058,0.02099342197131839,1.0496710985659194,2.099342197131839,0.0,0.0,0.0,0.0,2.099342197131839,0.27013911359607057,0.0,2.099342197131839,0.27013911359607057,0.0,0.0,0.0
102.60000000000001,12.563844897017919,1.0185098152645333,6.255898589321688,-1.8174649126822837,forward_slouch,poor,False,59.80000000000058,0.017151625750567123,0.8575812875283562,1.7151625750567123,0.0,0.0,0.0,0.0,1.7151625750567123,0.22684395873523366,0.0,1.7151625750567123,0.22684395873523366,0.0,0.0,0.0
102.7,12.434169157620866,0.9935535984343673,6.303888992518979,-1.817620505157997,forward_slouch,poor,False,59.90000000000058,0.014012878238213339,0.700643911910667,1.401287823821334,0.0,0.0,0.0,0.0,1.401287823821334,0.18957232236206767,0.0,1.401287823821334,0.18957232236206767,0.0,0.0,0.0
102.80000000000001,12.382526415648947,1.040250497629709,6.264318831456285,-1.8169302423569087,forward_slouch,poor,False,60.00000000000058,0.0114485215206203,0.5724260760310149,1.1448521520620298,0.0,0.0,0.0,0.0,1.1448521520620298,0.15779162811560654,0.0,1.1448521520620298,0.15779162811560654,0.0,0.0,0.0
102.9,12.470190977483345,1.0666791757827045,6.253607912758257,-1.83745998383347,forward_slouch,poor,False,60.100000000000584,0.009353442082346784,0.46767210411733917,0.9353442082346783,0.0,0.0,0.0,0.0,0.9353442082346783,0.13090395065583071,0.0,0.9353442082346783,0.13090395065583071,0.0,0.0,0.0
103.0,12.349995470361824,1.0294143808238627,6.246192777305199,-1.8761399825739113,forward_slouch,poor,False,60.200000000000585,0.007641762181277322,0.3820881090638661,0.7641762181277322,0.0,0.0,0.0,0.0,0.7641762181277322,0.10830080866261793,0.0,0.7641762181277322,0.10830080866261793,0.0,0.0,0.0
103.10000000000001,12.33365541578862,0.9643469641568875,6.261786289804676,-1.883698639069484,forward_slouch,poor,False,60.30000000000059,0.006243319702103571,0.31216598510517857,0.6243319702103571,0.0,0.0,0.0,0.0,0.6243319702103571,0.08939839684184825,0.0,0.6243319702103571,0.08939839684184825,0.0,0.0,0.0
103.2,12.27984133442447,0.9321262169906193,6.273856030230962,-1.9142675752019258,forward_slouch,poor,False,60.40000000000059,0.005100792196618618,0.2550396098309309,0.5100792196618618,0.0,0.0,0.0,0.0,0.5100792196618618,0.07365809345047081,0.0,0.5100792196618618,0.07365809345047081,0.0,0.0,0.0
103.30000000000001,12.264728714497382,0.8903497068468569,6.304437304388342,-1.9765858828594036,forward_slouch,poor,False,60.50000000000059,0.00416734722463741,0.20836736123187052,0.41673472246374105,0.0,0.0,0.0,0.0,0.41673472246374105,0.06059652701329166,0.0,0.41673472246374105,0.06059652701329166,0.0,0.0,0.0
103.4,12.2357385270961,0.8839797018001934,6.448331837229208,-1.9318014097103553,forward_slouch,poor,False,60.60000000000059,0.0034047226825287646,0.1702361341264382,0.3404722682528764,0.0,0.0,0.0,0.0,0.3404722682528764,0.04978864505034064,0.0,0.3404722682528764,0.04978864505034064,0.0,0.0,0.0
103.5,12.313276941163425,0.9124432101412152,6.489506478257588,-2.000801422097508,forward_slouch,poor,False,60.70000000000059,0.0027816584316260004,0.1390829215813,0.2781658431626,0.0,0.0,0.0,0.0,0.2781658431626,0.04086637549971195,0.0,0.2781658431626,0.04086637549971195,0.0,0.0,0.0
103.60000000000001,12.357359370318454,0.8676855099085308,6.491599050281605,-2.035063083222801,forward_slouch,poor,False,60.800000000000594,0.0022726149386384418,0.1136307469319221,0.2272614938638442,0.0,0.0,0.0,0.0,0.2272614938638442,0.03351473296804697,0.0,0.2272614938638442,0.03351473296804697,0.0,0.0,0.0
103.7,12.303202347820593,0.888275350754606,6.575578340397679,-2.101012030887513,forward_slouch,poor,False,60.900000000000595,0.001856726404867607,0.09283632024338036,0.18567264048676071,0.0,0.0,0.0,0.0,0.18567264048676071,0.027466635465110523,0.0,0.18567264048676071,0.027466635465110523,0.0,0.0,0.0
103.80000000000001,12.188779391336546,0.8464503782460465,6.65036277706981,-1.9668182622789823,forward_slouch,poor,False,61.0000000000006,0.001516945472776835,0.07584727363884175,0.1516945472776835,0.0,0.0,0.0,0.0,0.1516945472776835,0.022497258078387428,0.0,0.1516945472776835,0.022497258078387428,0.0,0.0,0.0
103.9,12.210972092870218,0.8461317684654323,6.689087317227537,-1.9299351241700506,forward_slouch,poor,False,61.1000000000006,0.0012393444512586744,0.06196722256293371,0.12393444512586742,0.0,0.0,0.0,0.0,0.12393444512586742,0.018418435436549196,0.0,0.12393444512586742,0.018418435436549196,0.0,0.0,0.0
104.0,12.214938778699281,0.8468339882512974,6.648517944909492,-2.0549772641996986,forward_slouch,poor,False,61.2000000000006,0.0010125444166783368,0.05062722083391684,0.10125444166783368,0.0,0.0,0.0,0.0,0.10125444166783368,0.015073407778007364,0.0,0.10125444166783368,0.015073407778007364,0.0,0.0,0.0
104.10000000000001,12.249886993969854,0.8977674983586824,6.617246076560974,-2.090519468850883,forward_slouch,poor,False,61.3000000000006,0.0008272487884262011,0.04136243942131006,0.08272487884262011,0.0,0.0,0.0,0.0,0.08272487884262011,0.012332060970645542,0.0,0.08272487884262011,0.012332060970645542,0.0,0.0,0.0
104.2,12.196451559109608,0.9105594216081776,6.699266258145354,-2.1235943454693578,forward_slouch,poor,False,61.4000000000006,0.0006758622601442064,0.033793113007210315,0.06758622601442063,0.0,0.0,0.0,0.0,0.06758622601442063,0.010086718269944006,0.0,0.06758622601442063,0.010086718269944006,0.0,0.0,0.0
104.30000000000001,12.117325143738936,0.9065896792262884,6.743229132755826,-1.9772883824171408,forward_slouch,poor,False,61.500000000000604,0.0005521794665378166,0.02760897332689083,0.05521794665378166,0.0,0.0,0.0,0.0,0.05521794665378166,0.008248485011827067,0.0,0.05521794665378166,0.008248485011827067,0.0,0.0,0.0
104.4,12.188887423217835,0.8913409169990334,6.7063411809838955,-1.9550019262187448,forward_slouch,poor,False,61.600000000000605,0.0004511306241613961,0.022556531208069806,0.04511306241613961,0.0,0.0,0.0,0.0,0.04511306241613961,0.00674411505080208,0.0,0.04511306241613961,0.00674411505080208,0.0,0.0,0.0
104.5,12.056531071471747,0.8060255882597082,6.646453262384514,-1.8582549251297873,forward_slouch,poor,False,61.70000000000061,0.0003685737199398606,0.01842868599699303,0.03685737199398606,0.0,0.0,0.0,0.0,0.03685737199398606,0.005513351183256576,0.0,0.03685737199398606,0.005513351183256576,0.0,0.0,0.0
104.60000000000001,12.064514793526174,0.7900510048141305,6.573421704352125,-1.8182516237825,forward_slouch,poor,False,61.80000000000061,0.00030112472919086616,0.015056236459543305,0.03011247291908661,0.0,0.0,0.0,0.0,0.03011247291908661,0.004506685217959827,0.0,0.03011247291908661,0.004506685217959827,0.0,0.0,0.0
104.7,11.93130630585378,0.7870178254089045,6.558460858591595,-1.8357480278896923,forward_slouch,poor,False,61.90000000000061,0.0002460189037489376,0.01230094518744688,0.02460189037489376,0.0,0.0,0.0,0.0,0.02460189037489376,0.003683482827981921,0.0,0.02460189037489376,0.003683482827981921,0.0,0.0,0.0
104.80000000000001,11.921422434044535,0.8310645395083384,6.532635394876745,-1.7308185475288658,forward_slouch,poor,False,62.00000000000061,0.00020099744436288203,0.010049872218144101,0.020099744436288203,0.0,0.0,0.0,0.0,0.020099744436288203,0.003010421232744309,0.0,0.020099744436288203,0.003010421232744309,0.0,0.0,0.0
104.9,11.923987025094833,0.7638461793865663,6.703799548666548,-1.6971931761026737,forward_slouch,poor,False,62.10000000000061,0.00016421491204447465,0.008210745602223731,0.016421491204447462,0.0,0.0,0.0,0.0,0.016421491204447462,0.0024601924346064896,0.0,0.016421491204447462,0.0024601924346064896,0.0,0.0,0.0
105.0,12.04460977005753,0.7700423367442392,6.717166462627132,-1.7108909743541783,forward_slouch,poor,False,62.200000000000614,0.00013416358314033577,0.006708179157016788,0.013416358314033577,0.0,0.0,0.0,0.0,0.013416358314033577,0.0020104301197759744,0.0,0.013416358314033577,0.0020104301197759744,0.0,0.0,0.0
105.10000000000001,11.998282471526807,0.7826109680951178,6.762588766487879,-1.7308518922153588,forward_slouch,poor,False,62.300000000000615,0.00010961164742565433,0.005480582371282716,0.010961164742565432,0.0,0.0,0.0,0.0,0.010961164742565432,0.0016428237966253922,0.0,0.010961164742565432,0.0016428237966253922,0.0,0.0,0.0
105.2,11.990395624845641,0.7240474243488231,6.668949973401525,-1.7863151724396096,forward_slouch,poor,True,62.40000000000062,0.0384961294147923,1.9248064707396149,3.8496129414792297,0.0,0.0,0.0,1.6,3.8496129414792297,0.438667547046531,1.6,3.8496129414792297,0.438667547046531,0.0,0.0,0.0
105.30000000000001,11.960796724296989,0.6900078478467364,6.622728391963605,-1.8123339341484457,forward_slouch,poor,False,62.50000000000062,0.031451337731885305,1.5725668865942652,3.1451337731885305,0.0,0.0,0.0,0.0,3.1451337731885305,0.3761030484383804,0.0,3.1451337731885305,0.3761030484383804,0.0,0.0,0.0
105.4,11.996838082728162,0.606843212797405,6.675453456753923,-1.843144713989977,forward_slouch,poor,False,62.60000000000062,0.025695742926950295,1.2847871463475147,2.5695742926950293,0.0,0.0,0.0,0.0,2.5695742926950293,0.3198460734837747,0.0,2.5695742926950293,0.3198460734837747,0.0,0.0,0.0
105.5,11.897491751014666,0.5798182209952685,6.638923244936816,-1.9172466945120445,forward_slouch,poor,False,62.70000000000062,0.02099342197131839,1.0496710985659194,2.099342197131839,0.0,0.0,0.0,0.0,2.099342197131839,0.27013911359607057,0.0,2.099342197131839,0.27013911359607057,0.0,0.0,0.0
105.60000000000001,11.954379669319765,0.5786105209358275,6.570797456054344,-1.8336655070317656,forward_slouch,poor,False,62.80000000000062,0.017151625750567123,0.8575812875283562,1.7151625750567123,0.0,0.0,0.0,0.0,1.7151625750567123,0.22684395873523366,0.0,1.7151625750567123,0.22684395873523366,0.0,0.0,0.0
105.7,11.96169817618513,0.5712761740292258,6.549366552382242,-1.898343287103104,forward_slouch,poor,False,62.900000000000624,0.014012878238213339,0.700643911910667,1.401287823821334,0.0,0.0,0.0,0.0,1.401287823821334,0.18957232236206767,0.0,1.401287823821334,0.18957232236206767,0.0,0.0,0.0
105.80000000000001,11.972791269952555,0.6389303520916843,6.537730626484352,-1.8590109188428472,forward_slouch,poor,False,63.000000000000625,0.0114485215206203,0.5724260760310149,1.1448521520620298,0.0,0.0,0.0,0.0,1.1448521520620298,0.15779162811560654,0.0,1.1448521520620298,0.15779162811560654,0.0,0.0,0.0
105.9,12.10032347738876,0.6578443650108848,6.478236142951977,-1.8721119696207187,forward_slouch,poor,False,63.10000000000063,0.009353442082346784,0.46767210411733917,0.9353442082346783,0.0,0.0,0.0,0.0,0.9353442082346783,0.13090395065583071,0.0,0.9353442082346783,0.13090395065583071,0.0,0.0,0.0
106.0,12.083490089193589,0.7138012457502335,6.5187624639732755,-1.8761498644747796,forward_slouch,poor,False,63.20000000000063,0.007641762181277322,0.3820881090638661,0.7641762181277322,0.0,0.0,0.0,0.0,0.7641762181277322,0.10830080866261793,0.0,0.7641762181277322,0.10830080866261793,0.0,0.0,0.0
106.10000000000001,11.824822224005697,0.6596107798471446,6.544836813800904,-1.857437512438951,forward_slouch,poor,False,63.30000000000063,0.006243319702103571,0.31216598510517857,0.6243319702103571,0.0,0.0,0.0,0.0,0.6243319702103571,0.08939839684184825,0.0,0.6243319702103571,0.08939839684184825,0.0,0.0,0.0
106.2,11.769441992734007,0.5772518837568956,6.533401311798651,-1.7729905533712156,forward_slouch,poor,False,63.40000000000063,0.005100792196618618,0.2550396098309309,0.5100792196618618,0.0,0.0,0.0,0.0,0.5100792196618618,0.07365809345047081,0.0,0.5100792196618618,0.07365809345047081,0.0,0.0,0.0
106.30000000000001,11.731395315572772,0.4936562608552314,6.623674799898124,-1.765737517859245,forward_slouch,poor,False,63.50000000000063,0.00416734722463741,0.20836736123187052,0.41673472246374105,0.0,0.0,0.0,0.0,0.41673472246374105,0.06059652701329166,0.0,0.41673472246374105,0.06059652701329166,0.0,0.0,0.0
106.4,11.929948035894814,0.5966744888303166,6.825576598105731,-1.843433935076009,forward_slouch,poor,False,63.600000000000634,0.0034047226825287646,0.1702361341264382,0.3404722682528764,0.0,0.0,0.0,0.0,0.3404722682528764,0.04978864505034064,0.0,0.3404722682528764,0.04978864505034064,0.0,0.0,0.0
106.5,11.954956275277056,0.6476036821568005,6.835282224540922,-1.7869272011545916,forward_slouch,poor,False,63.700000000000635,0.0027816584316260004,0.1390829215813,0.2781658431626,0.0,0.0,0.0,0.0,0.2781658431626,0.04086637549971195,0.0,0.2781658431626,0.04086637549971195,0.0,0.0,0.0
106.60000000000001,11.94872936001549,0.6623312520541974,6.84911714888796,-1.9025969625526555,forward_slouch,poor,False,63.80000000000064,0.0022726149386384418,0.1136307469319221,0.2272614938638442,0.0,0.0,0.0,0.0,0.2272614938638442,0.03351473296804697,0.0,0.2272614938638442,0.03351473296804697,0.0,0.0,0.0
106.7,12.055394971420663,0.6469616636762737,6.825935878983359,-1.898601690758511,forward_slouch,poor,False,63.90000000000064,0.001856726404867607,0.09283632024338036,0.18567264048676071,0.0,0.0,0.0,0.0,0.18567264048676071,0.027466635465110523,0.0,0.18567264048676071,0.027466635465110523,0.0,0.0,0.0
106.80000000000001,12.057911691217969,0.5523195017483521,6.8168444256628264,-1.8549926942189399,forward_slouch,poor,False,64.00000000000064,0.001516945472776835,0.07584727363884175,0.1516945472776835,0.0,0.0,0.0,0.0,0.1516945472776835,0.022497258078387428,0.0,0.1516945472776835,0.022497258078387428,0.0,0.0,0.0
106.9,12.107029643615581,0.5231340021065213,6.901994435921031,-1.811411379212312,forward_slouch,poor,False,64.10000000000063,0.0012393444512586744,0.06196722256293371,0.12393444512586742,0.0,0.0,0.0,0.0,0.12393444512586742,0.018418435436549196,0.0,0.12393444512586742,0.018418435436549196,0.0,0.0,0.0
107.0,12.137972517774294,0.5686624405411027,6.89177470959906,-1.832117133965418,forward_slouch,poor,False,64.20000000000063,0.0010125444166783368,0.05062722083391684,0.10125444166783368,0.0,0.0,0.0,0.0,0.10125444166783368,0.015073407778007364,0.0,0.10125444166783368,0.015073407778007364,0.0,0.0,0.0
107.10000000000001,12.00134043019655,0.5999393766491082,6.927245563384064,-1.8587161626183055,forward_slouch,poor,False,64.30000000000062,0.0008272487884262011,0.04136243942131006,0.08272487884262011,0.0,0.0,0.0,0.0,0.08272487884262011,0.012332060970645542,0.0,0.08272487884262011,0.012332060970645542,0.0,0.0,0.0
107.2,12.067078881091554,0.6689410567128722,6.8088580370094425,-1.7610445457053068,forward_slouch,poor,False,64.40000000000062,0.0006758622601442064,0.033793113007210315,0.06758622601442063,0.0,0.0,0.0,0.0,0.06758622601442063,0.010086718269944006,0.0,0.06758622601442063,0.010086718269944006,0.0,0.0,0.0
107.30000000000001,11.987151101418112,0.6188291926252552,6.759900010932968,-1.7885000914420712,forward_slouch,poor,False,64.50000000000061,0.0005521794665378166,0.02760897332689083,0.05521794665378166,0.0,0.0,0.0,0.0,0.05521794665378166,0.008248485011827067,0.0,0.05521794665378166,0.008248485011827067,0.0,0.0,0.0
107.4,12.059028569083706,0.6476328468514889,6.822153976140885,-1.777373801818612,forward_slouch,poor,False,64.6000000000006,0.0004511306241613961,0.022556531208069806,0.04511306241613961,0.0,0.0,0.0,0.0,0.04511306241613961,0.00674411505080208,0.0,0.04511306241613961,0.00674411505080208,0.0,0.0,0.0
107.5,11.96983735229673,0.723947427016859,6.775185319605869,-1.7261232528098176,forward_slouch,poor,False,64.7000000000006,0.0003685737199398606,0.01842868599699303,0.03685737199398606,0.0,0.0,0.0,0.0,0.03685737199398606,0.005513351183256576,0.0,0.03685737199398606,0.005513351183256576,0.0,0.0,0.0
107.60000000000001,12.043144315021932,0.8255022756952437,6.788604584195325,-1.7746928176442214,forward_slouch,poor,False,64.8000000000006,0.00030112472919086616,0.015056236459543305,0.03011247291908661,0.0,0.0,0.0,0.0,0.03011247291908661,0.004506685217959827,0.0,0.03011247291908661,0.004506685217959827,0.0,0.0,0.0
107.7,12.057549643726153,0.8406386640155489,6.805261903503178,-1.753650145223109,forward_slouch,poor,False,64.90000000000059,0.0002460189037489376,0.01230094518744688,0.02460189037489376,0.0,0.0,0.0,0.0,0.02460189037489376,0.003683482827981921,0.0,0.02460189037489376,0.003683482827981921,0.0,0.0,0.0
107.80000000000001,12.121879792013175,0.9280963355654589,6.751468392882989,-1.7394168741685052,forward_slouch,poor,False,65.00000000000058,0.00020099744436288203,0.010049872218144101,0.020099744436288203,0.0,0.0,0.0,0.0,0.020099744436288203,0.003010421232744309,0.0,0.020099744436288203,0.003010421232744309,0.0,0.0,0.0
107.9,12.049698087961959,0.9414663465107157,6.7566930241686105,-1.8619085910743458,forward_slouch,poor,False,65.10000000000058,0.00016421491204447465,0.008210745602223731,0.016421491204447462,0.0,0.0,0.0,0.0,0.016421491204447462,0.0024601924346064896,0.0,0.016421491204447462,0.0024601924346064896,0.0,0.0,0.0
108.0,12.081529242408783,0.9618170974355517,6.757478593963329,-1.8558310029548273,forward_slouch,poor,False,65.20000000000057,0.00013416358314033577,0.006708179157016788,0.013416358314033577,0.0,0.0,0.0,0.0,0.013416358314033577,0.0020104301197759744,0.0,0.013416358314033577,0.0020104301197759744,0.0,0.0,0.0
108.10000000000001,12.013530442799231,1.0458072040755881,6.697082102451321,-1.8394905281399123,forward_slouch,poor,False,65.30000000000057,0.00010961164742565433,0.005480582371282716,0.010961164742565432,0.0,0.0,0.0,0.0,0.010961164742565432,0.0016428237966253922,0.0,0.010961164742565432,0.0016428237966253922,0.0,0.0,0.0
108.2,11.834669314557294,1.0316998154253914,6.670953829201543,-1.763953325314768,forward_slouch,poor,True,65.40000000000056,0.0384961294147923,1.9248064707396149,3.8496129414792297,0.0,0.0,0.0,1.6,3.8496129414792297,0.438667547046531,1.6,3.8496129414792297,0.438667547046531,0.0,0.0,0.0
108.30000000000001,11.754127349597635,0.9997119114071997,6.599166426403752,-1.8349821130913706,forward_slouch,poor,False,65.50000000000055,0.031451337731885305,1.5725668865942652,3.1451337731885305,0.0,0.0,0.0,0.0,3.1451337731885305,0.3761030484383804,0.0,3.1451337731885305,0.3761030484383804,0.0,0.0,0.0
108.4,11.775898301916147,0.9673289164704949,6.577087769454498,-1.842041015420856,forward_slouch,poor,False,65.60000000000055,0.025695742926950295,1.2847871463475147,2.5695742926950293,0.0,0.0,0.0,0.0,2.5695742926950293,0.3198460734837747,0.0,2.5695742926950293,0.3198460734837747,0.0,0.0,0.0
108.5,11.681447993530863,0.9991705994898228,6.548233023233505,-1.858016799901257,forward_slouch,poor,False,65.70000000000054,0.02099342197131839,1.0496710985659194,2.099342197131839,0.0,0.0,0.0,0.0,2.099342197131839,0.27013911359607057,0.0,2.099342197131839,0.27013911359607057,0.0,0.0,0.0
108.60000000000001,11.5706676032932,1.052108087701867,6.597157666540436,-1.8076310426030804,forward_slouch,poor,False,65.80000000000054,0.017151625750567123,0.8575812875283562,1.7151625750567123,0.0,0.0,0.0,0.0,1.7151625750567123,0.22684395873523366,0.0,1.7151625750567123,0.22684395873523366,0.0,0.0,0.0
108.7,11.527881750372963,1.0537492047530443,6.67169195832779,-1.8365707468394907,forward_slouch,poor,False,65.90000000000053,0.014012878238213339,0.700643911910667,1.401287823821334,0.0,0.0,0.0,0.0,1.401287823821334,0.18957232236206767,0.0,1.401287823821334,0.18957232236206767,0.0,0.0,0.0
108.80000000000001,11.406361074158875,1.04687393587682,6.562966785086534,-1.780171914851175,forward_slouch,poor,False,66.00000000000053,0.0114485215206203,0.5724260760310149,1.1448521520620298,0.0,0.0,0.0,0.0,1.1448521520620298,0.15779162811560654,0.0,1.1448521520620298,0.15779162811560654,0.0,0.0,0.0
108.9,11.581868016271729,1.0662650260511162,6.547061265842244,-1.7722717977942866,forward_slouch,poor,False,66.10000000000052,0.009353442082346784,0.46767210411733917,0.9353442082346783,0.0,0.0,0.0,0.0,0.9353442082346783,0.13090395065583071,0.0,0.9353442082346783,0.13090395065583071,0.0,0.0,0.0
109.0,11.682886030927842,1.097786659634827,6.586535119273842,-1.8200752655640542,forward_slouch,poor,False,66.20000000000051,0.007641762181277322,0.3820881090638661,0.7641762181277322,0.0,0.0,0.0,0.0,0.7641762181277322,0.10830080866261793,0.0,0.7641762181277322,0.10830080866261793,0.0,0.0,0.0
109.10000000000001,11.710563511332932,1.064415576263048,6.590467454229756,-1.7067980797900892,forward_slouch,poor,False,66.30000000000051,0.006243319702103571,0.31216598510517857,0.6243319702103571,0.0,0.0,0.0,0.0,0.6243319702103571,0.08939839684184825,0.0,0.6243319702103571,0.08939839684184825,0.0,0.0,0.0
109.2,11.554215450954947,1.050509557586025,6.649602709799356,-1.6975404937025544,forward_slouch,poor,False,66.4000000000005,0.005100792196618618,0.2550396098309309,0.5100792196618618,0.0,0.0,0.0,0.0,0.5100792196618618,0.07365809345047081,0.0,0.5100792196618618,0.07365809345047081,0.0,0.0,0.0
109.30000000000001,11.635776956366431,0.9357278960350845,6.694700865225872,-1.6443930435084715,forward_slouch,poor,False,66.5000000000005,0.00416734722463741,0.20836736123187052,0.41673472246374105,0.0,0.0,0.0,0.0,0.41673472246374105,0.06059652701329166,0.0,0.41673472246374105,0.06059652701329166,0.0,0.0,0.0
109.4,11.710878597338029,0.9165421842434803,6.715621136139945,-1.7380739838154629,forward_slouch,poor,False,66.60000000000049,0.0034047226825287646,0.1702361341264382,0.3404722682528764,0.0,0.0,0.0,0.0,0.3404722682528764,0.04978864505034064,0.0,0.3404722682528764,0.04978864505034064,0.0,0.0,0.0
109.5,11.73408226628909,0.9277790861617553,6.894853739054878,-1.7266632889134577,forward_slouch,poor,False,66.70000000000049,0.0027816584316260004,0.1390829215813,0.2781658431626,0.0,0.0,0.0,0.0,0.2781658431626,0.04086637549971195,0.0,0.2781658431626,0.04086637549971195,0.0,0.0,0.0
109.60000000000001,11.82233243801831,0.890733430118802,6.837930217402047,-1.8303574739441921,forward_slouch,poor,False,66.80000000000048,0.0022726149386384418,0.1136307469319221,0.2272614938638442,0.0,0.0,0.0,0.0,0.2272614938638442,0.03351473296804697,0.0,0.2272614938638442,0.03351473296804697,0.0,0.0,0.0
109.7,12.000408029238198,0.9564498011979039,6.904118394041406,-1.8764093428934523,forward_slouch,poor,False,66.90000000000047,0.001856726404867607,0.09283632024338036,0.18567264048676071,0.0,0.0,0.0,0.0,0.18567264048676071,0.027466635465110523,0.0,0.18567264048676071,0.027466635465110523,0.0,0.0,0.0
109.80000000000001,11.978846293922041,0.9305559948058986,7.018295429247436,-1.9045229771217174,forward_slouch,poor,False,67.00000000000047,0.001516945472776835,0.07584727363884175,0.1516945472776835,0.0,0.0,0.0,0.0,0.1516945472776835,0.022497258078387428,0.0,0.1516945472776835,0.022497258078387428,0.0,0.0,0.0
109.9,12.131893337690414,0.910710975331467,6.996368096912628,-2.0423136482827915,forward_slouch,poor,False,67.10000000000046,0.0012393444512586744,0.06196722256293371,0.12393444512586742,0.0,0.0,0.0,0.0,0.12393444512586742,0.018418435436549196,0.0,0.12393444512586742,0.018418435436549196,0.0,0.0,0.0
110.0,12.007926336292135,0.8738255427571134,7.123375948221733,-1.8652005731438912,forward_slouch,poor,False,67.20000000000046,0.0010125444166783368,0.05062722083391684,0.10125444166783368,0.0,0.0,0.0,0.0,0.10125444166783368,0.015073407778007364,0.0,0.10125444166783368,0.015073407778007364,0.0,0.0,0.0
110.10000000000001,12.038194293345741,0.8560595968953947,7.181601704954306,-1.8827006606681358,forward_slouch,poor,False,67.30000000000045,0.0008272487884262011,0.04136243942131006,0.08272487884262011,0.0,0.0,0.0,0.0,0.08272487884262011,0.012332060970645542,0.0,0.08272487884262011,0.012332060970645542,0.0,0.0,0.0
110.2,11.960339761333183,0.8410181962716563,7.055597511353211,-1.8458686477556092,forward_slouch,poor,False,67.40000000000045,0.0006758622601442064,0.033793113007210315,0.06758622601442063,0.0,0.0,0.0,0.0,0.06758622601442063,0.010086718269944006,0.0,0.06758622601442063,0.010086718269944006,0.0,0.0,0.0
110.30000000000001,11.998089815067713,0.8363825993274466,7.081212919867363,-1.8665770968621316,forward_slouch,poor,False,67.50000000000044,0.0005521794665378166,0.02760897332689083,0.05521794665378166,0.0,0.0,0.0,0.0,0.05521794665378166,0.008248485011827067,0.0,0.05521794665378166,0.008248485011827067,0.0,0.0,0.0
110.4,12.01389403859714,0.8257521054764511,7.037061969740843,-1.7792118290182193,forward_slouch,poor,False,67.60000000000043,0.0004511306241613961,0.022556531208069806,0.04511306241613961,0.0,0.0,0.0,0.0,0.04511306241613961,0.00674411505080208,0.0,0.04511306241613961,0.00674411505080208,0.0,0.0,0.0
110.5,12.031908856964955,0.8191877391426639,7.098795286585084,-1.8050409594116825,forward_slouch,poor,False,67.70000000000043,0.0003685737199398606,0.01842868599699303,0.03685737199398606,0.0,0.0,0.0,0.0,0.03685737199398606,0.005513351183256576,0.0,0.03685737199398606,0.005513351183256576,0.0,0.0,0.0
110.60000000000001,12.067901273173309,0.8506309966165152,7.186872801250943,-1.7883155648624842,forward_slouch,poor,False,67.80000000000042,0.00030112472919086616,0.015056236459543305,0.03011247291908661,0.0,0.0,0.0,0.0,0.03011247291908661,0.004506685217959827,0.0,0.03011247291908661,0.004506685217959827,0.0,0.0,0.0
110.7,12.153591761020081,0.8518432921189497,7.281745879869767,-1.7663015523126027,forward_slouch,poor,False,67.90000000000042,0.0002460189037489376,0.01230094518744688,0.02460189037489376,0.0,0.0,0.0,0.0,0.02460189037489376,0.003683482827981921,0.0,0.02460189037489376,0.003683482827981921,0.0,0.0,0.0
110.80000000000001,12.26423114732113,0.7857717483402445,7.283281672180024,-1.8166303969527315,forward_slouch,poor,False,68.00000000000041,0.00020099744436288203,0.010049872218144101,0.020099744436288203,0.0,0.0,0.0,0.0,0.020099744436288203,0.003010421232744309,0.0,0.020099744436288203,0.003010421232744309,0.0,0.0,0.0
110.9,12.123448469050185,0.7794254261926955,7.255113569226859,-1.8154968298633654,forward_slouch,poor,False,68.1000000000004,0.00016421491204447465,0.008210745602223731,0.016421491204447462,0.0,0.0,0.0,0.0,0.016421491204447462,0.0024601924346064896,0.0,0.016421491204447462,0.0024601924346064896,0.0,0.0,0.0
111.0,12.006607917273135,0.7691015530163642,7.240536758969771,-1.7767818383991023,forward_slouch,poor,False,68.2000000000004,0.00013416358314033577,0.006708179157016788,0.013416358314033577,0.0,0.0,0.0,0.0,0.013416358314033577,0.0020104301197759744,0.0,0.013416358314033577,0.0020104301197759744,0.0,0.0,0.0
111.10000000000001,11.99103965234748,0.7492068621722162,7.296717684568274,-1.786732328079121,forward_slouch,poor,False,68.3000000000004,0.00010961164742565433,0.005480582371282716,0.010961164742565432,0.0,0.0,0.0,0.0,0.010961164742565432,0.0016428237966253922,0.0,0.010961164742565432,0.0016428237966253922,0.0,0.0,0.0
111.2,11.865038497681361,0.6896341465030229,7.199458256156918,-1.8160087611586104,forward_slouch,poor,True,68.40000000000039,0.0384961294147923,1.9248064707396149,3.8496129414792297,0.0,0.0,0.0,1.6,3.8496129414792297,0.438667547046531,1.6,3.8496129414792297,0.438667547046531,0.0,0.0,0.0
111.30000000000001,11.827353328181704,0.7108136964443644,7.198660083573409,-1.866417947332402,forward_slouch,poor,False,68.50000000000038,0.031451337731885305,1.5725668865942652,3.1451337731885305,0.0,0.0,0.0,0.0,3.1451337731885305,0.3761030484383804,0.0,3.1451337731885305,0.3761030484383804,0.0,0.0,0.0
111.4,11.739371244174484,0.7689728029467963,7.16432395069557,-1.8359249043678665,forward_slouch,poor,False,68.60000000000038,0.025695742926950295,1.2847871463475147,2.5695742926950293,0.0,0.0,0.0,0.0,2.5695742926950293,0.3198460734837747,0.0,2.5695742926950293,0.3198460734837747,0.0,0.0,0.0
111.5,11.794574067243483,0.806953258017366,7.1433319845245,-1.831114563531112,forward_slouch,poor,False,68.70000000000037,0.02099342197131839,1.0496710985659194,2.099342197131839,0.0,0.0,0.0,0.0,2.099342197131839,0.27013911359607057,0.0,2.099342197131839,0.27013911359607057,0.0,0.0,0.0
111.60000000000001,11.73302817035875,0.7950012595669972,7.124857967752524,-1.826219133677879,forward_slouch,poor,False,68.80000000000037,0.017151625750567123,0.8575812875283562,1.7151625750567123,0.0,0.0,0.0,0.0,1.7151625750567123,0.22684395873523366,0.0,1.7151625750567123,0.22684395873523366,0.0,0.0,0.0
111.7,11.749686281912025,0.7701123189599393,7.108422044246392,-1.8596347272598654,forward_slouch,poor,False,68.90000000000036,0.014012878238213339,0.700643911910667,1.401287823821334,0.0,0.0,0.0,0.0,1.401287823821334,0.18957232236206767,0.0,1.401287823821334,0.18957232236206767,0.0,0.0,0.0
111.80000000000001,11.669957102009702,0.7482185028463859,7.0228926525210875,-1.93805495562531,forward_slouch,poor,False,69.00000000000036,0.0114485215206203,0.5724260760310149,1.1448521520620298,0.0,0.0,0.0,0.0,1.1448521520620298,0.15779162811560654,0.0,1.1448521520620298,0.15779162811560654,0.0,0.0,0.0
111.9,11.645956782617393,0.7505866178186336,6.885720463688396,-1.8637835197794077,forward_slouch,poor,False,69.10000000000035,0.009353442082346784,0.46767210411733917,0.9353442082346783,0.0,0.0,0.0,0.0,0.9353442082346783,0.13090395065583071,0.0,0.9353442082346783,0.13090395065583071,0.0,0.0,0.0
112.0,11.520960357793287,0.7545541124896702,6.784557177587281,-1.7957343759628237,forward_slouch,poor,False,69.20000000000034,0.007641762181277322,0.3820881090638661,0.7641762181277322,0.0,0.0,0.0,0.0,0.7641762181277322,0.10830080866261793,0.0,0.7641762181277322,0.10830080866261793,0.0,0.0,0.0
112.10000000000001,11.679383976836405,0.6500702697904728,6.701974891494403,-1.7717632465882986,forward_slouch,poor,False,69.30000000000034,0.006243319702103571,0.31216598510517857,0.6243319702103571,0.0,0.0,0.0,0.0,0.6243319702103571,0.08939839684184825,0.0,0.6243319702103571,0.08939839684184825,0.0,0.0,0.0
112.2,11.741438186558018,0.6123408720043789,6.64347680413643,-1.78621916964662,forward_slouch,poor,False,69.40000000000033,0.005100792196618618,0.2550396098309309,0.5100792196618618,0.0,0.0,0.0,0.0,0.5100792196618618,0.07365809345047081,0.0,0.5100792196618618,0.07365809345047081,0.0,0.0,0.0
112.30000000000001,11.694603498566815,0.5568113420644359,6.568814615914552,-1.88675097563688,forward_slouch,poor,False,69.50000000000033,0.00416734722463741,0.20836736123187052,0.41673472246374105,0.0,0.0,0.0,0.0,0.41673472246374105,0.06059652701329166,0.0,0.41673472246374105,0.06059652701329166,0.0,0.0,0.0
112.4,11.807694813951208,0.5690982231967282,6.569188512208322,-1.8972230861643422,forward_slouch,poor,False,69.60000000000032,0.0034047226825287646,0.1702361341264382,0.3404722682528764,0.0,0.0,0.0,0.0,0.3404722682528764,0.04978864505034064,0.0,0.3404722682528764,0.04978864505034064,0.0,0.0,0.0
112.5,11.873098556815183,0.506779158914159,6.485870234826494,-1.957769082684054,forward_slouch,poor,False,69.70000000000032,0.0027816584316260004,0.1390829215813,0.2781658431626,0.0,0.0,0.0,0.0,0.2781658431626,0.04086637549971195,0.0,0.2781658431626,0.04086637549971195,0.0,0.0,0.0
112.60000000000001,11.9879959236912,0.4744816187405262,6.456881263255875,-1.9912477928124348,forward_slouch,poor,False,69.80000000000031,0.0022726149386384418,0.1136307469319221,0.2272614938638442,0.0,0.0,0.0,0.0,0.2272614938638442,0.03351473296804697,0.0,0.2272614938638442,0.03351473296804697,0.0,0.0,0.0
112.7,11.967518085107692,0.48399481917744824,6.523836135618828,-2.0955618754477823,forward_slouch,poor,False,69.9000000000003,0.001856726404867607,0.09283632024338036,0.18567264048676071,0.0,0.0,0.0,0.0,0.18567264048676071,0.027466635465110523,0.0,0.18567264048676071,0.027466635465110523,0.0,0.0,0.0
112.80000000000001,11.773967234028717,0.5701913856321625,6.5277991858312205,-2.178864468132051,forward_slouch,poor,False,70.0000000000003,0.001516945472776835,0.07584727363884175,0.1516945472776835,0.0,0.0,0.0,0.0,0.1516945472776835,0.022497258078387428,0.0,0.1516945472776835,0.022497258078387428,0.0,0.0,0.0
112.9,11.81006250854337,0.48408351034803837,6.572894946845729,-2.172550069883734,forward_slouch,poor,False,70.10000000000029,0.0012393444512586744,0.06196722256293371,0.12393444512586742,0.0,0.0,0.0,0.0,0.12393444512586742,0.018418435436549196,0.0,0.12393444512586742,0.018418435436549196,0.0,0.0,0.0
113.0,11.776288041666277,0.4732644004146891,6.641868777300311,-2.155398817060651,forward_slouch,poor,False,70.20000000000029,0.0010125444166783368,0.05062722083391684,0.10125444166783368,0.0,0.0,0.0,0.0,0.10125444166783368,0.015073407778007364,0.0,0.10125444166783368,0.015073407778007364,0.0,0.0,0.0
113.10000000000001,11.763054590091928,0.3999281421050351,6.702485417987365,-2.1280821026492465,forward_slouch,poor,False,70.30000000000028,0.0008272487884262011,0.04136243942131006,0.08272487884262011,0.0,0.0,0.0,0.0,0.08272487884262011,0.012332060970645542,0.0,0.08272487884262011,0.012332060970645542,0.0,0.0,0.0
113.2,11.798228636535757,0.45357136023665645,6.6979490427526205,-2.092821913944326,forward_slouch,poor,False,70.40000000000028,0.0006758622601442064,0.033793113007210315,0.06758622601442063,0.0,0.0,0.0,0.0,0.06758622601442063,0.010086718269944006,0.0,0.06758622601442063,0.010086718269944006,0.0,0.0,0.0
113.30000000000001,11.702071267856148,0.5079051738496103,6.668143292370424,-2.0651466415588846,forward_slouch,poor,False,70.50000000000027,0.0005521794665378166,0.02760897332689083,0.05521794665378166,0.0,0.0,0.0,0.0,0.05521794665378166,0.008248485011827067,0.0,0.05521794665378166,0.008248485011827067,0.0,0.0,0.0
113.4,11.698705767527539,0.5034869216322292,6.616227611644578,-2.0096798384456935,forward_slouch,poor,False,70.60000000000026,0.0004511306241613961,0.022556531208069806,0.04511306241613961,0.0,0.0,0.0,0.0,0.04511306241613961,0.00674411505080208,0.0,0.04511306241613961,0.00674411505080208,0.0,0.0,0.0
113.5,11.641141120074998,0.420106660583105,6.629851816205828,-2.081452689844986,forward_slouch,poor,False,70.70000000000026,0.0003685737199398606,0.01842868599699303,0.03685737199398606,0.0,0.0,0.0,0.0,0.03685737199398606,0.005513351183256576,0.0,0.03685737199398606,0.005513351183256576,0.0,0.0,0.0
113.60000000000001,11.629491129811905,0.3661304749883816,6.669545292379553,-2.0238885438890333,forward_slouch,poor,False,70.80000000000025,0.00030112472919086616,0.015056236459543305,0.03011247291908661,0.0,0.0,0.0,0.0,0.03011247291908661,0.004506685217959827,0.0,0.03011247291908661,0.004506685217959827,0.0,0.0,0.0
113.7,11.607041488475556,0.3040300423228556,6.71680813550575,-2.0576720723137107,forward_slouch,poor,False,70.90000000000025,0.0002460189037489376,0.01230094518744688,0.02460189037489376,0.0,0.0,0.0,0.0,0.02460189037489376,0.003683482827981921,0.0,0.02460189037489376,0.003683482827981921,0.0,0.0,0.0
113.80000000000001,11.593987631280752,0.39898738027027875,6.698611267772836,-1.9898785477093675,forward_slouch,poor,False,71.00000000000024,0.00020099744436288203,0.010049872218144101,0.020099744436288203,0.0,0.0,0.0,0.0,0.020099744436288203,0.003010421232744309,0.0,0.020099744436288203,0.003010421232744309,0.0,0.0,0.0
113.9,11.499993470208032,0.3816780663282261,6.69559796465935,-2.0735055161887987,forward_slouch,poor,False,71.10000000000024,0.00016421491204447465,0.008210745602223731,0.016421491204447462,0.0,0.0,0.0,0.0,0.016421491204447462,0.0024601924346064896,0.0,0.016421491204447462,0.0024601924346064896,0.0,0.0,0.0
114.0,11.642803773115132,0.2941537228325119,6.734361266878587,-2.1416125240850086,forward_slouch,poor,False,71.20000000000023,0.00013416358314033577,0.006708179157016788,0.013416358314033577,0.0,0.0,0.0,0.0,0.013416358314033577,0.0020104301197759744,0.0,0.013416358314033577,0.0020104301197759744,0.0,0.0,0.0
114.10000000000001,11.651526069764778,0.3228563162058823,6.710216297723943,-2.083432139796724,forward_slouch,poor,False,71.30000000000022,0.00010961164742565433,0.005480582371282716,0.010961164742565432,0.0,0.0,0.0,0.0,0.010961164742565432,0.0016428237966253922,0.0,0.010961164742565432,0.0016428237966253922,0.0,0.0,0.0
114.2,11.54930704893484,0.2927674263678125,6.625600177930764,-2.035009289778299,forward_slouch,poor,True,71.40000000000022,0.0384961294147923,1.9248064707396149,3.8496129414792297,0.0,0.0,0.0,1.6,3.8496129414792297,0.438667547046531,1.6,3.8496129414792297,0.438667547046531,0.0,0.0,0.0
114.30000000000001,11.458716918849849,0.2164764411792241,6.563487638592277,-2.05778045371708,forward_slouch,poor,False,71.50000000000021,0.031451337731885305,1.5725668865942652,3.1451337731885305,0.0,0.0,0.0,0.0,3.1451337731885305,0.3761030484383804,0.0,3.1451337731885305,0.3761030484383804,0.0,0.0,0.0
114.4,11.381533427009298,0.28641893528128853,6.619339560096139,-2.0487644940505563,forward_slouch,poor,False,71.60000000000021,0.025695742926950295,1.2847871463475147,2.5695742926950293,0.0,0.0,0.0,0.0,2.5695742926950293,0.3198460734837747,0.0,2.5695742926950293,0.3198460734837747,0.0,0.0,0.0
114.5,11.432490094494431,0.3257217583540774,6.65507304861894,-1.966413240858387,forward_slouch,poor,False,71.7000000000002,0.02099342197131839,1.0496710985659194,2.099342197131839,0.0,0.0,0.0,0.0,2.099342197131839,0.27013911359607057,0.0,2.099342197131839,0.27013911359607057,0.0,0.0,0.0
114.60000000000001,11.299368812195999,0.3340782296178851,6.660055565360941,-1.939000845653469,forward_slouch,poor,False,71.8000000000002,0.017151625750567123,0.8575812875283562,1.7151625750567123,0.0,0.0,0.0,0.0,1.7151625750567123,0.22684395873523366,0.0,1.7151625750567123,0.22684395873523366,0.0,0.0,0.0
114.7,11.194191384549365,0.2997950730454616,6.675976873523195,-1.9139055981276076,forward_slouch,poor,False,71.90000000000019,0.014012878238213339,0.700643911910667,1.401287823821334,0.0,0.0,0.0,0.0,1.401287823821334,0.18957232236206767,0.0,1.401287823821334,0.18957232236206767,0.0,0.0,0.0
114.80000000000001,11.291345248192517,0.23541340415641687,6.727955164108451,-2.0171806740537193,forward_slouch,poor,False,72.00000000000018,0.0114485215206203,0.5724260760310149,1.1448521520620298,0.0,0.0,0.0,0.0,1.1448521520620298,0.15779162811560654,0.0,1.1448521520620298,0.15779162811560654,0.0,0.0,0.0
114.9,11.261656354807561,0.29038490595843214,6.777847884771396,-2.0034708943875823,forward_slouch,poor,False,72.10000000000018,0.009353442082346784,0.46767210411733917,0.9353442082346783,0.0,0.0,0.0,0.0,0.9353442082346783,0.13090395065583071,0.0,0.9353442082346783,0.13090395065583071,0.0,0.0,0.0
115.0,11.140221582030904,0.31845955439510854,6.730888838772789,-2.0545956707622626,forward_slouch,poor,False,72.20000000000017,0.007641762181277322,0.3820881090638661,0.7641762181277322,0.0,0.0,0.0,0.0,0.7641762181277322,0.10830080866261793,0.0,0.7641762181277322,0.10830080866261793,0.0,0.0,0.0
115.10000000000001,11.057000273304087,0.34928303349986356,6.782021234676301,-2.075441549170515,forward_slouch,poor,False,72.30000000000017,0.006243319702103571,0.31216598510517857,0.6243319702103571,0.0,0.0,0.0,0.0,0.6243319702103571,0.08939839684184825,0.0,0.6243319702103571,0.08939839684184825,0.0,0.0,0.0
115.2,11.060983034405144,0.4240999951975486,6.697032294406249,-2.0598514506364007,forward_slouch,poor,False,72.40000000000016,0.005100792196618618,0.2550396098309309,0.5100792196618618,0.0,0.0,0.0,0.0,0.5100792196618618,0.07365809345047081,0.0,0.5100792196618618,0.07365809345047081,0.0,0.0,0.0
115.30000000000001,11.080206817593622,0.4127583441128335,6.768684792204771,-2.0946901423622863,forward_slouch,poor,False,72.50000000000016,0.00416734722463741,0.20836736123187052,0.41673472246374105,0.0,0.0,0.0,0.0,0.41673472246374105,0.06059652701329166,0.0,0.41673472246374105,0.06059652701329166,0.0,0.0,0.0
115.4,11.14169274814606,0.345332202282985,6.8795050191934735,-2.105213907566946,forward_slouch,poor,False,72.60000000000015,0.0034047226825287646,0.1702361341264382,0.3404722682528764,0.0,0.0,0.0,0.0,0.3404722682528764,0.04978864505034064,0.0,0.3404722682528764,0.04978864505034064,0.0,0.0,0.0
115.5,11.181457212121401,0.3210907279613404,6.986500273696965,-2.1756925510176033,forward_slouch,poor,False,72.70000000000014,0.0027816584316260004,0.1390829215813,0.2781658431626,0.0,0.0,0.0,0.0,0.2781658431626,0.04086637549971195,0.0,0.2781658431626,0.04086637549971195,0.0,0.0,0.0
115.60000000000001,11.251028659899289,0.2880021457125125,7.002866016530657,-2.2618512233991304,forward_slouch,poor,False,72.80000000000014,0.0022726149386384418,0.1136307469319221,0.2272614938638442,0.0,0.0,0.0,0.0,0.2272614938638442,0.03351473296804697,0.0,0.2272614938638442,0.03351473296804697,0.0,0.0,0.0
115.7,11.40050464049818,0.3027731274743,6.994146430324771,-2.2329044117305514,forward_slouch,poor,False,72.90000000000013,0.001856726404867607,0.09283632024338036,0.18567264048676071,0.0,0.0,0.0,0.0,0.18567264048676071,0.027466635465110523,0.0,0.18567264048676071,0.027466635465110523,0.0,0.0,0.0
115.80000000000001,11.49695979261345,0.36667732722768354,6.943289626334864,-2.2550734349017927,forward_slouch,poor,False,73.00000000000013,0.001516945472776835,0.07584727363884175,0.1516945472776835,0.0,0.0,0.0,0.0,0.1516945472776835,0.022497258078387428,0.0,0.1516945472776835,0.022497258078387428,0.0,0.0,0.0
115.9,11.591480590786865,0.3548291100342524,6.926178747706083,-2.2171752770448636,forward_slouch,poor,False,73.10000000000012,0.0012393444512586744,0.06196722256293371,0.12393444512586742,0.0,0.0,0.0,0.0,0.12393444512586742,0.018418435436549196,0.0,0.12393444512586742,0.018418435436549196,0.0,0.0,0.0
116.0,11.548378767189282,0.26629120104660525,6.859310424357862,-2.236624245065816,forward_slouch,poor,False,73.20000000000012,0.0010125444166783368,0.05062722083391684,0.10125444166783368,0.0,0.0,0.0,0.0,0.10125444166783368,0.015073407778007364,0.0,0.10125444166783368,0.015073407778007364,0.0,0.0,0.0
116.10000000000001,11.544929687098982,0.25414482619993084,6.824288285879798,-2.1311082813229976,forward_slouch,poor,False,73.30000000000011,0.0008272487884262011,0.04136243942131006,0.08272487884262011,0.0,0.0,0.0,0.0,0.08272487884262011,0.012332060970645542,0.0,0.08272487884262011,0.012332060970645542,0.0,0.0,0.0
116.2,11.527998448627805,0.22019442328524966,6.942335939292792,-2.221486072246031,forward_slouch,poor,False,73.4000000000001,0.0006758622601442064,0.033793113007210315,0.06758622601442063,0.0,0.0,0.0,0.0,0.06758622601442063,0.010086718269944006,0.0,0.06758622601442063,0.010086718269944006,0.0,0.0,0.0
116.30000000000001,11.650448826540323,0.2828757986912666,6.911078814734491,-2.263495810029299,forward_slouch,poor,False,73.5000000000001,0.0005521794665378166,0.02760897332689083,0.05521794665378166,0.0,0.0,0.0,0.0,0.05521794665378166,0.008248485011827067,0.0,0.05521794665378166,0.008248485011827067,0.0,0.0,0.0
116.4,11.647342390008028,0.3389126537065099,6.825993205324077,-2.2304600162083608,forward_slouch,poor,False,73.6000000000001,0.0004511306241613961,0.022556531208069806,0.04511306241613961,0.0,0.0,0.0,0.0,0.04511306241613961,0.00674411505080208,0.0,0.04511306241613961,0.00674411505080208,0.0,0.0,0.0
116.5,11.665051880319435,0.36673128838634256,6.754858478120245,-2.2575895916467585,forward_slouch,poor,False,73.70000000000009,0.0003685737199398606,0.01842868599699303,0.03685737199398606,0.0,0.0,0.0,0.0,0.03685737199398606,0.005513351183256576,0.0,0.03685737199398606,0.005513351183256576,0.0,0.0,0.0
116.60000000000001,11.79784108082811,0.37619525155311495,6.819142149604921,-2.2719613061086203,forward_slouch,poor,False,73.80000000000008,0.00030112472919086616,0.015056236459543305,0.03011247291908661,0.0,0.0,0.0,0.0,0.03011247291908661,0.004506685217959827,0.0,0.03011247291908661,0.004506685217959827,0.0,0.0,0.0
116.7,11.860779344128973,0.3791594733244484,6.900253944127855,-2.2700526945070236,forward_slouch,poor,False,73.90000000000008,0.0002460189037489376,0.01230094518744688,0.02460189037489376,0.0,0.0,0.0,0.0,0.02460189037489376,0.003683482827981921,0.0,0.02460189037489376,0.003683482827981921,0.0,0.0,0.0
116.80000000000001,11.898030424974223,0.3897616323108938,6.8945295893098955,-2.249004043315769,forward_slouch,poor,False,74.00000000000007,0.00020099744436288203,0.010049872218144101,0.020099744436288203,0.0,0.0,0.0,0.0,0.020099744436288203,0.003010421232744309,0.0,0.020099744436288203,0.003010421232744309,0.0,0.0,0.0
116.9,11.974455711326234,0.4148669625420557,6.908973702611918,-2.2666845867691374,forward_slouch,poor,False,74.10000000000007,0.00016421491204447465,0.008210745602223731,0.016421491204447462,0.0,0.0,0.0,0.0,0.016421491204447462,0.0024601924346064896,0.0,0.016421491204447462,0.0024601924346064896,0.0,0.0,0.0
117.0,12.002607071036298,0.3975083983557421,6.9192983300431,-2.3909052253819154,forward_slouch,poor,False,74.20000000000006,0.00013416358314033577,0.006708179157016788,0.013416358314033577,0.0,0.0,0.0,0.0,0.013416358314033577,0.0020104301197759744,0.0,0.013416358314033577,0.0020104301197759744,0.0,0.0,0.0
117.10000000000001,12.103391281847285,0.3763870154573894,7.016746881422518,-2.415407397281545,forward_slouch,poor,False,74.30000000000005,0.00010961164742565433,0.005480582371282716,0.010961164742565432,0.0,0.0,0.0,0.0,0.010961164742565432,0.0016428237966253922,0.0,0.010961164742565432,0.0016428237966253922,0.0,0.0,0.0
117.2,11.981698725028084,0.4062007414154129,6.946192569690323,-2.473446613824664,forward_slouch,poor,True,74.40000000000005,0.0384961294147923,1.9248064707396149,3.8496129414792297,0.0,0.0,0.0,1.6,3.8496129414792297,0.438667547046531,1.6,3.8496129414792297,0.438667547046531,0.0,0.0,0.0
117.30000000000001,11.86891320537439,0.37620901473920987,6.92865825876829,-2.5157422724308107,forward_slouch,poor,False,74.50000000000004,0.031451337731885305,1.5725668865942652,3.1451337731885305,0.0,0.0,0.0,0.0,3.1451337731885305,0.3761030484383804,0.0,3.1451337731885305,0.3761030484383804,0.0,0.0,0.0
117.4,11.889361156311494,0.4245974259055266,6.861160423262966,-2.608679544062537,forward_slouch,poor,False,74.60000000000004,0.025695742926950295,1.2847871463475147,2.5695742926950293,0.0,0.0,0.0,0.0,2.5695742926950293,0.3198460734837747,0.0,2.5695742926950293,0.3198460734837747,0.0,0.0,0.0
117.5,11.781524887267404,0.47668987132004964,6.841008026419185,-2.5802443755950364,forward_slouch,poor,False,74.70000000000003,0.02099342197131839,1.0496710985659194,2.099342197131839,0.0,0.0,0.0,0.0,2.099342197131839,0.27013911359607057,0.0,2.099342197131839,0.27013911359607057,0.0,0.0,0.0
117.60000000000001,11.826452940076907,0.4976080731096029,6.781589119849495,-2.5965975996600905,forward_slouch,poor,False,74.80000000000003,0.017151625750567123,0.8575812875283562,1.7151625750567123,0.0,0.0,0.0,0.0,1.7151625750567123,0.22684395873523366,0.0,1.7151625750567123,0.22684395873523366,0.0,0.0,0.0
117.7,11.935543005058594,0.43509675226926575,6.808685661926266,-2.693339487196038,forward_slouch,poor,False,74.90000000000002,0.014012878238213339,0.700643911910667,1.401287823821334,0.0,0.0,0.0,0.0,1.401287823821334,0.18957232236206767,0.0,1.401287823821334,0.18957232236206767,0.0,0.0,0.0
117.80000000000001,11.964849228535503,0.38350722867661613,6.844582706672689,-2.6376552571257075,forward_slouch,poor,False,75.00000000000001,0.0114485215206203,0.5724260760310149,1.1448521520620298,0.0,0.0,0.0,0.0,1.1448521520620298,0.15779162811560654,0.0,1.1448521520620298,0.15779162811560654,0.0,0.0,0.0
117.9,11.925102549875849,0.2904522718277822,6.858663583917453,-2.6481708893688207,forward_slouch,poor,False,75.10000000000001,0.009353442082346784,0.46767210411733917,0.9353442082346783,0.0,0.0,0.0,0.0,0.9353442082346783,0.13090395065583071,0.0,0.9353442082346783,0.13090395065583071,0.0,0.0,0.0
118.0,11.797256119670037,0.23316309884711697,6.831941553377629,-2.644446359260637,forward_slouch,poor,False,75.2,0.007641762181277322,0.3820881090638661,0.7641762181277322,0.0,0.0,0.0,0.0,0.7641762181277322,0.10830080866261793,0.0,0.7641762181277322,0.10830080866261793,0.0,0.0,0.0
118.10000000000001,11.763036217261917,0.30464932393450295,6.913529922002545,-2.5971261497490454,forward_slouch,poor,False,75.3,0.006243319702103571,0.31216598510517857,0.6243319702103571,0.0,0.0,0.0,0.0,0.6243319702103571,0.08939839684184825,0.0,0.6243319702103571,0.08939839684184825,0.0,0.0,0.0
118.2,11.860553378047639,0.26864882453790806,6.849990828071167,-2.5374912182827454,forward_slouch,poor,False,75.39999999999999,0.005100792196618618,0.2550396098309309,0.5100792196618618,0.0,0.0,0.0,0.0,0.5100792196618618,0.07365809345047081,0.0,0.5100792196618618,0.07365809345047081,0.0,0.0,0.0
118.30000000000001,11.781995221216475,0.24325470759818169,6.75965036227443,-2.5230788637931854,forward_slouch,poor,False,75.49999999999999,0.00416734722463741,0.20836736123187052,0.41673472246374105,0.0,0.0,0.0,0.0,0.41673472246374105,0.06059652701329166,0.0,0.41673472246374105,0.06059652701329166,0.0,0.0,0.0
118.4,11.719479084122375,0.2810520872584686,6.738171446755775,-2.591118441600164,forward_slouch,poor,False,75.59999999999998,0.0034047226825287646,0.1702361341264382,0.3404722682528764,0.0,0.0,0.0,0.0,0.3404722682528764,0.04978864505034064,0.0,0.3404722682528764,0.04978864505034064,0.0,0.0,0.0
118.5,11.815216578655866,0.19272068671989928,6.778461547588491,-2.5525191035021417,forward_slouch,poor,False,75.69999999999997,0.0027816584316260004,0.1390829215813,0.2781658431626,0.0,0.0,0.0,0.0,0.2781658431626,0.04086637549971195,0.0,0.2781658431626,0.04086637549971195,0.0,0.0,0.0
118.60000000000001,11.914955165964503,0.194921383942722,6.7944719800288755,-2.607155182253991,forward_slouch,poor,False,75.79999999999997,0.0022726149386384418,0.1136307469319221,0.2272614938638442,0.0,0.0,0.0,0.0,0.2272614938638442,0.03351473296804697,0.0,0.2272614938638442,0.03351473296804697,0.0,0.0,0.0
118.7,11.913684097656546,0.20261333165160064,6.811600891402379,-2.517916014259594,forward_slouch,poor,False,75.89999999999996,0.001856726404867607,0.09283632024338036,0.18567264048676071,0.0,0.0,0.0,0.0,0.18567264048676071,0.027466635465110523,0.0,0.18567264048676071,0.027466635465110523,0.0,0.0,0.0
118.80000000000001,12.061840104907818,0.24475823662997256,6.840593917920663,-2.508849768520987,forward_slouch,poor,False,75.99999999999996,0.001516945472776835,0.07584727363884175,0.1516945472776835,0.0,0.0,0.0,0.0,0.1516945472776835,0.022497258078387428,0.0,0.1516945472776835,0.022497258078387428,0.0,0.0,0.0
118.9,12.102708113322102,0.30756286449598835,6.8206171272717055,-2.545278205202517,forward_slouch,poor,False,76.09999999999995,0.0012393444512586744,0.06196722256293371,0.12393444512586742,0.0,0.0,0.0,0.0,0.12393444512586742,0.018418435436549196,0.0,0.12393444512586742,0.018418435436549196,0.0,0.0,0.0
119.0,11.961022567629286,0.3363629067355278,6.83872757347989,-2.548203585602928,forward_slouch,poor,False,76.19999999999995,0.0010125444166783368,0.05062722083391684,0.10125444166783368,0.0,0.0,0.0,0.0,0.10125444166783368,0.015073407778007364,0.0,0.10125444166783368,0.015073407778007364,0.0,0.0,0.0
119.10000000000001,11.958644080069782,0.31114527573000667,6.8959474492664725,-2.636818898800155,forward_slouch,poor,False,76.29999999999994,0.0008272487884262011,0.04136243942131006,0.08272487884262011,0.0,0.0,0.0,0.0,0.08272487884262011,0.012332060970645542,0.0,0.08272487884262011,0.012332060970645542,0.0,0.0,0.0
119.2,11.975200043378111,0.3337104786528072,6.844293830216363,-2.6628470594635867,forward_slouch,poor,False,76.39999999999993,0.0006758622601442064,0.033793113007210315,0.06758622601442063,0.0,0.0,0.0,0.0,0.06758622601442063,0.010086718269944006,0.0,0.06758622601442063,0.010086718269944006,0.0,0.0,0.0
119.30000000000001,12.093857974440494,0.38527595516725976,6.853457808809557,-2.7013226377866597,forward_slouch,poor,False,76.49999999999993,0.0005521794665378166,0.02760897332689083,0.05521794665378166,0.0,0.0,0.0,0.0,0.05521794665378166,0.008248485011827067,0.0,0.05521794665378166,0.008248485011827067,0.0,0.0,0.0
119.4,12.115892621682672,0.3571618515261686,6.8548568755825245,-2.6281979970061506,forward_slouch,poor,False,76.59999999999992,0.0004511306241613961,0.022556531208069806,0.04511306241613961,0.0,0.0,0.0,0.0,0.04511306241613961,0.00674411505080208,0.0,0.04511306241613961,0.00674411505080208,0.0,0.0,0.0
119.5,12.265779462585659,0.39841724393110817,6.784935193482489,-2.6155464451089756,forward_slouch,poor,False,76.69999999999992,0.0003685737199398606,0.01842868599699303,0.03685737199398606,0.0,0.0,0.0,0.0,0.03685737199398606,0.005513351183256576,0.0,0.03685737199398606,0.005513351183256576,0.0,0.0,0.0
119.60000000000001,12.412307875143572,0.4362831584216991,6.809650810177853,-2.644902784517294,forward_slouch,poor,False,76.79999999999991,0.00030112472919086616,0.015056236459543305,0.03011247291908661,0.0,0.0,0.0,0.0,0.03011247291908661,0.004506685217959827,0.0,0.03011247291908661,0.004506685217959827,0.0,0.0,0.0
119.7,12.528611698057311,0.44097130582019206,6.834178010775312,-2.63843598196092,forward_slouch,poor,False,76.8999999999999,0.0002460189037489376,0.01230094518744688,0.02460189037489376,0.0,0.0,0.0,0.0,0.02460189037489376,0.003683482827981921,0.0,0.02460189037489376,0.003683482827981921,0.0,0.0,0.0
119.80000000000001,12.530774894688781,0.4553240384431298,6.802576909847342,-2.742011661987921,forward_slouch,poor,False,76.9999999999999,0.00020099744436288203,0.010049872218144101,0.020099744436288203,0.0,0.0,0.0,0.0,0.020099744436288203,0.003010421232744309,0.0,0.020099744436288203,0.003010421232744309,0.0,0.0,0.0
119.9,12.55211499124016,0.47513246599911096,6.887951027881767,-2.7092470401881408,forward_slouch,poor,False,77.0999999999999,0.00016421491204447465,0.008210745602223731,0.016421491204447462,0.0,0.0,0.0,0.0,0.016421491204447462,0.0024601924346064896,0.0,0.016421491204447462,0.0024601924346064896,0.0,0.0,0.0
120.0,12.69784847358559,0.4598495532010858,6.830034278215256,-2.776319550213939,forward_slouch,poor,False,77.19999999999989,0.00013416358314033577,0.006708179157016788,0.013416358314033577,0.0,0.0,0.0,0.0,0.013416358314033577,0.0020104301197759744,0.0,0.013416358314033577,0.0020104301197759744,0.0,0.0,0.0
120.10000000000001,12.67398775417778,0.46566588477007703,6.930681870445913,-2.7868720188884684,forward_slouch,poor,False,77.29999999999988,0.00010961164742565433,0.005480582371282716,0.010961164742565432,0.0,0.0,0.0,0.0,0.010961164742565432,0.0016428237966253922,0.0,0.010961164742565432,0.0016428237966253922,0.0,0.0,0.0
120.2,12.653047098056383,0.47795826054340645,6.774996287944677,-2.8135303663876514,forward_slouch,poor,True,77.39999999999988,0.0384961294147923,1.9248064707396149,3.8496129414792297,0.0,0.0,0.0,1.6,3.8496129414792297,0.438667547046531,1.6,3.8496129414792297,0.438667547046531,0.0,0.0,0.0
120.30000000000001,12.631145856788144,0.441451359615192,6.788192269454742,-2.8243038300538514,forward_slouch,poor,False,77.49999999999987,0.031451337731885305,1.5725668865942652,3.1451337731885305,0.0,0.0,0.0,0.0,3.1451337731885305,0.3761030484383804,0.0,3.1451337731885305,0.3761030484383804,0.0,0.0,0.0
120.4,12.644922299565382,0.40363213792202,6.704995771109219,-2.820636933427788,forward_slouch,poor,False,77.59999999999987,0.025695742926950295,1.2847871463475147,2.5695742926950293,0.0,0.0,0.0,0.0,2.5695742926950293,0.3198460734837747,0.0,2.5695742926950293,0.3198460734837747,0.0,0.0,0.0
120.5,12.621407549461546,0.3956826891154601,6.645468226771331,-2.8215898422183265,forward_slouch,poor,False,77.69999999999986,0.02099342197131839,1.0496710985659194,2.099342197131839,0.0,0.0,0.0,0.0,2.099342197131839,0.27013911359607057,0.0,2.099342197131839,0.27013911359607057,0.0,0.0,0.0
120.60000000000001,12.556899281634594,0.4220220889358488,6.708301853707569,-2.8809527435727875,forward_slouch,poor,False,77.79999999999986,0.017151625750567123,0.8575812875283562,1.7151625750567123,0.0,0.0,0.0,0.0,1.7151625750567123,0.22684395873523366,0.0,1.7151625750567123,0.22684395873523366,0.0,0.0,0.0
120.7,12.5970000088069,0.47020021866963835,6.76676943077409,-2.890897139818304,forward_slouch,poor,False,77.89999999999985,0.014012878238213339,0.700643911910667,1.401287823821334,0.0,0.0,0.0,0.0,1.401287823821334,0.18957232236206767,0.0,1.401287823821334,0.18957232236206767,0.0,0.0,0.0
120.80000000000001,12.666577226462874,0.41071594743117396,6.719814509965838,-2.8774706121005034,forward_slouch,poor,False,77.99999999999984,0.0114485215206203,0.5724260760310149,1.1448521520620298,0.0,0.0,0.0,0.0,1.1448521520620298,0.15779162811560654,0.0,1.1448521520620298,0.15779162811560654,0.0,0.0,0.0
120.9,12.50165220044144,0.44822095281715685,6.649095074042357,-2.8345400233841214,forward_slouch,poor,False,78.09999999999984,0.009353442082346784,0.46767210411733917,0.9353442082346783,0.0,0.0,0.0,0.0,0.9353442082346783,0.13090395065583071,0.0,0.9353442082346783,0.13090395065583071,0.0,0.0,0.0
121.0,12.453479507143335,0.511122367792483,6.578537827549533,-2.8810858841703375,forward_slouch,poor,False,78.19999999999983,0.007641762181277322,0.3820881090638661,0.7641762181277322,0.0,0.0,0.0,0.0,0.7641762181277322,0.10830080866261793,0.0,0.7641762181277322,0.10830080866261793,0.0,0.0,0.0
121.10000000000001,12.535843381622835,0.5277561095415461,6.574224808697936,-2.9905382440629475,forward_slouch,poor,False,78.29999999999983,0.006243319702103571,0.31216598510517857,0.6243319702103571,0.0,0.0,0.0,0.0,0.6243319702103571,0.08939839684184825,0.0,0.6243319702103571,0.08939839684184825,0.0,0.0,0.0
121.2,12.505320997518043,0.5043479045435442,6.48589542161939,-3.006952851329075,forward_slouch,poor,False,78.39999999999982,0.005100792196618618,0.2550396098309309,0.5100792196618618,0.0,0.0,0.0,0.0,0.5100792196618618,0.07365809345047081,0.0,0.5100792196618618,0.07365809345047081,0.0,0.0,0.0
121.30000000000001,12.45416087515074,0.4986724008693654,6.49538476244932,-2.967911923089046,forward_slouch,poor,False,78.49999999999982,0.00416734722463741,0.20836736123187052,0.41673472246374105,0.0,0.0,0.0,0.0,0.41673472246374105,0.06059652701329166,0.0,0.41673472246374105,0.06059652701329166,0.0,0.0,0.0
121.4,12.458254067615995,0.5515926780175738,6.401797398330666,-2.969181735265657,forward_slouch,poor,False,78.59999999999981,0.0034047226825287646,0.1702361341264382,0.3404722682528764,0.0,0.0,0.0,0.0,0.3404722682528764,0.04978864505034064,0.0,0.3404722682528764,0.04978864505034064,0.0,0.0,0.0
121.5,12.30671760558734,0.48563886543955487,6.381954410309837,-2.9519943453720763,forward_slouch,poor,False,78.6999999999998,0.0027816584316260004,0.1390829215813,0.2781658431626,0.0,0.0,0.0,0.0,0.2781658431626,0.04086637549971195,0.0,0.2781658431626,0.04086637549971195,0.0,0.0,0.0
121.60000000000001,12.347165101496387,0.45472018738686787,6.357004111350825,-3.039853915650377,forward_slouch,poor,False,78.7999999999998,0.0022726149386384418,0.1136307469319221,0.2272614938638442,0.0,0.0,0.0,0.0,0.2272614938638442,0.03351473296804697,0.0,0.2272614938638442,0.03351473296804697,0.0,0.0,0.0
121.7,12.442746837570654,0.38713858653213984,6.371888485346671,-3.0452508825369167,forward_slouch,poor,False,78.89999999999979,0.001856726404867607,0.09283632024338036,0.18567264048676071,0.0,0.0,0.0,0.0,0.18567264048676071,0.027466635465110523,0.0,0.18567264048676071,0.027466635465110523,0.0,0.0,0.0
121.80000000000001,12.576720934518502,0.46864576089842264,6.446639007726662,-3.1654977693673185,forward_slouch,poor,False,78.99999999999979,0.001516945472776835,0.07584727363884175,0.1516945472776835,0.0,0.0,0.0,0.0,0.1516945472776835,0.022497258078387428,0.0,0.1516945472776835,0.022497258078387428,0.0,0.0,0.0
121.9,12.568863811046779,0.4676119222465526,6.415102718160756,-3.1889946497996853,forward_slouch,poor,False,79.09999999999978,0.0012393444512586744,0.06196722256293371,0.12393444512586742,0.0,0.0,0.0,0.0,0.12393444512586742,0.018418435436549196,0.0,0.12393444512586742,0.018418435436549196,0.0,0.0,0.0
122.0,12.456090561260114,0.46922385143634987,6.519524559328499,-3.1077316602689136,forward_slouch,poor,False,79.19999999999978,0.0010125444166783368,0.05062722083391684,0.10125444166783368,0.0,0.0,0.0,0.0,0.10125444166783368,0.015073407778007364,0.0,0.10125444166783368,0.015073407778007364,0.0,0.0,0.0
122.10000000000001,12.43970687934251,0.44381389215365846,6.415410382619246,-3.255640117076083,forward_slouch,poor,False,79.29999999999977,0.0008272487884262011,0.04136243942131006,0.08272487884262011,0.0,0.0,0.0,0.0,0.08272487884262011,0.012332060970645542,0.0,0.08272487884262011,0.012332060970645542,0.0,0.0,0.0
122.2,12.357024521637308,0.38238962667069937,6.353928112243779,-3.2257123106438823,forward_slouch,poor,False,79.39999999999976,0.0006758622601442064,0.033793113007210315,0.06758622601442063,0.0,0.0,0.0,0.0,0.06758622601442063,0.010086718269944006,0.0,0.06758622601442063,0.010086718269944006,0.0,0.0,0.0
122.30000000000001,12.415044344407933,0.39712106496665306,6.340911711472165,-3.213309480236146,forward_slouch,poor,False,79.49999999999976,0.0005521794665378166,0.02760897332689083,0.05521794665378166,0.0,0.0,0.0,0.0,0.05521794665378166,0.008248485011827067,0.0,0.05521794665378166,0.008248485011827067,0.0,0.0,0.0
122.4,12.550673875425987,0.3300864978235108,6.4010608513415574,-3.1467552161436627,forward_slouch,poor,False,79.59999999999975,0.0004511306241613961,0.022556531208069806,0.04511306241613961,0.0,0.0,0.0,0.0,0.04511306241613961,0.00674411505080208,0.0,0.04511306241613961,0.00674411505080208,0.0,0.0,0.0
122.5,12.540691064596453,0.4234957499160132,6.381718551561061,-3.0826744455363846,forward_slouch,poor,False,79.69999999999975,0.0003685737199398606,0.01842868599699303,0.03685737199398606,0.0,0.0,0.0,0.0,0.03685737199398606,0.005513351183256576,0.0,0.03685737199398606,0.005513351183256576,0.0,0.0,0.0
122.60000000000001,12.556509766959973,0.4336204087569334,6.407981350595604,-3.016517183255972,forward_slouch,poor,False,79.79999999999974,0.00030112472919086616,0.015056236459543305,0.03011247291908661,0.0,0.0,0.0,0.0,0.03011247291908661,0.004506685217959827,0.0,0.03011247291908661,0.004506685217959827,0.0,0.0,0.0
122.7,12.53789953444742,0.463771142535035,6.3530675042814,-2.9616078425566013,forward_slouch,poor,False,79.89999999999974,0.0002460189037489376,0.01230094518744688,0.02460189037489376,0.0,0.0,0.0,0.0,0.02460189037489376,0.003683482827981921,0.0,0.02460189037489376,0.003683482827981921,0.0,0.0,0.0
122.80000000000001,12.577910513891736,0.3869383069270837,6.307695292500345,-2.9766280653159654,forward_slouch,poor,False,79.99999999999973,0.00020099744436288203,0.010049872218144101,0.020099744436288203,0.0,0.0,0.0,0.0,0.020099744436288203,0.003010421232744309,0.0,0.020099744436288203,0.003010421232744309,0.0,0.0,0.0
122.9,12.655489760591138,0.3486847232833097,6.294549146766951,-2.9215788030553895,forward_slouch,poor,False,80.09999999999972,0.00016421491204447465,0.008210745602223731,0.016421491204447462,0.0,0.0,0.0,0.0,0.016421491204447462,0.0024601924346064896,0.0,0.016421491204447462,0.0024601924346064896,0.0,0.0,0.0
123.0,12.554033604213995,0.32719399993298554,6.358619395036518,-2.827601489654192,forward_slouch,poor,False,80.19999999999972,0.00013416358314033577,0.006708179157016788,0.013416358314033577,0.0,0.0,0.0,0.0,0.013416358314033577,0.0020104301197759744,0.0,0.013416358314033577,0.0020104301197759744,0.0,0.0,0.0
123.10000000000001,12.600098308192528,0.36140282288421,6.412267832692924,-2.8008464451008153,forward_slouch,poor,False,80.29999999999971,0.00010961164742565433,0.005480582371282716,0.010961164742565432,0.0,0.0,0.0,0.0,0.010961164742565432,0.0016428237966253922,0.0,0.010961164742565432,0.0016428237966253922,0.0,0.0,0.0
123.2,12.390556845567676,0.3472944240245097,6.421903960863197,-2.7784877705188427,forward_slouch,poor,True,80.39999999999971,0.0384961294147923,1.9248064707396149,3.8496129414792297,0.0,0.0,0.0,1.6,3.8496129414792297,0.438667547046531,1.6,3.8496129414792297,0.438667547046531,0.0,0.0,0.0
123.30000000000001,12.47478846204213,0.36865592058232116,6.359711766884174,-2.7450810798219756,forward_slouch,poor,False,80.4999999999997,0.031451337731885305,1.5725668865942652,3.1451337731885305,0.0,0.0,0.0,0.0,3.1451337731885305,0.3761030484383804,0.0,3.1451337731885305,0.3761030484383804,0.0,0.0,0.0
123.4,12.41277520581787,0.3573636438330003,6.338986311515537,-2.7282463264922927,forward_slouch,poor,False,80.5999999999997,0.025695742926950295,1.2847871463475147,2.5695742926950293,0.0,0.0,0.0,0.0,2.5695742926950293,0.3198460734837747,0.0,2.5695742926950293,0.3198460734837747,0.0,0.0,0.0
123.5,12.420197751994726,0.3887868707641693,6.328435973982968,-2.7544863435618754,forward_slouch,poor,False,80.69999999999969,0.02099342197131839,1.0496710985659194,2.099342197131839,0.0,0.0,0.0,0.0,2.099342197131839,0.27013911359607057,0.0,2.099342197131839,0.27013911359607057,0.0,0.0,0.0
123.60000000000001,12.354235887926015,0.4174744484248909,6.251675449785391,-2.6772855504754363,forward_slouch,poor,False,80.79999999999968,0.017151625750567123,0.8575812875283562,1.7151625750567123,0.0,0.0,0.0,0.0,1.7151625750567123,0.22684395873523366,0.0,1.7151625750567123,0.22684395873523366,0.0,0.0,0.0
123.7,12.396001647958956,0.38513437579291676,6.256993353304384,-2.721281976819663,forward_slouch,poor,False,80.89999999999968,0.014012878238213339,0.700643911910667,1.401287823821334,0.0,0.0,0.0,0.0,1.401287823821334,0.18957232236206767,0.0,1.401287823821334,0.18957232236206767,0.0,0.0,0.0
123.80000000000001,12.47773638802325,0.43365790032359913,6.292768113523192,-2.7352614781166626,forward_slouch,poor,False,80.99999999999967,0.0114485215206203,0.5724260760310149,1.1448521520620298,0.0,0.0,0.0,0.0,1.1448521520620298,0.15779162811560654,0.0,1.1448521520620298,0.15779162811560654,0.0,0.0,0.0
123.9,12.368348926168858,0.4346779945451737,6.281222693884796,-2.655829728271845,forward_slouch,poor,False,81.09999999999967,0.009353442082346784,0.46767210411733917,0.9353442082346783,0.0,0.0,0.0,0.0,0.9353442082346783,0.13090395065583071,0.0,0.9353442082346783,0.13090395065583071,0.0,0.0,0.0
124.0,12.407342299773697,0.3894070615889775,6.233516672841646,-2.6349605735873745,forward_slouch,poor,False,81.19999999999966,0.007641762181277322,0.3820881090638661,0.7641762181277322,0.0,0.0,0.0,0.0,0.7641762181277322,0.10830080866261793,0.0,0.7641762181277322,0.10830080866261793,0.0,0.0,0.0
124.10000000000001,12.33981465612587,0.4445206113533757,6.257010058616089,-2.643893708686417,forward_slouch,poor,False,81.29999999999966,0.006243319702103571,0.31216598510517857,0.6243319702103571,0.0,0.0,0.0,0.0,0.6243319702103571,0.08939839684184825,0.0,0.6243319702103571,0.08939839684184825,0.0,0.0,0.0
124.2,12.404229197168059,0.4519810675714845,6.356885509544783,-2.7011186233862463,forward_slouch,poor,False,81.39999999999965,0.005100792196618618,0.2550396098309309,0.5100792196618618,0.0,0.0,0.0,0.0,0.5100792196618618,0.07365809345047081,0.0,0.5100792196618618,0.07365809345047081,0.0,0.0,0.0
124.30000000000001,12.409776807664654,0.5003219831739988,6.349280307386309,-2.730469052592,forward_slouch,poor,False,81.49999999999964,0.00416734722463741,0.20836736123187052,0.41673472246374105,0.0,0.0,0.0,0.0,0.41673472246374105,0.06059652701329166,0.0,0.41673472246374105,0.06059652701329166,0.0,0.0,0.0
124.4,12.269627388654277,0.46855639777405894,6.27744899746257,-2.746758909138906,forward_slouch,poor,False,81.59999999999964,0.0034047226825287646,0.1702361341264382,0.3404722682528764,0.0,0.0,0.0,0.0,0.3404722682528764,0.04978864505034064,0.0,0.3404722682528764,0.04978864505034064,0.0,0.0,0.0
124.5,12.251918278888473,0.47025580248425225,6.316855988328202,-2.6097206787042997,forward_slouch,poor,False,81.69999999999963,0.0027816584316260004,0.1390829215813,0.2781658431626,0.0,0.0,0.0,0.0,0.2781658431626,0.04086637549971195,0.0,0.2781658431626,0.04086637549971195,0.0,0.0,0.0
124.60000000000001,12.477511928023176,0.43306088951644833,6.336541073390714,-2.5237028788916285,forward_slouch,poor,False,81.79999999999963,0.0022726149386384418,0.1136307469319221,0.2272614938638442,0.0,0.0,0.0,0.0,0.2272614938638442,0.03351473296804697,0.0,0.2272614938638442,0.03351473296804697,0.0,0.0,0.0
124.7,12.429301699232974,0.3821161061489772,6.393077205377015,-2.6008094886748716,forward_slouch,poor,False,81.89999999999962,0.001856726404867607,0.09283632024338036,0.18567264048676071,0.0,0.0,0.0,0.0,0.18567264048676071,0.027466635465110523,0.0,0.18567264048676071,0.027466635465110523,0.0,0.0,0.0
124.80000000000001,12.414735233087042,0.40586899044576225,6.440748257147411,-2.6087905306506567,forward_slouch,poor,False,81.99999999999962,0.001516945472776835,0.07584727363884175,0.1516945472776835,0.0,0.0,0.0,0.0,0.1516945472776835,0.022497258078387428,0.0,0.1516945472776835,0.022497258078387428,0.0,0.0,0.0
124.9,12.370400922707718,0.4217655931462305,6.498539418338828,-2.4678889770706114,forward_slouch,poor,False,82.09999999999961,0.0012393444512586744,0.06196722256293371,0.12393444512586742,0.0,0.0,0.0,0.0,0.12393444512586742,0.018418435436549196,0.0,0.12393444512586742,0.018418435436549196,0.0,0.0,0.0
125.0,12.46567782894027,0.4656273368672229,6.546618531193667,-2.4844410647126107,forward_slouch,poor,False,82.1999999999996,0.0010125444166783368,0.05062722083391684,0.10125444166783368,0.0,0.0,0.0,0.0,0.10125444166783368,0.015073407778007364,0.0,0.10125444166783368,0.015073407778007364,0.0,0.0,0.0
125.10000000000001,12.492915835757731,0.4633574780948092,6.501116016748142,-2.4634511292745795,forward_slouch,poor,False,82.2999999999996,0.0008272487884262011,0.04136243942131006,0.08272487884262011,0.0,0.0,0.0,0.0,0.08272487884262011,0.012332060970645542,0.0,0.08272487884262011,0.012332060970645542,0.0,0.0,0.0
125.2,12.716630373201744,0.4557636465577791,6.491196347446961,-2.452062774232465,forward_slouch,poor,False,82.3999999999996,0.0006758622601442064,0.033793113007210315,0.06758622601442063,0.0,0.0,0.0,0.0,0.06758622601442063,0.010086718269944006,0.0,0.06758622601442063,0.010086718269944006,0.0,0.0,0.0
125.30000000000001,12.726404179361055,0.5537980860615405,6.495289662076052,-2.49681473167653,forward_slouch,poor,False,82.49999999999959,0.0005521794665378166,0.02760897332689083,0.05521794665378166,0.0,0.0,0.0,0.0,0.05521794665378166,0.008248485011827067,0.0,0.05521794665378166,0.008248485011827067,0.0,0.0,0.0
125.4,12.82144000555663,0.6076537271604939,6.542789100681665,-2.4762844093766,forward_slouch,poor,False,82.59999999999958,0.0004511306241613961,0.022556531208069806,0.04511306241613961,0.0,0.0,0.0,0.0,0.04511306241613961,0.00674411505080208,0.0,0.04511306241613961,0.00674411505080208,0.0,0.0,0.0
125.5,12.75163630823128,0.6304829358167297,6.434052257695822,-2.4963132808022706,forward_slouch,poor,False,82.69999999999958,0.0003685737199398606,0.01842868599699303,0.03685737199398606,0.0,0.0,0.0,0.0,0.03685737199398606,0.005513351183256576,0.0,0.03685737199398606,0.005513351183256576,0.0,0.0,0.0
125.60000000000001,12.868258330494063,0.5194139646174473,6.470342973961774,-2.447262404003278,forward_slouch,poor,False,82.79999999999957,0.00030112472919086616,0.015056236459543305,0.03011247291908661,0.0,0.0,0.0,0.0,0.03011247291908661,0.004506685217959827,0.0,0.03011247291908661,0.004506685217959827,0.0,0.0,0.0
125.7,12.965832090385677,0.565793988048602,6.420018280863216,-2.486041430356218,forward_slouch,poor,False,82.89999999999957,0.0002460189037489376,0.01230094518744688,0.02460189037489376,0.0,0.0,0.0,0.0,0.02460189037489376,0.003683482827981921,0.0,0.02460189037489376,0.003683482827981921,0.0,0.0,0.0
125.80000000000001,12.873614910157922,0.5248915031169259,6.448286096217688,-2.481701273680927,forward_slouch,poor,False,82.99999999999956,0.00020099744436288203,0.010049872218144101,0.020099744436288203,0.0,0.0,0.0,0.0,0.020099744436288203,0.003010421232744309,0.0,0.020099744436288203,0.003010421232744309,0.0,0.0,0.0
125.9,12.855165494097712,0.5428843542846457,6.515862935936249,-2.41913776473439,forward_slouch,poor,False,83.09999999999955,0.00016421491204447465,0.008210745602223731,0.016421491204447462,0.0,0.0,0.0,0.0,0.016421491204447462,0.0024601924346064896,0.0,0.016421491204447462,0.0024601924346064896,0.0,0.0,0.0
126.0,12.893809932396865,0.6745043356055999,6.5356505807392145,-2.534054464664059,forward_slouch,poor,False,83.19999999999955,0.00013416358314033577,0.006708179157016788,0.013416358314033577,0.0,0.0,0.0,0.0,0.013416358314033577,0.0020104301197759744,0.0,0.013416358314033577,0.0020104301197759744,0.0,0.0,0.0
126.10000000000001,12.80015790703737,0.6304037414610829,6.584661273466534,-2.563276372626227,forward_slouch,poor,False,83.29999999999954,0.00010961164742565433,0.005480582371282716,0.010961164742565432,0.0,0.0,0.0,0.0,0.010961164742565432,0.0016428237966253922,0.0,0.010961164742565432,0.0016428237966253922,0.0,0.0,0.0
126.2,12.734216524150717,0.664703638376439,6.598594713131452,-2.5588333702660258,forward_slouch,poor,True,83.39999999999954,0.0384961294147923,1.9248064707396149,3.8496129414792297,0.0,0.0,0.0,1.6,3.8496129414792297,0.438667547046531,1.6,3.8496129414792297,0.438667547046531,0.0,0.0,0.0
126.30000000000001,12.551072671725432,0.6518970308098041,6.534345511652924,-2.497249528864634,forward_slouch,poor,False,83.49999999999953,0.031451337731885305,1.5725668865942652,3.1451337731885305,0.0,0.0,0.0,0.0,3.1451337731885305,0.3761030484383804,0.0,3.1451337731885305,0.3761030484383804,0.0,0.0,0.0
126.4,12.408767062960305,0.694291447862365,6.607172311610552,-2.4780583746045783,forward_slouch,poor,False,83.59999999999953,0.025695742926950295,1.2847871463475147,2.5695742926950293,0.0,0.0,0.0,0.0,2.5695742926950293,0.3198460734837747,0.0,2.5695742926950293,0.3198460734837747,0.0,0.0,0.0
126.5,12.374960706701112,0.7393635528150021,6.622942993132817,-2.560558455442228,forward_slouch,poor,False,83.69999999999952,0.02099342197131839,1.0496710985659194,2.099342197131839,0.0,0.0,0.0,0.0,2.099342197131839,0.27013911359607057,0.0,2.099342197131839,0.27013911359607057,0.0,0.0,0.0
126.60000000000001,12.250014216647061,0.807960681632491,6.6411500719677985,-2.5009098300943746,forward_slouch,poor,False,83.79999999999951,0.017151625750567123,0.8575812875283562,1.7151625750567123,0.0,0.0,0.0,0.0,1.7151625750567123,0.22684395873523366,0.0,1.7151625750567123,0.22684395873523366,0.0,0.0,0.0
126.7,12.346007496882393,0.8135765555376773,6.710190776831539,-2.4879282013654866,forward_slouch,poor,False,83.89999999999951,0.014012878238213339,0.700643911910667,1.401287823821334,0.0,0.0,0.0,0.0,1.401287823821334,0.18957232236206767,0.0,1.401287823821334,0.18957232236206767,0.0,0.0,0.0
126.80000000000001,12.365364775156008,0.7807518753858386,6.76914560707447,-2.558144250583765,forward_slouch,poor,False,83.9999999999995,0.0114485215206203,0.5724260760310149,1.1448521520620298,0.0,0.0,0.0,0.0,1.1448521520620298,0.15779162811560654,0.0,1.1448521520620298,0.15779162811560654,0.0,0.0,0.0
126.9,12.249646484727142,0.8015519726623178,6.81077095732128,-2.5400693683414404,forward_slouch,poor,False,84.0999999999995,0.009353442082346784,0.46767210411733917,0.9353442082346783,0.0,0.0,0.0,0.0,0.9353442082346783,0.13090395065583071,0.0,0.9353442082346783,0.13090395065583071,0.0,0.0,0.0
127.0,12.361628466173661,0.7973883440474749,6.732457365999938,-2.4671329537916087,forward_slouch,poor,False,84.19999999999949,0.007641762181277322,0.3820881090638661,0.7641762181277322,0.0,0.0,0.0,0.0,0.7641762181277322,0.10830080866261793,0.0,0.7641762181277322,0.10830080866261793,0.0,0.0,0.0
127.10000000000001,12.413362544601958,0.7698191096439612,6.604081501994508,-2.485176543881144,forward_slouch,poor,False,84.29999999999949,0.006243319702103571,0.31216598510517857,0.6243319702103571,0.0,0.0,0.0,0.0,0.6243319702103571,0.08939839684184825,0.0,0.6243319702103571,0.08939839684184825,0.0,0.0,0.0
127.2,12.37594233221231,0.7375618418670811,6.5767091245483265,-2.5248417443035898,forward_slouch,poor,False,84.39999999999948,0.005100792196618618,0.2550396098309309,0.5100792196618618,0.0,0.0,0.0,0.0,0.5100792196618618,0.07365809345047081,0.0,0.5100792196618618,0.07365809345047081,0.0,0.0,0.0
127.30000000000001,12.356626579215872,0.6435341849808374,6.530158278527474,-2.4642100447645547,forward_slouch,poor,False,84.49999999999947,0.00416734722463741,0.20836736123187052,0.41673472246374105,0.0,0.0,0.0,0.0,0.41673472246374105,0.06059652701329166,0.0,0.41673472246374105,0.06059652701329166,0.0,0.0,0.0
127.4,12.442759005683861,0.6379628153746338,6.521448894733651,-2.4460796510558507,forward_slouch,poor,False,84.59999999999947,0.0034047226825287646,0.1702361341264382,0.3404722682528764,0.0,0.0,0.0,0.0,0.3404722682528764,0.04978864505034064,0.0,0.3404722682528764,0.04978864505034064,0.0,0.0,0.0
127.5,12.47357022173412,0.7007149897334657,6.536145019988356,-2.3493874522743483,forward_slouch,poor,False,84.69999999999946,0.0027816584316260004,0.1390829215813,0.2781658431626,0.0,0.0,0.0,0.0,0.2781658431626,0.04086637549971195,0.0,0.2781658431626,0.04086637549971195,0.0,0.0,0.0
127.60000000000001,12.432926156551444,0.7443262975291124,6.546895455920467,-2.2566888538836767,forward_slouch,poor,False,84.79999999999946,0.0022726149386384418,0.1136307469319221,0.2272614938638442,0.0,0.0,0.0,0.0,0.2272614938638442,0.03351473296804697,0.0,0.2272614938638442,0.03351473296804697,0.0,0.0,0.0
127.7,12.380441772221594,0.8382359658655028,6.484155129261181,-2.231082763960492,forward_slouch,poor,False,84.89999999999945,0.001856726404867607,0.09283632024338036,0.18567264048676071,0.0,0.0,0.0,0.0,0.18567264048676071,0.027466635465110523,0.0,0.18567264048676071,0.027466635465110523,0.0,0.0,0.0
127.80000000000001,12.412349750641107,0.8419458705228401,6.49622434719427,-2.3114153981239367,forward_slouch,poor,False,84.99999999999945,0.001516945472776835,0.07584727363884175,0.1516945472776835,0.0,0.0,0.0,0.0,0.1516945472776835,0.022497258078387428,0.0,0.1516945472776835,0.022497258078387428,0.0,0.0,0.0
127.9,12.401393513321029,0.8685407066348603,6.523861896728753,-2.2818900025897757,forward_slouch,poor,False,85.09999999999944,0.0012393444512586744,0.06196722256293371,0.12393444512586742,0.0,0.0,0.0,0.0,0.12393444512586742,0.018418435436549196,0.0,0.12393444512586742,0.018418435436549196,0.0,0.0,0.0
128.0,12.513653511219486,0.8544261764229569,6.5368389672141545,-2.3198962474129234,forward_slouch,poor,False,85.19999999999943,0.0010125444166783368,0.05062722083391684,0.10125444166783368,0.0,0.0,0.0,0.0,0.10125444166783368,0.015073407778007364,0.0,0.10125444166783368,0.015073407778007364,0.0,0.0,0.0
128.1,12.47614251057878,0.8467162701787087,6.592070518700586,-2.3449618603274778,forward_slouch,poor,False,85.29999999999943,0.0008272487884262011,0.04136243942131006,0.08272487884262011,0.0,0.0,0.0,0.0,0.08272487884262011,0.012332060970645542,0.0,0.08272487884262011,0.012332060970645542,0.0,0.0,0.0
128.20000000000002,12.41592048794553,0.889398047129274,6.602711047671083,-2.345225863479349,forward_slouch,poor,False,85.39999999999942,0.0006758622601442064,0.033793113007210315,0.06758622601442063,0.0,0.0,0.0,0.0,0.06758622601442063,0.010086718269944006,0.0,0.06758622601442063,0.010086718269944006,0.0,0.0,0.0
128.3,12.496383393776624,0.8456790981658857,6.565928877050848,-2.4196099872810475,forward_slouch,poor,False,85.49999999999942,0.0005521794665378166,0.02760897332689083,0.05521794665378166,0.0,0.0,0.0,0.0,0.05521794665378166,0.008248485011827067,0.0,0.05521794665378166,0.008248485011827067,0.0,0.0,0.0
128.4,12.514495680783494,0.8187171611054948,6.460641386931481,-2.379748596450124,forward_slouch,poor,False,85.59999999999941,0.0004511306241613961,0.022556531208069806,0.04511306241613961,0.0,0.0,0.0,0.0,0.04511306241613961,0.00674411505080208,0.0,0.04511306241613961,0.00674411505080208,0.0,0.0,0.0
128.5,12.43998535522466,0.7673758355088415,6.425339833787326,-2.364945062720409,forward_slouch,poor,False,85.6999999999994,0.0003685737199398606,0.01842868599699303,0.03685737199398606,0.0,0.0,0.0,0.0,0.03685737199398606,0.005513351183256576,0.0,0.03685737199398606,0.005513351183256576,0.0,0.0,0.0
128.6,12.516573923113555,0.7649055544445483,6.4436111102856,-2.3915740766013722,forward_slouch,poor,False,85.7999999999994,0.00030112472919086616,0.015056236459543305,0.03011247291908661,0.0,0.0,0.0,0.0,0.03011247291908661,0.004506685217959827,0.0,0.03011247291908661,0.004506685217959827,0.0,0.0,0.0
128.70000000000002,12.589453534576728,0.7877721988884377,6.384096625398919,-2.34044801498256,forward_slouch,poor,False,85.8999999999994,0.0002460189037489376,0.01230094518744688,0.02460189037489376,0.0,0.0,0.0,0.0,0.02460189037489376,0.003683482827981921,0.0,0.02460189037489376,0.003683482827981921,0.0,0.0,0.0
128.8,12.52175387060772,0.7745986832937779,6.475163225639749,-2.3255582372493397,forward_slouch,poor,False,85.99999999999939,0.00020099744436288203,0.010049872218144101,0.020099744436288203,0.0,0.0,0.0,0.0,0.020099744436288203,0.003010421232744309,0.0,0.020099744436288203,0.003010421232744309,0.0,0.0,0.0
128.9,12.464415667876134,0.7294559062425309,6.47234305091853,-2.320743454844135,forward_slouch,poor,False,86.09999999999938,0.00016421491204447465,0.008210745602223731,0.016421491204447462,0.0,0.0,0.0,0.0,0.016421491204447462,0.0024601924346064896,0.0,0.016421491204447462,0.0024601924346064896,0.0,0.0,0.0
129.0,12.567037829547449,0.7637241897636243,6.437490648558827,-2.3645877381256066,forward_slouch,poor,False,86.19999999999938,0.00013416358314033577,0.006708179157016788,0.013416358314033577,0.0,0.0,0.0,0.0,0.013416358314033577,0.0020104301197759744,0.0,0.013416358314033577,0.0020104301197759744,0.0,0.0,0.0
129.1,12.73670195055281,0.7194128909051183,6.42071718607979,-2.3489473683674436,forward_slouch,poor,False,86.29999999999937,0.00010961164742565433,0.005480582371282716,0.010961164742565432,0.0,0.0,0.0,0.0,0.010961164742565432,0.0016428237966253922,0.0,0.010961164742565432,0.0016428237966253922,0.0,0.0,0.0
129.20000000000002,12.625337390345143,0.7077167402715829,6.301265769412558,-2.341846496933246,forward_slouch,poor,True,86.39999999999937,0.0384961294147923,1.9248064707396149,3.8496129414792297,0.0,0.0,0.0,1.6,3.8496129414792297,0.438667547046531,1.6,3.8496129414792297,0.438667547046531,0.0,0.0,0.0
129.3,12.582807170746195,0.6388587122299222,6.280734640633973,-2.230847255298728,forward_slouch,poor,False,86.49999999999936,0.031451337731885305,1.5725668865942652,3.1451337731885305,0.0,0.0,0.0,0.0,3.1451337731885305,0.3761030484383804,0.0,3.1451337731885305,0.3761030484383804,0.0,0.0,0.0
129.4,12.483748463217912,0.6488538734763561,6.267004727118431,-2.2621234002349815,forward_slouch,poor,False,86.59999999999935,0.025695742926950295,1.2847871463475147,2.5695742926950293,0.0,0.0,0.0,0.0,2.5695742926950293,0.3198460734837747,0.0,2.5695742926950293,0.3198460734837747,0.0,0.0,0.0
129.5,12.348345926973815,0.758714686741009,6.239325651119971,-2.2375430380136563,forward_slouch,poor,False,86.69999999999935,0.02099342197131839,1.0496710985659194,2.099342197131839,0.0,0.0,0.0,0.0,2.099342197131839,0.27013911359607057,0.0,2.099342197131839,0.27013911359607057,0.0,0.0,0.0
129.6,12.384590450412574,0.7113397907477509,6.168952289326664,-2.1574922394848315,forward_slouch,poor,False,86.79999999999934,0.017151625750567123,0.8575812875283562,1.7151625750567123,0.0,0.0,0.0,0.0,1.7151625750567123,0.22684395873523366,0.0,1.7151625750567123,0.22684395873523366,0.0,0.0,0.0
129.70000000000002,12.394253059547424,0.7100991599528934,6.196223762084233,-2.1506590213441297,forward_slouch,poor,False,86.89999999999934,0.014012878238213339,0.700643911910667,1.401287823821334,0.0,0.0,0.0,0.0,1.401287823821334,0.18957232236206767,0.0,1.401287823821334,0.18957232236206767,0.0,0.0,0.0
129.8,12.537459498381356,0.6109399143525642,6.2016584999773965,-2.238142118217346,forward_slouch,poor,False,86.99999999999933,0.0114485215206203,0.5724260760310149,1.1448521520620298,0.0,0.0,0.0,0.0,1.1448521520620298,0.15779162811560654,0.0,1.1448521520620298,0.15779162811560654,0.0,0.0,0.0
129.9,12.544076530849473,0.5585305289919293,6.239535746650963,-2.247302268873722,forward_slouch,poor,False,87.09999999999933,0.009353442082346784,0.46767210411733917,0.9353442082346783,0.0,0.0,0.0,0.0,0.9353442082346783,0.13090395065583071,0.0,0.9353442082346783,0.13090395065583071,0.0,0.0,0.0
130.0,12.552130616116813,0.552759410234666,6.218857108071101,-2.3113301937115724,forward_slouch,poor,False,87.19999999999932,0.007641762181277322,0.3820881090638661,0.7641762181277322,0.0,0.0,0.0,0.0,0.7641762181277322,0.10830080866261793,0.0,0.7641762181277322,0.10830080866261793,0.0,0.0,0.0
130.1,12.571675104507115,0.5630595123793435,6.227589526850932,-2.3876539587511103,forward_slouch,poor,False,87.29999999999932,0.006243319702103571,0.31216598510517857,0.6243319702103571,0.0,0.0,0.0,0.0,0.6243319702103571,0.08939839684184825,0.0,0.6243319702103571,0.08939839684184825,0.0,0.0,0.0
130.20000000000002,12.650997486847956,0.5002218816474205,6.27102323582727,-2.3229548071916954,forward_slouch,poor,False,87.39999999999931,0.005100792196618618,0.2550396098309309,0.5100792196618618,0.0,0.0,0.0,0.0,0.5100792196618618,0.07365809345047081,0.0,0.5100792196618618,0.07365809345047081,0.0,0.0,0.0
130.3,12.700945149449755,0.5273290484441265,6.331767507288958,-2.3118212418891058,forward_slouch,poor,False,87.4999999999993,0.00416734722463741,0.20836736123187052,0.41673472246374105,0.0,0.0,0.0,0.0,0.41673472246374105,0.06059652701329166,0.0,0.41673472246374105,0.06059652701329166,0.0,0.0,0.0
130.4,12.549355064540164,0.6082920281094413,6.29658134414886,-2.3093246838156074,forward_slouch,poor,False,87.5999999999993,0.0034047226825287646,0.1702361341264382,0.3404722682528764,0.0,0.0,0.0,0.0,0.3404722682528764,0.04978864505034064,0.0,0.3404722682528764,0.04978864505034064,0.0,0.0,0.0
130.5,12.512515667383399,0.5950228999528293,6.264127790529207,-2.2527229351619646,forward_slouch,poor,False,87.69999999999929,0.0027816584316260004,0.1390829215813,0.2781658431626,0.0,0.0,0.0,0.0,0.2781658431626,0.04086637549971195,0.0,0.2781658431626,0.04086637549971195,0.0,0.0,0.0
130.6,12.449500963135959,0.6828675242598738,6.261469697831495,-2.2514340707058147,forward_slouch,poor,False,87.79999999999929,0.0022726149386384418,0.1136307469319221,0.2272614938638442,0.0,0.0,0.0,0.0,0.2272614938638442,0.03351473296804697,0.0,0.2272614938638442,0.03351473296804697,0.0,0.0,0.0
130.70000000000002,12.41323923449708,0.68463506804206,6.191901330999778,-2.306832915381583,forward_slouch,poor,False,87.89999999999928,0.001856726404867607,0.09283632024338036,0.18567264048676071,0.0,0.0,0.0,0.0,0.18567264048676071,0.027466635465110523,0.0,0.18567264048676071,0.027466635465110523,0.0,0.0,0.0
130.8,12.574112760185242,0.692440419191634,6.103159125865573,-2.3369786373211885,forward_slouch,poor,False,87.99999999999928,0.001516945472776835,0.07584727363884175,0.1516945472776835,0.0,0.0,0.0,0.0,0.1516945472776835,0.022497258078387428,0.0,0.1516945472776835,0.022497258078387428,0.0,0.0,0.0
130.9,12.608779551182991,0.8418441163032571,6.084828156493923,-2.40292875605567,forward_slouch,poor,False,88.09999999999927,0.0012393444512586744,0.06196722256293371,0.12393444512586742,0.0,0.0,0.0,0.0,0.12393444512586742,0.018418435436549196,0.0,0.12393444512586742,0.018418435436549196,0.0,0.0,0.0
131.0,12.545718810426743,0.8362121889864731,6.134703817271439,-2.3578492368747317,forward_slouch,poor,False,88.19999999999926,0.0010125444166783368,0.05062722083391684,0.10125444166783368,0.0,0.0,0.0,0.0,0.10125444166783368,0.015073407778007364,0.0,0.10125444166783368,0.015073407778007364,0.0,0.0,0.0
131.1,12.585527764295604,0.7384616007483671,6.179624495232076,-2.334320086820445,forward_slouch,poor,False,88.29999999999926,0.0008272487884262011,0.04136243942131006,0.08272487884262011,0.0,0.0,0.0,0.0,0.08272487884262011,0.012332060970645542,0.0,0.08272487884262011,0.012332060970645542,0.0,0.0,0.0
131.20000000000002,12.60878259791557,0.7135256217720849,6.280073808521568,-2.3396948049906623,forward_slouch,poor,False,88.39999999999925,0.0006758622601442064,0.033793113007210315,0.06758622601442063,0.0,0.0,0.0,0.0,0.06758622601442063,0.010086718269944006,0.0,0.06758622601442063,0.010086718269944006,0.0,0.0,0.0
131.3,12.522124027188106,0.6664779868828451,6.378406459814699,-2.300781760129211,forward_slouch,poor,False,88.49999999999925,0.0005521794665378166,0.02760897332689083,0.05521794665378166,0.0,0.0,0.0,0.0,0.05521794665378166,0.008248485011827067,0.0,0.05521794665378166,0.008248485011827067,0.0,0.0,0.0
131.4,12.588411252355408,0.6903677780068304,6.472717365589804,-2.33768322514764,forward_slouch,poor,False,88.59999999999924,0.0004511306241613961,0.022556531208069806,0.04511306241613961,0.0,0.0,0.0,0.0,0.04511306241613961,0.00674411505080208,0.0,0.04511306241613961,0.00674411505080208,0.0,0.0,0.0
131.5,12.792772462006342,0.6645911532674408,6.533066021436178,-2.3154853805518503,forward_slouch,poor,False,88.69999999999924,0.0003685737199398606,0.01842868599699303,0.03685737199398606,0.0,0.0,0.0,0.0,0.03685737199398606,0.005513351183256576,0.0,0.03685737199398606,0.005513351183256576,0.0,0.0,0.0
131.6,12.866996282312915,0.7029179856178479,6.519071998690089,-2.2890902896522634,forward_slouch,poor,False,88.79999999999923,0.00030112472919086616,0.015056236459543305,0.03011247291908661,0.0,0.0,0.0,0.0,0.03011247291908661,0.004506685217959827,0.0,0.03011247291908661,0.004506685217959827,0.0,0.0,0.0
131.70000000000002,12.613975498693407,0.6000118747780138,6.501194644119175,-2.2924835325277395,forward_slouch,poor,False,88.89999999999922,0.0002460189037489376,0.01230094518744688,0.02460189037489376,0.0,0.0,0.0,0.0,0.02460189037489376,0.003683482827981921,0.0,0.02460189037489376,0.003683482827981921,0.0,0.0,0.0
131.8,12.664774699615617,0.5414782702597152,6.591129570942944,-2.3628466351319113,forward_slouch,poor,False,88.99999999999922,0.00020099744436288203,0.010049872218144101,0.020099744436288203,0.0,0.0,0.0,0.0,0.020099744436288203,0.003010421232744309,0.0,0.020099744436288203,0.003010421232744309,0.0,0.0,0.0
131.9,12.679364187925001,0.4530439444217027,6.6283512248417535,-2.420903692997971,forward_slouch,poor,False,89.09999999999921,0.00016421491204447465,0.008210745602223731,0.016421491204447462,0.0,0.0,0.0,0.0,0.016421491204447462,0.0024601924346064896,0.0,0.016421491204447462,0.0024601924346064896,0.0,0.0,0.0
132.0,12.830445870418602,0.4634697872282148,6.618527905949893,-2.437299297645096,forward_slouch,poor,False,89.1999999999992,0.00013416358314033577,0.006708179157016788,0.013416358314033577,0.0,0.0,0.0,0.0,0.013416358314033577,0.0020104301197759744,0.0,0.013416358314033577,0.0020104301197759744,0.0,0.0,0.0
132.1,12.801078469222174,0.46677706967672816,6.618224377309346,-2.4166047599547826,forward_slouch,poor,False,89.2999999999992,0.00010961164742565433,0.005480582371282716,0.010961164742565432,0.0,0.0,0.0,0.0,0.010961164742565432,0.0016428237966253922,0.0,0.010961164742565432,0.0016428237966253922,0.0,0.0,0.0
132.20000000000002,12.767592561545916,0.4939038988157699,6.608043727559886,-2.469667329825261,forward_slouch,poor,True,89.3999999999992,0.0384961294147923,1.9248064707396149,3.8496129414792297,0.0,0.0,0.0,1.6,3.8496129414792297,0.438667547046531,1.6,3.8496129414792297,0.438667547046531,0.0,0.0,0.0
132.3,12.830772302493134,0.4494753938592074,6.590817162890668,-2.3436870807302044,forward_slouch,poor,False,89.49999999999919,0.031451337731885305,1.5725668865942652,3.1451337731885305,0.0,0.0,0.0,0.0,3.1451337731885305,0.3761030484383804,0.0,3.1451337731885305,0.3761030484383804,0.0,0.0,0.0
132.4,12.828090032914607,0.4080598055609699,6.570597525047071,-2.3118037178937327,forward_slouch,poor,False,89.59999999999918,0.025695742926950295,1.2847871463475147,2.5695742926950293,0.0,0.0,0.0,0.0,2.5695742926950293,0.3198460734837747,0.0,2.5695742926950293,0.3198460734837747,0.0,0.0,0.0
132.5,12.828086652566919,0.46867913546838996,6.5649406268747725,-2.23929987776373,forward_slouch,poor,False,89.69999999999918,0.02099342197131839,1.0496710985659194,2.099342197131839,0.0,0.0,0.0,0.0,2.099342197131839,0.27013911359607057,0.0,2.099342197131839,0.27013911359607057,0.0,0.0,0.0
132.6,12.909755888835024,0.47072208423219725,6.624704390075854,-2.2104158345911578,forward_slouch,poor,False,89.79999999999917,0.017151625750567123,0.8575812875283562,1.7151625750567123,0.0,0.0,0.0,0.0,1.7151625750567123,0.22684395873523366,0.0,1.7151625750567123,0.22684395873523366,0.0,0.0,0.0
132.70000000000002,13.013393465750575,0.4972814866145816,6.700581943379205,-2.1672065946850574,forward_slouch,poor,False,89.89999999999917,0.014012878238213339,0.700643911910667,1.401287823821334,0.0,0.0,0.0,0.0,1.401287823821334,0.18957232236206767,0.0,1.401287823821334,0.18957232236206767,0.0,0.0,0.0
132.8,13.027618907885898,0.5224332227081602,6.676602224575522,-2.1997949663339615,forward_slouch,poor,False,89.99999999999916,0.0114485215206203,0.5724260760310149,1.1448521520620298,0.0,0.0,0.0,0.0,1.1448521520620298,0.15779162811560654,0.0,1.1448521520620298,0.15779162811560654,0.0,0.0,0.0
132.9,12.985994262572936,0.6543934604207257,6.798258237802652,-2.1298202150858763,forward_slouch,poor,False,90.09999999999916,0.009353442082346784,0.46767210411733917,0.9353442082346783,0.0,0.0,0.0,0.0,0.9353442082346783,0.13090395065583071,0.0,0.9353442082346783,0.13090395065583071,0.0,0.0,0.0
133.0,12.958457033113994,0.6603770874553013,6.735528734262975,-2.119640238444624,forward_slouch,poor,False,90.19999999999915,0.007641762181277322,0.3820881090638661,0.7641762181277322,0.0,0.0,0.0,0.0,0.7641762181277322,0.10830080866261793,0.0,0.7641762181277322,0.10830080866261793,0.0,0.0,0.0
133.1,12.976705077071188,0.6851880273832699,6.7847911815936115,-2.038167136037662,forward_slouch,poor,False,90.29999999999914,0.006243319702103571,0.31216598510517857,0.6243319702103571,0.0,0.0,0.0,0.0,0.6243319702103571,0.08939839684184825,0.0,0.6243319702103571,0.08939839684184825,0.0,0.0,0.0
133.20000000000002,12.992820398758465,0.6351900306459276,6.767891704067122,-1.960949716655364,forward_slouch,poor,False,90.39999999999914,0.005100792196618618,0.2550396098309309,0.5100792196618618,0.0,0.0,0.0,0.0,0.5100792196618618,0.07365809345047081,0.0,0.5100792196618618,0.07365809345047081,0.0,0.0,0.0
133.3,13.124027564642125,0.6759164626723164,6.77817332473124,-1.915117116390316,forward_slouch,poor,False,90.49999999999913,0.00416734722463741,0.20836736123187052,0.41673472246374105,0.0,0.0,0.0,0.0,0.41673472246374105,0.06059652701329166,0.0,0.41673472246374105,0.06059652701329166,0.0,0.0,0.0
133.4,13.204896644328915,0.6772284752065557,6.82567823411992,-1.7984216279915068,forward_slouch,poor,False,90.59999999999913,0.0034047226825287646,0.1702361341264382,0.3404722682528764,0.0,0.0,0.0,0.0,0.3404722682528764,0.04978864505034064,0.0,0.3404722682528764,0.04978864505034064,0.0,0.0,0.0
133.5,13.201113989804831,0.6247157020319752,6.832343247101105,-1.8132346075179728,forward_slouch,poor,False,90.69999999999912,0.0027816584316260004,0.1390829215813,0.2781658431626,0.0,0.0,0.0,0.0,0.2781658431626,0.04086637549971195,0.0,0.2781658431626,0.04086637549971195,0.0,0.0,0.0
133.6,13.067613852996061,0.6086435125055062,6.880110334901189,-1.7645041242965365,forward_slouch,poor,False,90.79999999999912,0.0022726149386384418,0.1136307469319221,0.2272614938638442,0.0,0.0,0.0,0.0,0.2272614938638442,0.03351473296804697,0.0,0.2272614938638442,0.03351473296804697,0.0,0.0,0.0
133.70000000000002,13.056200105413147,0.5779817131507158,6.930674472812544,-1.726307128838119,forward_slouch,poor,False,90.89999999999911,0.001856726404867607,0.09283632024338036,0.18567264048676071,0.0,0.0,0.0,0.0,0.18567264048676071,0.027466635465110523,0.0,0.18567264048676071,0.027466635465110523,0.0,0.0,0.0
133.8,13.06516609367348,0.5039566334256533,6.8795654327817,-1.698451134950131,forward_slouch,poor,False,90.9999999999991,0.001516945472776835,0.07584727363884175,0.1516945472776835,0.0,0.0,0.0,0.0,0.1516945472776835,0.022497258078387428,0.0,0.1516945472776835,0.022497258078387428,0.0,0.0,0.0
133.9,13.018152109372533,0.5453871367900259,6.936156239461088,-1.7202744512148815,forward_slouch,poor,False,91.0999999999991,0.0012393444512586744,0.06196722256293371,0.12393444512586742,0.0,0.0,0.0,0.0,0.12393444512586742,0.018418435436549196,0.0,0.12393444512586742,0.018418435436549196,0.0,0.0,0.0
134.0,12.964282301176569,0.5951073068347817,6.952800452911519,-1.7740448613415034,forward_slouch,poor,False,91.1999999999991,0.0010125444166783368,0.05062722083391684,0.10125444166783368,0.0,0.0,0.0,0.0,0.10125444166783368,0.015073407778007364,0.0,0.10125444166783368,0.015073407778007364,0.0,0.0,0.0
134.1,13.07207420178199,0.6330859431705287,6.916381660733859,-1.766145522819535,forward_slouch,poor,False,91.29999999999909,0.0008272487884262011,0.04136243942131006,0.08272487884262011,0.0,0.0,0.0,0.0,0.08272487884262011,0.012332060970645542,0.0,0.08272487884262011,0.012332060970645542,0.0,0.0,0.0
134.20000000000002,13.038094818754617,0.6569871972720043,6.961527950039746,-1.6787097027011724,forward_slouch,poor,False,91.39999999999908,0.0006758622601442064,0.033793113007210315,0.06758622601442063,0.0,0.0,0.0,0.0,0.06758622601442063,0.010086718269944006,0.0,0.06758622601442063,0.010086718269944006,0.0,0.0,0.0
134.3,13.079769419083657,0.7167068385984702,6.923376059087845,-1.6722701728718918,forward_slouch,poor,False,91.49999999999908,0.0005521794665378166,0.02760897332689083,0.05521794665378166,0.0,0.0,0.0,0.0,0.05521794665378166,0.008248485011827067,0.0,0.05521794665378166,0.008248485011827067,0.0,0.0,0.0
134.4,13.075622388649817,0.7845253354363024,6.890274710749748,-1.6416235447295608,forward_slouch,poor,False,91.59999999999907,0.0004511306241613961,0.022556531208069806,0.04511306241613961,0.0,0.0,0.0,0.0,0.04511306241613961,0.00674411505080208,0.0,0.04511306241613961,0.00674411505080208,0.0,0.0,0.0
134.5,13.121058158231529,0.8289432779424551,6.901619561833264,-1.5957983895785124,forward_slouch,poor,False,91.69999999999906,0.0003685737199398606,0.01842868599699303,0.03685737199398606,0.0,0.0,0.0,0.0,0.03685737199398606,0.005513351183256576,0.0,0.03685737199398606,0.005513351183256576,0.0,0.0,0.0
134.6,13.263074130547913,0.8073048676141164,6.977557073921741,-1.5323002555065852,forward_slouch,poor,False,91.79999999999906,0.00030112472919086616,0.015056236459543305,0.03011247291908661,0.0,0.0,0.0,0.0,0.03011247291908661,0.004506685217959827,0.0,0.03011247291908661,0.004506685217959827,0.0,0.0,0.0
134.70000000000002,13.21887767714417,0.8097152621736469,6.988506332638165,-1.47815976663303,forward_slouch,poor,False,91.89999999999905,0.0002460189037489376,0.01230094518744688,0.02460189037489376,0.0,0.0,0.0,0.0,0.02460189037489376,0.003683482827981921,0.0,0.02460189037489376,0.003683482827981921,0.0,0.0,0.0
134.8,13.283267561025461,0.898829758664876,6.9707562466491435,-1.6069365508006443,forward_slouch,poor,False,91.99999999999905,0.00020099744436288203,0.010049872218144101,0.020099744436288203,0.0,0.0,0.0,0.0,0.020099744436288203,0.003010421232744309,0.0,0.020099744436288203,0.003010421232744309,0.0,0.0,0.0
134.9,13.252428424504963,0.8457460040109929,6.971023634672985,-1.5605515888009434,forward_slouch,poor,False,92.09999999999904,0.00016421491204447465,0.008210745602223731,0.016421491204447462,0.0,0.0,0.0,0.0,0.016421491204447462,0.0024601924346064896,0.0,0.016421491204447462,0.0024601924346064896,0.0,0.0,0.0
135.0,13.103477017538948,0.8109972298439935,7.056514000362512,-1.563455075969191,forward_slouch,poor,False,92.19999999999904,0.00013416358314033577,0.006708179157016788,0.013416358314033577,0.0,0.0,0.0,0.0,0.013416358314033577,0.0020104301197759744,0.0,0.013416358314033577,0.0020104301197759744,0.0,0.0,0.0
135.1,13.32551976111395,0.8733826257292769,7.063761527154397,-1.6548912566681029,forward_slouch,poor,False,92.29999999999903,0.00010961164742565433,0.005480582371282716,0.010961164742565432,0.0,0.0,0.0,0.0,0.010961164742565432,0.0016428237966253922,0.0,0.010961164742565432,0.0016428237966253922,0.0,0.0,0.0
135.20000000000002,13.226965234249192,0.9171739652252423,7.030275602856854,-1.7683805994824426,forward_slouch,poor,True,92.39999999999903,0.0384961294147923,1.9248064707396149,3.8496129414792297,0.0,0.0,0.0,1.6,3.8496129414792297,0.438667547046531,1.6,3.8496129414792297,0.438667547046531,0.0,0.0,0.0
135.3,13.172454474747786,0.8402462059418448,7.0134823330712885,-1.719796793608432,forward_slouch,poor,False,92.49999999999902,0.031451337731885305,1.5725668865942652,3.1451337731885305,0.0,0.0,0.0,0.0,3.1451337731885305,0.3761030484383804,0.0,3.1451337731885305,0.3761030484383804,0.0,0.0,0.0
135.4,13.16763573079889,0.9026250612280807,7.0675900826597475,-1.7632155347546694,forward_slouch,poor,False,92.59999999999901,0.025695742926950295,1.2847871463475147,2.5695742926950293,0.0,0.0,0.0,0.0,2.5695742926950293,0.3198460734837747,0.0,2.5695742926950293,0.3198460734837747,0.0,0.0,0.0
135.5,13.12205399411112,0.8231548126539951,7.020270184138859,-1.7665315765113305,forward_slouch,poor,False,92.69999999999901,0.02099342197131839,1.0496710985659194,2.099342197131839,0.0,0.0,0.0,0.0,2.099342197131839,0.27013911359607057,0.0,2.099342197131839,0.27013911359607057,0.0,0.0,0.0
135.6,13.015362977370568,0.7319468513875843,6.938110124031214,-1.8062305327337593,forward_slouch,poor,False,92.799999999999,0.017151625750567123,0.8575812875283562,1.7151625750567123,0.0,0.0,0.0,0.0,1.7151625750567123,0.22684395873523366,0.0,1.7151625750567123,0.22684395873523366,0.0,0.0,0.0
135.70000000000002,13.001032338384512,0.6659410517357421,6.969434520916831,-1.8572336332298125,forward_slouch,poor,False,92.899999999999,0.014012878238213339,0.700643911910667,1.401287823821334,0.0,0.0,0.0,0.0,1.401287823821334,0.18957232236206767,0.0,1.401287823821334,0.18957232236206767,0.0,0.0,0.0
135.8,12.959441994849634,0.5274419320625052,6.984515467884443,-1.855819549751872,forward_slouch,poor,False,92.99999999999899,0.0114485215206203,0.5724260760310149,1.1448521520620298,0.0,0.0,0.0,0.0,1.1448521520620298,0.15779162811560654,0.0,1.1448521520620298,0.15779162811560654,0.0,0.0,0.0
135.9,13.012942255464804,0.6459417681479105,7.064097757799245,-1.8102728311647132,forward_slouch,poor,False,93.09999999999899,0.009353442082346784,0.46767210411733917,0.9353442082346783,0.0,0.0,0.0,0.0,0.9353442082346783,0.13090395065583071,0.0,0.9353442082346783,0.13090395065583071,0.0,0.0,0.0
136.0,13.110914527364507,0.5543244600335578,7.15217025904253,-1.8569620500754258,forward_slouch,poor,False,93.19999999999898,0.007641762181277322,0.3820881090638661,0.7641762181277322,0.0,0.0,0.0,0.0,0.7641762181277322,0.10830080866261793,0.0,0.7641762181277322,0.10830080866261793,0.0,0.0,0.0
136.1,13.125226669385606,0.4990223248885864,7.09158801873125,-1.9009064086319964,forward_slouch,poor,False,93.29999999999897,0.006243319702103571,0.31216598510517857,0.6243319702103571,0.0,0.0,0.0,0.0,0.6243319702103571,0.08939839684184825,0.0,0.6243319702103571,0.08939839684184825,0.0,0.0,0.0
136.20000000000002,13.280370525490813,0.4561952997759191,7.110485250499729,-1.912203906695799,forward_slouch,poor,False,93.39999999999897,0.005100792196618618,0.2550396098309309,0.5100792196618618,0.0,0.0,0.0,0.0,0.5100792196618618,0.07365809345047081,0.0,0.5100792196618618,0.07365809345047081,0.0,0.0,0.0
136.3,13.320259404153237,0.4290523493260583,6.956903629973447,-1.9330268929923429,forward_slouch,poor,False,93.49999999999896,0.00416734722463741,0.20836736123187052,0.41673472246374105,0.0,0.0,0.0,0.0,0.41673472246374105,0.06059652701329166,0.0,0.41673472246374105,0.06059652701329166,0.0,0.0,0.0
136.4,13.339144135035674,0.49017793763707684,6.977965795315885,-1.8420767049402584,forward_slouch,poor,False,93.59999999999896,0.0034047226825287646,0.1702361341264382,0.3404722682528764,0.0,0.0,0.0,0.0,0.3404722682528764,0.04978864505034064,0.0,0.3404722682528764,0.04978864505034064,0.0,0.0,0.0
136.5,13.422380765674582,0.4546610073276034,7.013393759769638,-1.931244653359304,forward_slouch,poor,False,93.69999999999895,0.0027816584316260004,0.1390829215813,0.2781658431626,0.0,0.0,0.0,0.0,0.2781658431626,0.04086637549971195,0.0,0.2781658431626,0.04086637549971195,0.0,0.0,0.0
136.6,13.425907483586805,0.40027276915917753,7.019950238452564,-1.8650940428454392,forward_slouch,poor,False,93.79999999999895,0.0022726149386384418,0.1136307469319221,0.2272614938638442,0.0,0.0,0.0,0.0,0.2272614938638442,0.03351473296804697,0.0,0.2272614938638442,0.03351473296804697,0.0,0.0,0.0
136.70000000000002,13.441316070496473,0.43509240078893635,7.058686125171376,-1.8932356097386533,forward_slouch,poor,False,93.89999999999894,0.001856726404867607,0.09283632024338036,0.18567264048676071,0.0,0.0,0.0,0.0,0.18567264048676071,0.027466635465110523,0.0,0.18567264048676071,0.027466635465110523,0.0,0.0,0.0
136.8,13.454112823906831,0.4043879063157591,7.1465004100044816,-1.924589957255501,forward_slouch,poor,False,93.99999999999893,0.001516945472776835,0.07584727363884175,0.1516945472776835,0.0,0.0,0.0,0.0,0.1516945472776835,0.022497258078387428,0.0,0.1516945472776835,0.022497258078387428,0.0,0.0,0.0
136.9,13.613090366819101,0.4616484870989783,7.126389048855554,-1.9881369976140773,forward_slouch,poor,False,94.09999999999893,0.0012393444512586744,0.06196722256293371,0.12393444512586742,0.0,0.0,0.0,0.0,0.12393444512586742,0.018418435436549196,0.0,0.12393444512586742,0.018418435436549196,0.0,0.0,0.0
137.0,13.575913634922538,0.493168034327085,7.176940154368671,-1.9712798439167785,forward_slouch,poor,False,94.19999999999892,0.0010125444166783368,0.05062722083391684,0.10125444166783368,0.0,0.0,0.0,0.0,0.10125444166783368,0.015073407778007364,0.0,0.10125444166783368,0.015073407778007364,0.0,0.0,0.0
137.1,13.66721380394194,0.5170018060931754,7.241809024324005,-1.9720139049759537,forward_slouch,poor,False,94.29999999999892,0.0008272487884262011,0.04136243942131006,0.08272487884262011,0.0,0.0,0.0,0.0,0.08272487884262011,0.012332060970645542,0.0,0.08272487884262011,0.012332060970645542,0.0,0.0,0.0
137.20000000000002,13.750976875485707,0.5037439306324782,7.289909289827443,-1.897742187085614,forward_slouch,poor,False,94.39999999999891,0.0006758622601442064,0.033793113007210315,0.06758622601442063,0.0,0.0,0.0,0.0,0.06758622601442063,0.010086718269944006,0.0,0.06758622601442063,0.010086718269944006,0.0,0.0,0.0
137.3,13.69921839271437,0.5042274976148863,7.3065591389404005,-1.8545913795296922,forward_slouch,poor,False,94.4999999999989,0.0005521794665378166,0.02760897332689083,0.05521794665378166,0.0,0.0,0.0,0.0,0.05521794665378166,0.008248485011827067,0.0,0.05521794665378166,0.008248485011827067,0.0,0.0,0.0
137.4,13.640400394199604,0.40545673318170294,7.32080913786722,-1.8347344726751962,forward_slouch,poor,False,94.5999999999989,0.0004511306241613961,0.022556531208069806,0.04511306241613961,0.0,0.0,0.0,0.0,0.04511306241613961,0.00674411505080208,0.0,0.04511306241613961,0.00674411505080208,0.0,0.0,0.0
137.5,13.57464445757212,0.41561464411716315,7.366790375576037,-1.870068830456409,forward_slouch,poor,False,94.6999999999989,0.0003685737199398606,0.01842868599699303,0.03685737199398606,0.0,0.0,0.0,0.0,0.03685737199398606,0.005513351183256576,0.0,0.03685737199398606,0.005513351183256576,0.0,0.0,0.0
137.6,13.536217108476807,0.43688837248937445,7.409076121677157,-1.8475475491705393,forward_slouch,poor,False,94.79999999999889,0.00030112472919086616,0.015056236459543305,0.03011247291908661,0.0,0.0,0.0,0.0,0.03011247291908661,0.004506685217959827,0.0,0.03011247291908661,0.004506685217959827,0.0,0.0,0.0
137.70000000000002,13.478206391863257,0.38713112877040334,7.433379570013207,-1.8490439536766998,forward_slouch,poor,False,94.89999999999888,0.0002460189037489376,0.01230094518744688,0.02460189037489376,0.0,0.0,0.0,0.0,0.02460189037489376,0.003683482827981921,0.0,0.02460189037489376,0.003683482827981921,0.0,0.0,0.0
137.8,13.567108790415146,0.3983262847088442,7.52302757388274,-1.7454680901985131,forward_slouch,poor,False,94.99999999999888,0.00020099744436288203,0.010049872218144101,0.020099744436288203,0.0,0.0,0.0,0.0,0.020099744436288203,0.003010421232744309,0.0,0.020099744436288203,0.003010421232744309,0.0,0.0,0.0
137.9,13.692975529960009,0.43695054011818285,7.505495496782853,-1.8088285155159745,forward_slouch,poor,False,95.09999999999887,0.00016421491204447465,0.008210745602223731,0.016421491204447462,0.0,0.0,0.0,0.0,0.016421491204447462,0.0024601924346064896,0.0,0.016421491204447462,0.0024601924346064896,0.0,0.0,0.0
138.0,13.759492595545446,0.45953661327460205,7.522576689395106,-1.8382949465667322,forward_slouch,poor,False,95.19999999999887,0.00013416358314033577,0.006708179157016788,0.013416358314033577,0.0,0.0,0.0,0.0,0.013416358314033577,0.0020104301197759744,0.0,0.013416358314033577,0.0020104301197759744,0.0,0.0,0.0
138.1,13.759939090475632,0.32844234534247685,7.463651860261147,-1.944954569754736,forward_slouch,poor,False,95.29999999999886,0.00010961164742565433,0.005480582371282716,0.010961164742565432,0.0,0.0,0.0,0.0,0.010961164742565432,0.0016428237966253922,0.0,0.010961164742565432,0.0016428237966253922,0.0,0.0,0.0
138.20000000000002,13.661376929446929,0.3963551143063517,7.441024937913514,-1.8689599074375025,forward_slouch,poor,True,95.39999999999885,0.0384961294147923,1.9248064707396149,3.8496129414792297,0.0,0.0,0.0,1.6,3.8496129414792297,0.438667547046531,1.6,3.8496129414792297,0.438667547046531,0.0,0.0,0.0
138.3,13.589627772756364,0.3630465326855543,7.432068369302898,-1.821446738489097,forward_slouch,poor,False,95.49999999999885,0.031451337731885305,1.5725668865942652,3.1451337731885305,0.0,0.0,0.0,0.0,3.1451337731885305,0.3761030484383804,0.0,3.1451337731885305,0.3761030484383804,0.0,0.0,0.0
138.4,13.491990724599818,0.3436113523712182,7.573581596741402,-1.7556081604910003,forward_slouch,poor,False,95.59999999999884,0.025695742926950295,1.2847871463475147,2.5695742926950293,0.0,0.0,0.0,0.0,2.5695742926950293,0.3198460734837747,0.0,2.5695742926950293,0.3198460734837747,0.0,0.0,0.0
138.5,13.671285903356221,0.30091672277806375,7.541523783500923,-1.7894537715839438,forward_slouch,poor,False,95.69999999999884,0.02099342197131839,1.0496710985659194,2.099342197131839,0.0,0.0,0.0,0.0,2.099342197131839,0.27013911359607057,0.0,2.099342197131839,0.27013911359607057,0.0,0.0,0.0
138.6,13.779744894200148,0.34536446574676843,7.503964820977968,-1.825895767373176,forward_slouch,poor,False,95.79999999999883,0.017151625750567123,0.8575812875283562,1.7151625750567123,0.0,0.0,0.0,0.0,1.7151625750567123,0.22684395873523366,0.0,1.7151625750567123,0.22684395873523366,0.0,0.0,0.0
138.70000000000002,13.705595976281428,0.34022810720196567,7.504826618108498,-1.7701461432683472,forward_slouch,poor,False,95.89999999999883,0.014012878238213339,0.700643911910667,1.401287823821334,0.0,0.0,0.0,0.0,1.401287823821334,0.18957232236206767,0.0,1.401287823821334,0.18957232236206767,0.0,0.0,0.0
138.8,13.625100983570036,0.3866781286229831,7.522050694185397,-1.8121363448342154,forward_slouch,poor,False,95.99999999999882,0.0114485215206203,0.5724260760310149,1.1448521520620298,0.0,0.0,0.0,0.0,1.1448521520620298,0.15779162811560654,0.0,1.1448521520620298,0.15779162811560654,0.0,0.0,0.0
138.9,13.47083390016345,0.40635422375610836,7.5246638141660505,-1.8406480684092712,forward_slouch,poor,False,96.09999999999881,0.009353442082346784,0.46767210411733917,0.9353442082346783,0.0,0.0,0.0,0.0,0.9353442082346783,0.13090395065583071,0.0,0.9353442082346783,0.13090395065583071,0.0,0.0,0.0
139.0,13.547875930915897,0.39666862810434417,7.583540430336824,-1.9133830930120144,forward_slouch,poor,False,96.19999999999881,0.007641762181277322,0.3820881090638661,0.7641762181277322,0.0,0.0,0.0,0.0,0.7641762181277322,0.10830080866261793,0.0,0.7641762181277322,0.10830080866261793,0.0,0.0,0.0
139.1,13.670195266790737,0.3651835569990099,7.668691149008428,-1.980037587034935,forward_slouch,poor,False,96.2999999999988,0.006243319702103571,0.31216598510517857,0.6243319702103571,0.0,0.0,0.0,0.0,0.6243319702103571,0.08939839684184825,0.0,0.6243319702103571,0.08939839684184825,0.0,0.0,0.0
139.20000000000002,13.641562808446936,0.3538015468295922,7.572154313916989,-1.9150779736155368,forward_slouch,poor,False,96.3999999999988,0.005100792196618618,0.2550396098309309,0.5100792196618618,0.0,0.0,0.0,0.0,0.5100792196618618,0.07365809345047081,0.0,0.5100792196618618,0.07365809345047081,0.0,0.0,0.0
139.3,13.627313761368326,0.3076705682727232,7.627034571985671,-2.014114256119067,forward_slouch,poor,False,96.49999999999879,0.00416734722463741,0.20836736123187052,0.41673472246374105,0.0,0.0,0.0,0.0,0.41673472246374105,0.06059652701329166,0.0,0.41673472246374105,0.06059652701329166,0.0,0.0,0.0
139.4,13.55561081128692,0.3579792094128715,7.662303191385267,-2.082980262705654,forward_slouch,poor,False,96.59999999999879,0.0034047226825287646,0.1702361341264382,0.3404722682528764,0.0,0.0,0.0,0.0,0.3404722682528764,0.04978864505034064,0.0,0.3404722682528764,0.04978864505034064,0.0,0.0,0.0
139.5,13.58655808693616,0.3924982744673163,7.677462305202602,-2.0583954748801023,forward_slouch,poor,False,96.69999999999878,0.0027816584316260004,0.1390829215813,0.2781658431626,0.0,0.0,0.0,0.0,0.2781658431626,0.04086637549971195,0.0,0.2781658431626,0.04086637549971195,0.0,0.0,0.0
139.6,13.527857491733776,0.4192504820622821,7.772784680957956,-2.041653100790233,forward_slouch,poor,False,96.79999999999878,0.0022726149386384418,0.1136307469319221,0.2272614938638442,0.0,0.0,0.0,0.0,0.2272614938638442,0.03351473296804697,0.0,0.2272614938638442,0.03351473296804697,0.0,0.0,0.0
139.70000000000002,13.600903164609889,0.44661068363872536,7.793739538008209,-2.0923549298543156,forward_slouch,poor,False,96.89999999999877,0.001856726404867607,0.09283632024338036,0.18567264048676071,0.0,0.0,0.0,0.0,0.18567264048676071,0.027466635465110523,0.0,0.18567264048676071,0.027466635465110523,0.0,0.0,0.0
139.8,13.759724194694773,0.4344684901977251,7.767929094333796,-2.0975743659887924,forward_slouch,poor,False,96.99999999999876,0.001516945472776835,0.07584727363884175,0.1516945472776835,0.0,0.0,0.0,0.0,0.1516945472776835,0.022497258078387428,0.0,0.1516945472776835,0.022497258078387428,0.0,0.0,0.0
139.9,13.789645788846716,0.47431540015193185,7.793061867418226,-2.0372934134520078,forward_slouch,poor,False,97.09999999999876,0.0012393444512586744,0.06196722256293371,0.12393444512586742,0.0,0.0,0.0,0.0,0.12393444512586742,0.018418435436549196,0.0,0.12393444512586742,0.018418435436549196,0.0,0.0,0.0
140.0,13.806246590454208,0.5544515381266041,7.772333081947443,-2.0316785837148172,forward_slouch,poor,False,97.19999999999875,0.0010125444166783368,0.05062722083391684,0.10125444166783368,0.0,0.0,0.0,0.0,0.10125444166783368,0.015073407778007364,0.0,0.10125444166783368,0.015073407778007364,0.0,0.0,0.0
140.1,13.951518958401744,0.6272681061786921,7.781289059777945,-2.0926868343603098,forward_slouch,poor,False,97.29999999999875,0.0008272487884262011,0.04136243942131006,0.08272487884262011,0.0,0.0,0.0,0.0,0.08272487884262011,0.012332060970645542,0.0,0.08272487884262011,0.012332060970645542,0.0,0.0,0.0
140.20000000000002,13.943205980156604,0.6400790823461197,7.8301585052714495,-2.1484426372382286,forward_slouch,poor,False,97.39999999999874,0.0006758622601442064,0.033793113007210315,0.06758622601442063,0.0,0.0,0.0,0.0,0.06758622601442063,0.010086718269944006,0.0,0.06758622601442063,0.010086718269944006,0.0,0.0,0.0
140.3,13.936159489128395,0.6861288805871613,7.87824141382199,-2.138596437173512,forward_slouch,poor,False,97.49999999999874,0.0005521794665378166,0.02760897332689083,0.05521794665378166,0.0,0.0,0.0,0.0,0.05521794665378166,0.008248485011827067,0.0,0.05521794665378166,0.008248485011827067,0.0,0.0,0.0
140.4,14.045230446776593,0.7128136515446652,7.871167592890031,-2.140711405189365,forward_slouch,poor,False,97.59999999999873,0.0004511306241613961,0.022556531208069806,0.04511306241613961,0.0,0.0,0.0,0.0,0.04511306241613961,0.00674411505080208,0.0,0.04511306241613961,0.00674411505080208,0.0,0.0,0.0
140.5,14.099671979664514,0.7850592163935501,7.875710919964944,-2.1510171376233047,forward_slouch,poor,False,97.69999999999872,0.0003685737199398606,0.01842868599699303,0.03685737199398606,0.0,0.0,0.0,0.0,0.03685737199398606,0.005513351183256576,0.0,0.03685737199398606,0.005513351183256576,0.0,0.0,0.0
140.6,14.085699022411552,0.8573584840029221,7.820423865972097,-2.1248621046672396,forward_slouch,poor,False,97.79999999999872,0.00030112472919086616,0.015056236459543305,0.03011247291908661,0.0,0.0,0.0,0.0,0.03011247291908661,0.004506685217959827,0.0,0.03011247291908661,0.004506685217959827,0.0,0.0,0.0
140.70000000000002,14.089375471652659,0.9126103780002294,7.877286477714433,-1.9918538669977726,forward_slouch,poor,False,97.89999999999871,0.0002460189037489376,0.01230094518744688,0.02460189037489376,0.0,0.0,0.0,0.0,0.02460189037489376,0.003683482827981921,0.0,0.02460189037489376,0.003683482827981921,0.0,0.0,0.0
140.8,14.214936682619747,1.0143863694194803,7.91001121188831,-1.935737891211187,forward_slouch,poor,False,97.9999999999987,0.00020099744436288203,0.010049872218144101,0.020099744436288203,0.0,0.0,0.0,0.0,0.020099744436288203,0.003010421232744309,0.0,0.020099744436288203,0.003010421232744309,0.0,0.0,0.0
140.9,14.281726927954905,0.9621644259641581,8.000548226088831,-1.9472951763771198,forward_slouch,poor,False,98.0999999999987,0.00016421491204447465,0.008210745602223731,0.016421491204447462,0.0,0.0,0.0,0.0,0.016421491204447462,0.0024601924346064896,0.0,0.016421491204447462,0.0024601924346064896,0.0,0.0,0.0
141.0,14.263543434751412,0.9344847641387738,7.949039815272126,-1.9748618143569014,forward_slouch,poor,False,98.1999999999987,0.00013416358314033577,0.006708179157016788,0.013416358314033577,0.0,0.0,0.0,0.0,0.013416358314033577,0.0020104301197759744,0.0,0.013416358314033577,0.0020104301197759744,0.0,0.0,0.0
141.1,14.35241201361665,0.9498507630783889,8.014017918554687,-2.004230866189345,forward_slouch,poor,False,98.29999999999869,0.00010961164742565433,0.005480582371282716,0.010961164742565432,0.0,0.0,0.0,0.0,0.010961164742565432,0.0016428237966253922,0.0,0.010961164742565432,0.0016428237966253922,0.0,0.0,0.0
141.20000000000002,14.24768359566608,0.9510791311461042,7.8268581590593875,-1.924123384852159,forward_slouch,poor,True,98.39999999999868,0.0384961294147923,1.9248064707396149,3.8496129414792297,0.0,0.0,0.0,1.6,3.8496129414792297,0.438667547046531,1.6,3.8496129414792297,0.438667547046531,0.0,0.0,0.0
141.3,14.243622536651017,0.9263431656942214,7.720873164119866,-1.946788098035481,forward_slouch,poor,False,98.49999999999868,0.031451337731885305,1.5725668865942652,3.1451337731885305,0.0,0.0,0.0,0.0,3.1451337731885305,0.3761030484383804,0.0,3.1451337731885305,0.3761030484383804,0.0,0.0,0.0
141.4,14.148257132916244,0.8965378771632678,7.662306310190901,-1.9180674822249257,forward_slouch,poor,False,98.59999999999867,0.025695742926950295,1.2847871463475147,2.5695742926950293,0.0,0.0,0.0,0.0,2.5695742926950293,0.3198460734837747,0.0,2.5695742926950293,0.3198460734837747,0.0,0.0,0.0
141.5,14.12471783443977,0.9359377237625222,7.595101588588163,-2.0336838861995488,forward_slouch,poor,False,98.69999999999867,0.02099342197131839,1.0496710985659194,2.099342197131839,0.0,0.0,0.0,0.0,2.099342197131839,0.27013911359607057,0.0,2.099342197131839,0.27013911359607057,0.0,0.0,0.0
141.6,14.02351418342593,1.045355820327805,7.595618856455581,-1.97574208621902,forward_slouch,poor,False,98.79999999999866,0.017151625750567123,0.8575812875283562,1.7151625750567123,0.0,0.0,0.0,0.0,1.7151625750567123,0.22684395873523366,0.0,1.7151625750567123,0.22684395873523366,0.0,0.0,0.0
141.70000000000002,13.912914729982965,0.9709246282908814,7.580280663825576,-1.9295818608381623,forward_slouch,poor,False,98.89999999999866,0.014012878238213339,0.700643911910667,1.401287823821334,0.0,0.0,0.0,0.0,1.401287823821334,0.18957232236206767,0.0,1.401287823821334,0.18957232236206767,0.0,0.0,0.0
141.8,13.888704337326104,1.0270301193187528,7.603421757349455,-1.7739796202929978,forward_slouch,poor,False,98.99999999999865,0.0114485215206203,0.5724260760310149,1.1448521520620298,0.0,0.0,0.0,0.0,1.1448521520620298,0.15779162811560654,0.0,1.1448521520620298,0.15779162811560654,0.0,0.0,0.0
141.9,13.94668173123739,0.96308263750915,7.551948794326651,-1.8616184148880062,forward_slouch,poor,False,99.09999999999864,0.009353442082346784,0.46767210411733917,0.9353442082346783,0.0,0.0,0.0,0.0,0.9353442082346783,0.13090395065583071,0.0,0.9353442082346783,0.13090395065583071,0.0,0.0,0.0
142.0,13.963979798064715,0.8947349464610356,7.499817971611189,-1.9423025122796151,forward_slouch,poor,False,99.19999999999864,0.007641762181277322,0.3820881090638661,0.7641762181277322,0.0,0.0,0.0,0.0,0.7641762181277322,0.10830080866261793,0.0,0.7641762181277322,0.10830080866261793,0.0,0.0,0.0
142.1,13.95670626525827,0.9482795159541948,7.575708815787915,-1.9755787484166736,forward_slouch,poor,False,99.29999999999863,0.006243319702103571,0.31216598510517857,0.6243319702103571,0.0,0.0,0.0,0.0,0.6243319702103571,0.08939839684184825,0.0,0.6243319702103571,0.08939839684184825,0.0,0.0,0.0
142.20000000000002,14.113790428467345,0.9749871152059811,7.652378050526292,-2.069572019993899,forward_slouch,poor,False,99.39999999999863,0.005100792196618618,0.2550396098309309,0.5100792196618618,0.0,0.0,0.0,0.0,0.5100792196618618,0.07365809345047081,0.0,0.5100792196618618,0.07365809345047081,0.0,0.0,0.0
142.3,14.009962165701829,0.9684366168984744,7.611869711474185,-2.077874038637704,forward_slouch,poor,False,99.49999999999862,0.00416734722463741,0.20836736123187052,0.41673472246374105,0.0,0.0,0.0,0.0,0.41673472246374105,0.06059652701329166,0.0,0.41673472246374105,0.06059652701329166,0.0,0.0,0.0
142.4,14.042856069297866,1.0408043985880508,7.572933106040914,-2.0779701422848187,forward_slouch,poor,False,99.59999999999862,0.0034047226825287646,0.1702361341264382,0.3404722682528764,0.0,0.0,0.0,0.0,0.3404722682528764,0.04978864505034064,0.0,0.3404722682528764,0.04978864505034064,0.0,0.0,0.0
142.5,14.119445314248217,0.9989727446620522,7.610810113501016,-2.0835957857818412,forward_slouch,poor,False,99.69999999999861,0.0027816584316260004,0.1390829215813,0.2781658431626,0.0,0.0,0.0,0.0,0.2781658431626,0.04086637549971195,0.0,0.2781658431626,0.04086637549971195,0.0,0.0,0.0
142.6,14.250402710038491,1.070238789005079,7.63708468457356,-2.000912957292659,forward_slouch,poor,False,99.7999999999986,0.0022726149386384418,0.1136307469319221,0.2272614938638442,0.0,0.0,0.0,0.0,0.2272614938638442,0.03351473296804697,0.0,0.2272614938638442,0.03351473296804697,0.0,0.0,0.0
142.70000000000002,14.239309523338123,1.0504512507821415,7.618496929742859,-1.9720270124102115,forward_slouch,poor,False,99.8999999999986,0.001856726404867607,0.09283632024338036,0.18567264048676071,0.0,0.0,0.0,0.0,0.18567264048676071,0.027466635465110523,0.0,0.18567264048676071,0.027466635465110523,0.0,0.0,0.0
142.8,14.187560184489556,1.0566667446981226,7.571551823649126,-1.926140819572638,forward_slouch,poor,False,99.9999999999986,0.001516945472776835,0.07584727363884175,0.1516945472776835,0.0,0.0,0.0,0.0,0.1516945472776835,0.022497258078387428,0.0,0.1516945472776835,0.022497258078387428,0.0,0.0,0.0
142.9,14.236540295182412,1.1086690968739954,7.66359336698371,-1.9910767702222631,forward_slouch,poor,False,100.09999999999859,0.0012393444512586744,0.06196722256293371,0.12393444512586742,0.0,0.0,0.0,0.0,0.12393444512586742,0.018418435436549196,0.0,0.12393444512586742,0.018418435436549196,0.0,0.0,0.0
143.0,14.347709270586506,1.100481530825562,7.756226706053237,-2.015848392796066,forward_slouch,poor,False,100.19999999999858,0.0010125444166783368,0.05062722083391684,0.10125444166783368,0.0,0.0,0.0,0.0,0.10125444166783368,0.015073407778007364,0.0,0.10125444166783368,0.015073407778007364,0.0,0.0,0.0
143.1,14.303662835424777,1.0464255077393771,7.811417285271293,-2.0257331226769715,forward_slouch,poor,False,100.29999999999858,0.0008272487884262011,0.04136243942131006,0.08272487884262011,0.0,0.0,0.0,0.0,0.08272487884262011,0.012332060970645542,0.0,0.08272487884262011,0.012332060970645542,0.0,0.0,0.0
143.20000000000002,14.277923693610445,1.0388326926217666,7.7398922419505105,-1.9962371688683302,forward_slouch,poor,False,100.39999999999857,0.0006758622601442064,0.033793113007210315,0.06758622601442063,0.0,0.0,0.0,0.0,0.06758622601442063,0.010086718269944006,0.0,0.06758622601442063,0.010086718269944006,0.0,0.0,0.0
143.3,14.090262314428719,1.0089134473133976,7.720684972747349,-1.998860881819631,forward_slouch,poor,False,100.49999999999856,0.0005521794665378166,0.02760897332689083,0.05521794665378166,0.0,0.0,0.0,0.0,0.05521794665378166,0.008248485011827067,0.0,0.05521794665378166,0.008248485011827067,0.0,0.0,0.0
143.4,14.197891681647645,1.0222856798573894,7.726798901462334,-2.0688241719614666,forward_slouch,poor,False,100.59999999999856,0.0004511306241613961,0.022556531208069806,0.04511306241613961,0.0,0.0,0.0,0.0,0.04511306241613961,0.00674411505080208,0.0,0.04511306241613961,0.00674411505080208,0.0,0.0,0.0
143.5,14.198341750254404,1.005813193197815,7.686706266610578,-1.9506776047509895,forward_slouch,poor,False,100.69999999999855,0.0003685737199398606,0.01842868599699303,0.03685737199398606,0.0,0.0,0.0,0.0,0.03685737199398606,0.005513351183256576,0.0,0.03685737199398606,0.005513351183256576,0.0,0.0,0.0
143.6,14.284206532783797,1.0463532760232381,7.7460014387367915,-1.9962542790711515,forward_slouch,poor,False,100.79999999999855,0.00030112472919086616,0.015056236459543305,0.03011247291908661,0.0,0.0,0.0,0.0,0.03011247291908661,0.004506685217959827,0.0,0.03011247291908661,0.004506685217959827,0.0,0.0,0.0
143.70000000000002,14.297536233172536,1.0475837810611444,7.84512528599214,-2.0146273109148467,forward_slouch,poor,False,100.89999999999854,0.0002460189037489376,0.01230094518744688,0.02460189037489376,0.0,0.0,0.0,0.0,0.02460189037489376,0.003683482827981921,0.0,0.02460189037489376,0.003683482827981921,0.0,0.0,0.0
143.8,14.302248396290059,1.0835896307774429,7.849264313605783,-2.1006065322014393,forward_slouch,poor,False,100.99999999999854,0.00020099744436288203,0.010049872218144101,0.020099744436288203,0.0,0.0,0.0,0.0,0.020099744436288203,0.003010421232744309,0.0,0.020099744436288203,0.003010421232744309,0.0,0.0,0.0
143.9,14.383123761405324,1.0497787737211326,7.729858694502391,-1.9692022266316658,forward_slouch,poor,False,101.09999999999853,0.00016421491204447465,0.008210745602223731,0.016421491204447462,0.0,0.0,0.0,0.0,0.016421491204447462,0.0024601924346064896,0.0,0.016421491204447462,0.0024601924346064896,0.0,0.0,0.0
144.0,14.508493065026414,0.9347934055544196,7.6946658337335885,-1.8794382234543225,forward_slouch,poor,False,101.19999999999852,0.00013416358314033577,0.006708179157016788,0.013416358314033577,0.0,0.0,0.0,0.0,0.013416358314033577,0.0020104301197759744,0.0,0.013416358314033577,0.0020104301197759744,0.0,0.0,0.0
144.1,14.639794058920502,0.8529230772196656,7.796280228083893,-1.9263431479087547,forward_slouch,poor,False,101.29999999999852,0.00010961164742565433,0.005480582371282716,0.010961164742565432,0.0,0.0,0.0,0.0,0.010961164742565432,0.0016428237966253922,0.0,0.010961164742565432,0.0016428237966253922,0.0,0.0,0.0
144.20000000000002,14.566324708040959,0.8377591794979304,7.617780385585748,-1.8245341187799773,forward_slouch,poor,True,101.39999999999851,0.0384961294147923,1.9248064707396149,3.8496129414792297,0.0,0.0,0.0,1.6,3.8496129414792297,0.438667547046531,1.6,3.8496129414792297,0.438667547046531,0.0,0.0,0.0
144.3,14.528923298290904,0.8084974856768512,7.578964349954589,-1.8332820029195083,forward_slouch,poor,False,101.49999999999851,0.031451337731885305,1.5725668865942652,3.1451337731885305,0.0,0.0,0.0,0.0,3.1451337731885305,0.3761030484383804,0.0,3.1451337731885305,0.3761030484383804,0.0,0.0,0.0
144.4,14.377531119579315,0.7654362780081463,7.463965993470373,-1.784241794029142,forward_slouch,poor,False,101.5999999999985,0.025695742926950295,1.2847871463475147,2.5695742926950293,0.0,0.0,0.0,0.0,2.5695742926950293,0.3198460734837747,0.0,2.5695742926950293,0.3198460734837747,0.0,0.0,0.0
144.5,14.387144933486404,0.805266400982435,7.4650139389545345,-1.7761546898399563,forward_slouch,poor,False,101.6999999999985,0.02099342197131839,1.0496710985659194,2.099342197131839,0.0,0.0,0.0,0.0,2.099342197131839,0.27013911359607057,0.0,2.099342197131839,0.27013911359607057,0.0,0.0,0.0
144.6,14.239159152669119,0.8616140902551882,7.4347028123720245,-1.8551573846383667,forward_slouch,poor,False,101.79999999999849,0.017151625750567123,0.8575812875283562,1.7151625750567123,0.0,0.0,0.0,0.0,1.7151625750567123,0.22684395873523366,0.0,1.7151625750567123,0.22684395873523366,0.0,0.0,0.0
144.70000000000002,14.194472220120714,0.8499127601758919,7.3892316181619115,-1.9355749389633823,forward_slouch,poor,False,101.89999999999849,0.014012878238213339,0.700643911910667,1.401287823821334,0.0,0.0,0.0,0.0,1.401287823821334,0.18957232236206767,0.0,1.401287823821334,0.18957232236206767,0.0,0.0,0.0
144.8,14.257668187642771,0.8824802197942921,7.399679245770555,-1.8944369534411487,forward_slouch,poor,False,101.99999999999848,0.0114485215206203,0.5724260760310149,1.1448521520620298,0.0,0.0,0.0,0.0,1.1448521520620298,0.15779162811560654,0.0,1.1448521520620298,0.15779162811560654,0.0,0.0,0.0
144.9,14.199994524689771,0.8547649962170806,7.348988192395838,-1.9563339660326773,forward_slouch,poor,False,102.09999999999847,0.009353442082346784,0.46767210411733917,0.9353442082346783,0.0,0.0,0.0,0.0,0.9353442082346783,0.13090395065583071,0.0,0.9353442082346783,0.13090395065583071,0.0,0.0,0.0
145.0,14.114160890157637,0.8507542644717022,7.389739367294278,-1.9727774608615674,forward_slouch,poor,False,102.19999999999847,0.007641762181277322,0.3820881090638661,0.7641762181277322,0.0,0.0,0.0,0.0,0.7641762181277322,0.10830080866261793,0.0,0.7641762181277322,0.10830080866261793,0.0,0.0,0.0
145.1,14.148264964303584,0.8083997227268277,7.473171272755701,-1.9479044502353389,forward_slouch,poor,False,102.29999999999846,0.006243319702103571,0.31216598510517857,0.6243319702103571,0.0,0.0,0.0,0.0,0.6243319702103571,0.08939839684184825,0.0,0.6243319702103571,0.08939839684184825,0.0,0.0,0.0
145.20000000000002,14.200946896835996,0.7269715849400924,7.48808079876457,-1.942189625371045,forward_slouch,poor,False,102.39999999999846,0.005100792196618618,0.2550396098309309,0.5100792196618618,0.0,0.0,0.0,0.0,0.5100792196618618,0.07365809345047081,0.0,0.5100792196618618,0.07365809345047081,0.0,0.0,0.0
145.3,14.190657409401112,0.7145617956427263,7.429444611803699,-1.9606161141507958,forward_slouch,poor,False,102.49999999999845,0.00416734722463741,0.20836736123187052,0.41673472246374105,0.0,0.0,0.0,0.0,0.41673472246374105,0.06059652701329166,0.0,0.41673472246374105,0.06059652701329166,0.0,0.0,0.0
145.4,14.145165690189602,0.7636433960970452,7.4000284700569665,-1.9187548548494469,forward_slouch,poor,False,102.59999999999845,0.0034047226825287646,0.1702361341264382,0.3404722682528764,0.0,0.0,0.0,0.0,0.3404722682528764,0.04978864505034064,0.0,0.3404722682528764,0.04978864505034064,0.0,0.0,0.0
145.5,14.191091802517425,0.8088262396355707,7.426920116908209,-1.9288937362750225,forward_slouch,poor,False,102.69999999999844,0.0027816584316260004,0.1390829215813,0.2781658431626,0.0,0.0,0.0,0.0,0.2781658431626,0.04086637549971195,0.0,0.2781658431626,0.04086637549971195,0.0,0.0,0.0
145.6,14.101273398579474,0.7315465742644242,7.404535484619398,-1.8795387915137192,forward_slouch,poor,False,102.79999999999843,0.0022726149386384418,0.1136307469319221,0.2272614938638442,0.0,0.0,0.0,0.0,0.2272614938638442,0.03351473296804697,0.0,0.2272614938638442,0.03351473296804697,0.0,0.0,0.0
145.70000000000002,14.064922974856117,0.7148069492550548,7.4402123137778435,-1.8730018706816116,forward_slouch,poor,False,102.89999999999843,0.001856726404867607,0.09283632024338036,0.18567264048676071,0.0,0.0,0.0,0.0,0.18567264048676071,0.027466635465110523,0.0,0.18567264048676071,0.027466635465110523,0.0,0.0,0.0
145.8,13.907123677848594,0.780260370889249,7.537251097206394,-1.874696501725699,forward_slouch,poor,False,102.99999999999842,0.001516945472776835,0.07584727363884175,0.1516945472776835,0.0,0.0,0.0,0.0,0.1516945472776835,0.022497258078387428,0.0,0.1516945472776835,0.022497258078387428,0.0,0.0,0.0
145.9,13.873806785472999,0.8937923671854583,7.581144386915645,-1.7951561007681884,forward_slouch,poor,False,103.09999999999842,0.0012393444512586744,0.06196722256293371,0.12393444512586742,0.0,0.0,0.0,0.0,0.12393444512586742,0.018418435436549196,0.0,0.12393444512586742,0.018418435436549196,0.0,0.0,0.0
146.0,14.098682755214,0.8451860234552094,7.602260448375363,-1.7703678745816676,forward_slouch,poor,False,103.19999999999841,0.0010125444166783368,0.05062722083391684,0.10125444166783368,0.0,0.0,0.0,0.0,0.10125444166783368,0.015073407778007364,0.0,0.10125444166783368,0.015073407778007364,0.0,0.0,0.0
146.1,13.98435952198551,0.8966798995886062,7.611520219949254,-1.7466980327584456,forward_slouch,poor,False,103.2999999999984,0.0008272487884262011,0.04136243942131006,0.08272487884262011,0.0,0.0,0.0,0.0,0.08272487884262011,0.012332060970645542,0.0,0.08272487884262011,0.012332060970645542,0.0,0.0,0.0
146.20000000000002,14.008264806024494,0.898153874290168,7.567603776226171,-1.7786818187976214,forward_slouch,poor,False,103.3999999999984,0.0006758622601442064,0.033793113007210315,0.06758622601442063,0.0,0.0,0.0,0.0,0.06758622601442063,0.010086718269944006,0.0,0.06758622601442063,0.010086718269944006,0.0,0.0,0.0
146.3,13.93986376041012,0.9191812689641657,7.557076215294417,-1.7392360073202164,forward_slouch,poor,False,103.4999999999984,0.0005521794665378166,0.02760897332689083,0.05521794665378166,0.0,0.0,0.0,0.0,0.05521794665378166,0.008248485011827067,0.0,0.05521794665378166,0.008248485011827067,0.0,0.0,0.0
146.4,14.051087210865333,0.9980045989112666,7.600306032871038,-1.7914840344711964,forward_slouch,poor,False,103.59999999999839,0.0004511306241613961,0.022556531208069806,0.04511306241613961,0.0,0.0,0.0,0.0,0.04511306241613961,0.00674411505080208,0.0,0.04511306241613961,0.00674411505080208,0.0,0.0,0.0
146.5,14.049342867922403,1.0915352636621005,7.591175200394687,-1.744589387776659,forward_slouch,poor,False,103.69999999999838,0.0003685737199398606,0.01842868599699303,0.03685737199398606,0.0,0.0,0.0,0.0,0.03685737199398606,0.005513351183256576,0.0,0.03685737199398606,0.005513351183256576,0.0,0.0,0.0
146.6,14.22268943884261,1.1673548534923,7.674022267742237,-1.7304588685283881,forward_slouch,poor,False,103.79999999999838,0.00030112472919086616,0.015056236459543305,0.03011247291908661,0.0,0.0,0.0,0.0,0.03011247291908661,0.004506685217959827,0.0,0.03011247291908661,0.004506685217959827,0.0,0.0,0.0
146.70000000000002,14.327179347004266,1.130969484255109,7.72873763584533,-1.7157206458150531,forward_slouch,poor,False,103.89999999999837,0.0002460189037489376,0.01230094518744688,0.02460189037489376,0.0,0.0,0.0,0.0,0.02460189037489376,0.003683482827981921,0.0,0.02460189037489376,0.003683482827981921,0.0,0.0,0.0
146.8,14.371255875372485,1.1079209023100027,7.630460121316172,-1.690171887497542,forward_slouch,poor,False,103.99999999999837,0.00020099744436288203,0.010049872218144101,0.020099744436288203,0.0,0.0,0.0,0.0,0.020099744436288203,0.003010421232744309,0.0,0.020099744436288203,0.003010421232744309,0.0,0.0,0.0
146.9,14.448704327662915,1.1579009830048272,7.605494837721174,-1.536648559597785,forward_slouch,poor,False,104.09999999999836,0.00016421491204447465,0.008210745602223731,0.016421491204447462,0.0,0.0,0.0,0.0,0.016421491204447462,0.0024601924346064896,0.0,0.016421491204447462,0.0024601924346064896,0.0,0.0,0.0
147.0,14.613045970218367,1.1725840958420264,7.67017939282771,-1.4974377505823608,forward_slouch,poor,False,104.19999999999835,0.00013416358314033577,0.006708179157016788,0.013416358314033577,0.0,0.0,0.0,0.0,0.013416358314033577,0.0020104301197759744,0.0,0.013416358314033577,0.0020104301197759744,0.0,0.0,0.0
147.1,14.721515049600269,1.205132144175738,7.729199939121767,-1.5169453905665722,forward_slouch,poor,False,104.29999999999835,0.00010961164742565433,0.005480582371282716,0.010961164742565432,0.0,0.0,0.0,0.0,0.010961164742565432,0.0016428237966253922,0.0,0.010961164742565432,0.0016428237966253922,0.0,0.0,0.0
147.20000000000002,14.65622728991586,1.164934116438684,7.679710434872731,-1.5599245905750834,forward_slouch,poor,True,104.39999999999834,0.0384961294147923,1.9248064707396149,3.8496129414792297,0.0,0.0,0.0,1.6,3.8496129414792297,0.438667547046531,1.6,3.8496129414792297,0.438667547046531,0.0,0.0,0.0
147.3,14.41700463374414,1.1383757020676237,7.710563567740691,-1.5319105243811009,forward_slouch,poor,False,104.49999999999834,0.031451337731885305,1.5725668865942652,3.1451337731885305,0.0,0.0,0.0,0.0,3.1451337731885305,0.3761030484383804,0.0,3.1451337731885305,0.3761030484383804,0.0,0.0,0.0
147.4,14.332497142490737,1.1259101572425254,7.658001598406303,-1.5762353074407163,forward_slouch,poor,False,104.59999999999833,0.025695742926950295,1.2847871463475147,2.5695742926950293,0.0,0.0,0.0,0.0,2.5695742926950293,0.3198460734837747,0.0,2.5695742926950293,0.3198460734837747,0.0,0.0,0.0
147.5,14.207839585688426,1.1520582716067818,7.588904288432917,-1.4823221032481453,forward_slouch,poor,False,104.69999999999833,0.02099342197131839,1.0496710985659194,2.099342197131839,0.0,0.0,0.0,0.0,2.099342197131839,0.27013911359607057,0.0,2.099342197131839,0.27013911359607057,0.0,0.0,0.0
147.6,14.090695312755226,1.1998554459220525,7.497528477115979,-1.5707281251670322,forward_slouch,poor,False,104.79999999999832,0.017151625750567123,0.8575812875283562,1.7151625750567123,0.0,0.0,0.0,0.0,1.7151625750567123,0.22684395873523366,0.0,1.7151625750567123,0.22684395873523366,0.0,0.0,0.0
147.70000000000002,13.965698370806363,1.2107315673688046,7.4713277257354855,-1.4097226851917193,forward_slouch,poor,False,104.89999999999831,0.014012878238213339,0.700643911910667,1.401287823821334,0.0,0.0,0.0,0.0,1.401287823821334,0.18957232236206767,0.0,1.401287823821334,0.18957232236206767,0.0,0.0,0.0
147.8,13.817391460980236,1.2293111120619897,7.570151424608578,-1.3010171197169382,forward_slouch,poor,False,104.99999999999831,0.0114485215206203,0.5724260760310149,1.1448521520620298,0.0,0.0,0.0,0.0,1.1448521520620298,0.15779162811560654,0.0,1.1448521520620298,0.15779162811560654,0.0,0.0,0.0
147.9,13.91747067857361,1.2686906745472808,7.617938530367776,-1.3872157020138411,forward_slouch,poor,False,105.0999999999983,0.009353442082346784,0.46767210411733917,0.9353442082346783,0.0,0.0,0.0,0.0,0.9353442082346783,0.13090395065583071,0.0,0.9353442082346783,0.13090395065583071,0.0,0.0,0.0
148.0,13.901210375131592,1.2797053269915648,7.594438274257542,-1.4047995593411544,forward_slouch,poor,False,105.1999999999983,0.007641762181277322,0.3820881090638661,0.7641762181277322,0.0,0.0,0.0,0.0,0.7641762181277322,0.10830080866261793,0.0,0.7641762181277322,0.10830080866261793,0.0,0.0,0.0
148.1,13.866612760582754,1.258867420050369,7.55511621711568,-1.532452215638762,forward_slouch,poor,False,105.29999999999829,0.006243319702103571,0.31216598510517857,0.6243319702103571,0.0,0.0,0.0,0.0,0.6243319702103571,0.08939839684184825,0.0,0.6243319702103571,0.08939839684184825,0.0,0.0,0.0
148.20000000000002,13.841052819935376,1.2235717862390052,7.559944048067817,-1.5006428819764506,forward_slouch,poor,False,105.39999999999829,0.005100792196618618,0.2550396098309309,0.5100792196618618,0.0,0.0,0.0,0.0,0.5100792196618618,0.07365809345047081,0.0,0.5100792196618618,0.07365809345047081,0.0,0.0,0.0
148.3,13.84751681589904,1.333518366670661,7.547743469002373,-1.5831977960242714,forward_slouch,poor,False,105.49999999999828,0.00416734722463741,0.20836736123187052,0.41673472246374105,0.0,0.0,0.0,0.0,0.41673472246374105,0.06059652701329166,0.0,0.41673472246374105,0.06059652701329166,0.0,0.0,0.0
148.4,13.955366564260334,1.3403468722628102,7.67012536134589,-1.6799508388851982,forward_slouch,poor,False,105.59999999999827,0.0034047226825287646,0.1702361341264382,0.3404722682528764,0.0,0.0,0.0,0.0,0.3404722682528764,0.04978864505034064,0.0,0.3404722682528764,0.04978864505034064,0.0,0.0,0.0
148.5,13.926292943735817,1.3015190075429477,7.5986911815332965,-1.5854715077008508,forward_slouch,poor,False,105.69999999999827,0.0027816584316260004,0.1390829215813,0.2781658431626,0.0,0.0,0.0,0.0,0.2781658431626,0.04086637549971195,0.0,0.2781658431626,0.04086637549971195,0.0,0.0,0.0
148.6,13.970517591909204,1.3154229034454397,7.594215326878209,-1.5721778726266902,forward_slouch,poor,False,105.79999999999826,0.0022726149386384418,0.1136307469319221,0.2272614938638442,0.0,0.0,0.0,0.0,0.2272614938638442,0.03351473296804697,0.0,0.2272614938638442,0.03351473296804697,0.0,0.0,0.0
148.70000000000002,14.053132586548081,1.3936760633260412,7.660036307338831,-1.6108904768002148,forward_slouch,poor,False,105.89999999999826,0.001856726404867607,0.09283632024338036,0.18567264048676071,0.0,0.0,0.0,0.0,0.18567264048676071,0.027466635465110523,0.0,0.18567264048676071,0.027466635465110523,0.0,0.0,0.0
148.8,14.020026432758941,1.3139442206359402,7.675336165762746,-1.5752187923374965,forward_slouch,poor,False,105.99999999999825,0.001516945472776835,0.07584727363884175,0.1516945472776835,0.0,0.0,0.0,0.0,0.1516945472776835,0.022497258078387428,0.0,0.1516945472776835,0.022497258078387428,0.0,0.0,0.0
148.9,13.954369846878881,1.3059275920366473,7.785112277663222,-1.5374560277131628,forward_slouch,poor,False,106.09999999999825,0.0012393444512586744,0.06196722256293371,0.12393444512586742,0.0,0.0,0.0,0.0,0.12393444512586742,0.018418435436549196,0.0,0.12393444512586742,0.018418435436549196,0.0,0.0,0.0
149.0,13.895994000012793,1.2921219477153927,7.777160425642484,-1.4358740414353415,forward_slouch,poor,False,106.19999999999824,0.0010125444166783368,0.05062722083391684,0.10125444166783368,0.0,0.0,0.0,0.0,0.10125444166783368,0.015073407778007364,0.0,0.10125444166783368,0.015073407778007364,0.0,0.0,0.0
149.1,14.050839951075414,1.1729406237074986,7.820932322266138,-1.5397695008109515,forward_slouch,poor,False,106.29999999999824,0.0008272487884262011,0.04136243942131006,0.08272487884262011,0.0,0.0,0.0,0.0,0.08272487884262011,0.012332060970645542,0.0,0.08272487884262011,0.012332060970645542,0.0,0.0,0.0
149.20000000000002,14.002533803039272,1.144277425391505,7.844545822498386,-1.5502304396254414,forward_slouch,poor,False,106.39999999999823,0.0006758622601442064,0.033793113007210315,0.06758622601442063,0.0,0.0,0.0,0.0,0.06758622601442063,0.010086718269944006,0.0,0.06758622601442063,0.010086718269944006,0.0,0.0,0.0
149.3,13.88134497227175,1.1231390986834824,7.903533708328246,-1.5595000835232506,forward_slouch,poor,False,106.49999999999822,0.0005521794665378166,0.02760897332689083,0.05521794665378166,0.0,0.0,0.0,0.0,0.05521794665378166,0.008248485011827067,0.0,0.05521794665378166,0.008248485011827067,0.0,0.0,0.0
149.4,14.00183589394456,1.1319813419320823,7.952623270718673,-1.6239498070235865,forward_slouch,poor,False,106.59999999999822,0.0004511306241613961,0.022556531208069806,0.04511306241613961,0.0,0.0,0.0,0.0,0.04511306241613961,0.00674411505080208,0.0,0.04511306241613961,0.00674411505080208,0.0,0.0,0.0
149.5,14.00397463988174,1.0901054600330702,7.922318934778494,-1.7256622599390086,forward_slouch,poor,False,106.69999999999821,0.0003685737199398606,0.01842868599699303,0.03685737199398606,0.0,0.0,0.0,0.0,0.03685737199398606,0.005513351183256576,0.0,0.03685737199398606,0.005513351183256576,0.0,0.0,0.0
149.6,14.154643364013662,1.093062352505262,7.936065674976674,-1.7160487177456403,forward_slouch,poor,False,106.7999999999982,0.00030112472919086616,0.015056236459543305,0.03011247291908661,0.0,0.0,0.0,0.0,0.03011247291908661,0.004506685217959827,0.0,0.03011247291908661,0.004506685217959827,0.0,0.0,0.0
149.70000000000002,14.147937355817215,1.1973986643658232,8.032817939345053,-1.6157242040484354,forward_slouch,poor,False,106.8999999999982,0.0002460189037489376,0.01230094518744688,0.02460189037489376,0.0,0.0,0.0,0.0,0.02460189037489376,0.003683482827981921,0.0,0.02460189037489376,0.003683482827981921,0.0,0.0,0.0
149.8,14.100560022726686,1.2646996075137087,8.030136093658706,-1.5902384764713293,forward_slouch,poor,False,106.9999999999982,0.00020099744436288203,0.010049872218144101,0.020099744436288203,0.0,0.0,0.0,0.0,0.020099744436288203,0.003010421232744309,0.0,0.020099744436288203,0.003010421232744309,0.0,0.0,0.0
149.9,14.14353012201393,1.2319987305474895,8.039321397264171,-1.5939057311253886,forward_slouch,poor,False,107.09999999999819,0.00016421491204447465,0.008210745602223731,0.016421491204447462,0.0,0.0,0.0,0.0,0.016421491204447462,0.0024601924346064896,0.0,0.016421491204447462,0.0024601924346064896,0.0,0.0,0.0
150.0,13.991845519426253,1.230686519531345,7.9876693689303995,-1.671422677346708,forward_slouch,poor,False,107.19999999999818,0.00013416358314033577,0.006708179157016788,0.013416358314033577,0.0,0.0,0.0,0.0,0.013416358314033577,0.0020104301197759744,0.0,0.013416358314033577,0.0020104301197759744,0.0,0.0,0.0
150.1,13.937832281409754,1.2892601235173275,7.943270570510038,-1.7070286395649261,forward_slouch,poor,False,107.29999999999818,0.00010961164742565433,0.005480582371282716,0.010961164742565432,0.0,0.0,0.0,0.0,0.010961164742565432,0.0016428237966253922,0.0,0.010961164742565432,0.0016428237966253922,0.0,0.0,0.0
150.20000000000002,13.756708913703434,1.2683300202250127,7.899865001538062,-1.5674499913580058,forward_slouch,poor,True,107.39999999999817,0.0384961294147923,1.9248064707396149,3.8496129414792297,0.0,0.0,0.0,1.6,3.8496129414792297,0.438667547046531,1.6,3.8496129414792297,0.438667547046531,0.0,0.0,0.0
150.3,13.705717072379786,1.1771565557560846,7.889578822141319,-1.5365168292496492,forward_slouch,poor,False,107.49999999999817,0.031451337731885305,1.5725668865942652,3.1451337731885305,0.0,0.0,0.0,0.0,3.1451337731885305,0.3761030484383804,0.0,3.1451337731885305,0.3761030484383804,0.0,0.0,0.0
150.4,13.757783315097203,1.198263947062988,7.913148173423268,-1.6058319832286454,forward_slouch,poor,False,107.59999999999816,0.025695742926950295,1.2847871463475147,2.5695742926950293,0.0,0.0,0.0,0.0,2.5695742926950293,0.3198460734837747,0.0,2.5695742926950293,0.3198460734837747,0.0,0.0,0.0
150.5,13.698029355166732,1.1258059688253332,7.903324053722101,-1.5377271919647908,forward_slouch,poor,False,107.69999999999816,0.02099342197131839,1.0496710985659194,2.099342197131839,0.0,0.0,0.0,0.0,2.099342197131839,0.27013911359607057,0.0,2.099342197131839,0.27013911359607057,0.0,0.0,0.0
150.6,13.763055932981421,1.1531478949992737,7.95871583507977,-1.5669025733839135,forward_slouch,poor,False,107.79999999999815,0.017151625750567123,0.8575812875283562,1.7151625750567123,0.0,0.0,0.0,0.0,1.7151625750567123,0.22684395873523366,0.0,1.7151625750567123,0.22684395873523366,0.0,0.0,0.0
150.70000000000002,13.823608250631287,1.1548213502412883,7.946260311221526,-1.5140936759228487,forward_slouch,poor,False,107.89999999999814,0.014012878238213339,0.700643911910667,1.401287823821334,0.0,0.0,0.0,0.0,1.401287823821334,0.18957232236206767,0.0,1.401287823821334,0.18957232236206767,0.0,0.0,0.0
150.8,13.766241238403095,1.1802770316546212,7.893189876849892,-1.547217208757146,forward_slouch,poor,False,107.99999999999814,0.0114485215206203,0.5724260760310149,1.1448521520620298,0.0,0.0,0.0,0.0,1.1448521520620298,0.15779162811560654,0.0,1.1448521520620298,0.15779162811560654,0.0,0.0,0.0
150.9,13.73121735166618,1.2382196597634376,7.766311135413935,-1.5209189331990156,forward_slouch,poor,False,108.09999999999813,0.009353442082346784,0.46767210411733917,0.9353442082346783,0.0,0.0,0.0,0.0,0.9353442082346783,0.13090395065583071,0.0,0.9353442082346783,0.13090395065583071,0.0,0.0,0.0
151.0,13.777420686960651,1.26245465383788,7.712053228402733,-1.4149401492066667,forward_slouch,poor,False,108.19999999999813,0.007641762181277322,0.3820881090638661,0.7641762181277322,0.0,0.0,0.0,0.0,0.7641762181277322,0.10830080866261793,0.0,0.7641762181277322,0.10830080866261793,0.0,0.0,0.0
151.1,13.90774492871641,1.299178036980423,7.771951781826731,-1.494304488927611,forward_slouch,poor,False,108.29999999999812,0.006243319702103571,0.31216598510517857,0.6243319702103571,0.0,0.0,0.0,0.0,0.6243319702103571,0.08939839684184825,0.0,0.6243319702103571,0.08939839684184825,0.0,0.0,0.0
151.20000000000002,13.756748089684427,1.2488521220127156,7.853270985339989,-1.5743919374411726,forward_slouch,poor,False,108.39999999999812,0.005100792196618618,0.2550396098309309,0.5100792196618618,0.0,0.0,0.0,0.0,0.5100792196618618,0.07365809345047081,0.0,0.5100792196618618,0.07365809345047081,0.0,0.0,0.0
151.3,13.761882781231133,1.298564220443138,7.8338848678518564,-1.6641832009699273,forward_slouch,poor,False,108.49999999999811,0.00416734722463741,0.20836736123187052,0.41673472246374105,0.0,0.0,0.0,0.0,0.41673472246374105,0.06059652701329166,0.0,0.41673472246374105,0.06059652701329166,0.0,0.0,0.0
151.4,13.641683446810854,1.2178209242337765,7.834881316817882,-1.6853260555290934,forward_slouch,poor,False,108.5999999999981,0.0034047226825287646,0.1702361341264382,0.3404722682528764,0.0,0.0,0.0,0.0,0.3404722682528764,0.04978864505034064,0.0,0.3404722682528764,0.04978864505034064,0.0,0.0,0.0
151.5,13.64984865676637,1.198642635167576,7.8959753644483195,-1.7279190593300917,forward_slouch,poor,False,108.6999999999981,0.0027816584316260004,0.1390829215813,0.2781658431626,0.0,0.0,0.0,0.0,0.2781658431626,0.04086637549971195,0.0,0.2781658431626,0.04086637549971195,0.0,0.0,0.0
151.6,13.77315128372177,1.1795536243660332,7.874327008618815,-1.7967149587612887,forward_slouch,poor,False,108.7999999999981,0.0022726149386384418,0.1136307469319221,0.2272614938638442,0.0,0.0,0.0,0.0,0.2272614938638442,0.03351473296804697,0.0,0.2272614938638442,0.03351473296804697,0.0,0.0,0.0
151.70000000000002,13.762692935354035,1.214962464857364,7.855031625800071,-1.745837932820811,forward_slouch,poor,False,108.89999999999809,0.001856726404867607,0.09283632024338036,0.18567264048676071,0.0,0.0,0.0,0.0,0.18567264048676071,0.027466635465110523,0.0,0.18567264048676071,0.027466635465110523,0.0,0.0,0.0
151.8,13.762935780920166,1.124539781774462,7.827533476756985,-1.777511151120843,forward_slouch,poor,False,108.99999999999808,0.001516945472776835,0.07584727363884175,0.1516945472776835,0.0,0.0,0.0,0.0,0.1516945472776835,0.022497258078387428,0.0,0.1516945472776835,0.022497258078387428,0.0,0.0,0.0
151.9,13.663748925605235,1.1070687268987596,7.899020957225493,-1.6945678531002548,forward_slouch,poor,False,109.09999999999808,0.0012393444512586744,0.06196722256293371,0.12393444512586742,0.0,0.0,0.0,0.0,0.12393444512586742,0.018418435436549196,0.0,0.12393444512586742,0.018418435436549196,0.0,0.0,0.0
152.0,13.67752404015524,1.1440903036855248,7.94015331837889,-1.6799615635355634,forward_slouch,poor,False,109.19999999999807,0.0010125444166783368,0.05062722083391684,0.10125444166783368,0.0,0.0,0.0,0.0,0.10125444166783368,0.015073407778007364,0.0,0.10125444166783368,0.015073407778007364,0.0,0.0,0.0
152.1,13.766036718921148,1.2161287865081862,7.929090395612858,-1.6689565175909586,forward_slouch,poor,False,109.29999999999806,0.0008272487884262011,0.04136243942131006,0.08272487884262011,0.0,0.0,0.0,0.0,0.08272487884262011,0.012332060970645542,0.0,0.08272487884262011,0.012332060970645542,0.0,0.0,0.0
152.20000000000002,13.765399975947807,1.157753853478398,7.970873578396516,-1.6836678296985839,forward_slouch,poor,False,109.39999999999806,0.0006758622601442064,0.033793113007210315,0.06758622601442063,0.0,0.0,0.0,0.0,0.06758622601442063,0.010086718269944006,0.0,0.06758622601442063,0.010086718269944006,0.0,0.0,0.0
152.3,13.90920113151863,1.1477927009811755,7.90553583006897,-1.6897239679785954,forward_slouch,poor,False,109.49999999999805,0.0005521794665378166,0.02760897332689083,0.05521794665378166,0.0,0.0,0.0,0.0,0.05521794665378166,0.008248485011827067,0.0,0.05521794665378166,0.008248485011827067,0.0,0.0,0.0
152.4,14.03258703997998,1.1722476652534326,7.935287988051296,-1.757788776259764,forward_slouch,poor,False,109.59999999999805,0.0004511306241613961,0.022556531208069806,0.04511306241613961,0.0,0.0,0.0,0.0,0.04511306241613961,0.00674411505080208,0.0,0.04511306241613961,0.00674411505080208,0.0,0.0,0.0
152.5,14.164907673394065,1.2262563318354371,7.980303531989615,-1.810368399217607,forward_slouch,poor,False,109.69999999999804,0.0003685737199398606,0.01842868599699303,0.03685737199398606,0.0,0.0,0.0,0.0,0.03685737199398606,0.005513351183256576,0.0,0.03685737199398606,0.005513351183256576,0.0,0.0,0.0
152.6,14.09067759166197,1.2370073184749395,8.008163223407873,-1.8408215926016755,forward_slouch,poor,False,109.79999999999804,0.00030112472919086616,0.015056236459543305,0.03011247291908661,0.0,0.0,0.0,0.0,0.03011247291908661,0.004506685217959827,0.0,0.03011247291908661,0.004506685217959827,0.0,0.0,0.0
152.70000000000002,13.97964602490991,1.2483345225702696,8.015232819878948,-1.7814434703003093,forward_slouch,poor,False,109.89999999999803,0.0002460189037489376,0.01230094518744688,0.02460189037489376,0.0,0.0,0.0,0.0,0.02460189037489376,0.003683482827981921,0.0,0.02460189037489376,0.003683482827981921,0.0,0.0,0.0
152.8,13.834855642393387,1.2438999476254193,7.993056898794149,-1.796033554126457,forward_slouch,poor,False,109.99999999999802,0.00020099744436288203,0.010049872218144101,0.020099744436288203,0.0,0.0,0.0,0.0,0.020099744436288203,0.003010421232744309,0.0,0.020099744436288203,0.003010421232744309,0.0,0.0,0.0
152.9,13.834202960610545,1.2594716867759068,8.008742008055448,-1.9105645844004402,forward_slouch,poor,False,110.09999999999802,0.00016421491204447465,0.008210745602223731,0.016421491204447462,0.0,0.0,0.0,0.0,0.016421491204447462,0.0024601924346064896,0.0,0.016421491204447462,0.0024601924346064896,0.0,0.0,0.0
153.0,13.798577114622969,1.2640627902326431,7.943886264431906,-1.849603662607394,forward_slouch,poor,False,110.19999999999801,0.00013416358314033577,0.006708179157016788,0.013416358314033577,0.0,0.0,0.0,0.0,0.013416358314033577,0.0020104301197759744,0.0,0.013416358314033577,0.0020104301197759744,0.0,0.0,0.0
153.1,13.74209385211573,1.3136596942491572,8.0381023254495,-1.8118516265623819,forward_slouch,poor,False,110.29999999999801,0.00010961164742565433,0.005480582371282716,0.010961164742565432,0.0,0.0,0.0,0.0,0.010961164742565432,0.0016428237966253922,0.0,0.010961164742565432,0.0016428237966253922,0.0,0.0,0.0
153.20000000000002,13.823759129999322,1.3227886096327173,7.919154443163493,-1.7769368264800876,forward_slouch,poor,True,110.399999999998,0.0384961294147923,1.9248064707396149,3.8496129414792297,0.0,0.0,0.0,1.6,3.8496129414792297,0.438667547046531,1.6,3.8496129414792297,0.438667547046531,0.0,0.0,0.0
153.3,13.710503256948714,1.3400746906979,7.83338802620719,-1.7131113442501558,forward_slouch,poor,False,110.499999999998,0.031451337731885305,1.5725668865942652,3.1451337731885305,0.0,0.0,0.0,0.0,3.1451337731885305,0.3761030484383804,0.0,3.1451337731885305,0.3761030484383804,0.0,0.0,0.0
153.4,13.633714087082504,1.3475676750441254,7.821015728058891,-1.6967465438665033,forward_slouch,poor,False,110.59999999999799,0.025695742926950295,1.2847871463475147,2.5695742926950293,0.0,0.0,0.0,0.0,2.5695742926950293,0.3198460734837747,0.0,2.5695742926950293,0.3198460734837747,0.0,0.0,0.0
153.5,13.575934763735999,1.3207399357750946,7.809867473916602,-1.7068709010702896,forward_slouch,poor,False,110.69999999999798,0.02099342197131839,1.0496710985659194,2.099342197131839,0.0,0.0,0.0,0.0,2.099342197131839,0.27013911359607057,0.0,2.099342197131839,0.27013911359607057,0.0,0.0,0.0
153.60000000000002,13.667765832121283,1.2690605129575754,7.716249024836089,-1.7576071105423245,forward_slouch,poor,False,110.79999999999798,0.017151625750567123,0.8575812875283562,1.7151625750567123,0.0,0.0,0.0,0.0,1.7151625750567123,0.22684395873523366,0.0,1.7151625750567123,0.22684395873523366,0.0,0.0,0.0
153.70000000000002,13.787455565119387,1.2642978849359152,7.681581728264475,-1.7456980577283265,forward_slouch,poor,False,110.89999999999797,0.014012878238213339,0.700643911910667,1.401287823821334,0.0,0.0,0.0,0.0,1.401287823821334,0.18957232236206767,0.0,1.401287823821334,0.18957232236206767,0.0,0.0,0.0
153.8,13.736472325100817,1.2613628846546592,7.547177522288679,-1.8016556071893837,forward_slouch,poor,False,110.99999999999797,0.0114485215206203,0.5724260760310149,1.1448521520620298,0.0,0.0,0.0,0.0,1.1448521520620298,0.15779162811560654,0.0,1.1448521520620298,0.15779162811560654,0.0,0.0,0.0
153.9,13.6493252238865,1.2719293698763499,7.630094401821779,-1.6747107828691787,forward_slouch,poor,False,111.09999999999796,0.009353442082346784,0.46767210411733917,0.9353442082346783,0.0,0.0,0.0,0.0,0.9353442082346783,0.13090395065583071,0.0,0.9353442082346783,0.13090395065583071,0.0,0.0,0.0
154.0,13.428169193356927,1.2744157871557387,7.628757311275204,-1.515207847623328,forward_slouch,poor,False,111.19999999999796,0.007641762181277322,0.3820881090638661,0.7641762181277322,0.0,0.0,0.0,0.0,0.7641762181277322,0.10830080866261793,0.0,0.7641762181277322,0.10830080866261793,0.0,0.0,0.0
154.10000000000002,13.390709029532658,1.3298985538152068,7.532347093235504,-1.4963083074710657,forward_slouch,poor,False,111.29999999999795,0.006243319702103571,0.31216598510517857,0.6243319702103571,0.0,0.0,0.0,0.0,0.6243319702103571,0.08939839684184825,0.0,0.6243319702103571,0.08939839684184825,0.0,0.0,0.0
154.20000000000002,13.368628674797113,1.2917446764794118,7.475914557908269,-1.502053479648657,forward_slouch,poor,False,111.39999999999795,0.005100792196618618,0.2550396098309309,0.5100792196618618,0.0,0.0,0.0,0.0,0.5100792196618618,0.07365809345047081,0.0,0.5100792196618618,0.07365809345047081,0.0,0.0,0.0
154.3,13.312990445186689,1.3533490497952423,7.546523872869735,-1.5767086783902322,forward_slouch,poor,False,111.49999999999794,0.00416734722463741,0.20836736123187052,0.41673472246374105,0.0,0.0,0.0,0.0,0.41673472246374105,0.06059652701329166,0.0,0.41673472246374105,0.06059652701329166,0.0,0.0,0.0
154.4,13.350975322514833,1.373985325146135,7.521646388611976,-1.5519641051332367,forward_slouch,poor,False,111.59999999999793,0.0034047226825287646,0.1702361341264382,0.3404722682528764,0.0,0.0,0.0,0.0,0.3404722682528764,0.04978864505034064,0.0,0.3404722682528764,0.04978864505034064,0.0,0.0,0.0
154.5,13.1972384474757,1.312015876591603,7.522905208879626,-1.6461453854863086,forward_slouch,poor,False,111.69999999999793,0.0027816584316260004,0.1390829215813,0.2781658431626,0.0,0.0,0.0,0.0,0.2781658431626,0.04086637549971195,0.0,0.2781658431626,0.04086637549971195,0.0,0.0,0.0
154.60000000000002,13.13918462711262,1.4028301157189906,7.613799259711965,-1.6814675446185112,forward_slouch,poor,False,111.79999999999792,0.0022726149386384418,0.1136307469319221,0.2272614938638442,0.0,0.0,0.0,0.0,0.2272614938638442,0.03351473296804697,0.0,0.2272614938638442,0.03351473296804697,0.0,0.0,0.0
154.70000000000002,13.09281470824128,1.473135032243872,7.603116563294449,-1.6933667940929293,forward_slouch,poor,False,111.89999999999792,0.001856726404867607,0.09283632024338036,0.18567264048676071,0.0,0.0,0.0,0.0,0.18567264048676071,0.027466635465110523,0.0,0.18567264048676071,0.027466635465110523,0.0,0.0,0.0
154.8,13.19446129984602,1.568004121435901,7.500170355765999,-1.6825855917588792,forward_slouch,poor,False,111.99999999999791,0.001516945472776835,0.07584727363884175,0.1516945472776835,0.0,0.0,0.0,0.0,0.1516945472776835,0.022497258078387428,0.0,0.1516945472776835,0.022497258078387428,0.0,0.0,0.0
154.9,13.125894912898618,1.5413044301145136,7.474048251205414,-1.6841395571106943,forward_slouch,poor,False,112.0999999999979,0.0012393444512586744,0.06196722256293371,0.12393444512586742,0.0,0.0,0.0,0.0,0.12393444512586742,0.018418435436549196,0.0,0.12393444512586742,0.018418435436549196,0.0,0.0,0.0
155.0,13.041211205487334,1.5659046674525758,7.503521459724683,-1.6601292568485009,forward_slouch,poor,False,112.1999999999979,0.0010125444166783368,0.05062722083391684,0.10125444166783368,0.0,0.0,0.0,0.0,0.10125444166783368,0.015073407778007364,0.0,0.10125444166783368,0.015073407778007364,0.0,0.0,0.0
155.10000000000002,13.153924170877026,1.4672536978865525,7.489378568971918,-1.6174025154445306,forward_slouch,poor,False,112.2999999999979,0.0008272487884262011,0.04136243942131006,0.08272487884262011,0.0,0.0,0.0,0.0,0.08272487884262011,0.012332060970645542,0.0,0.08272487884262011,0.012332060970645542,0.0,0.0,0.0
155.20000000000002,13.17071796878279,1.4141232531470673,7.512041442820466,-1.6101905818301954,forward_slouch,poor,False,112.39999999999789,0.0006758622601442064,0.033793113007210315,0.06758622601442063,0.0,0.0,0.0,0.0,0.06758622601442063,0.010086718269944006,0.0,0.06758622601442063,0.010086718269944006,0.0,0.0,0.0
155.3,13.4269597892998,1.3859704981267054,7.517530210295947,-1.6353347352046488,forward_slouch,poor,False,112.49999999999788,0.0005521794665378166,0.02760897332689083,0.05521794665378166,0.0,0.0,0.0,0.0,0.05521794665378166,0.008248485011827067,0.0,0.05521794665378166,0.008248485011827067,0.0,0.0,0.0
155.4,13.450680806700353,1.3289239415385068,7.5892396630146255,-1.6389295738447456,forward_slouch,poor,False,112.59999999999788,0.0004511306241613961,0.022556531208069806,0.04511306241613961,0.0,0.0,0.0,0.0,0.04511306241613961,0.00674411505080208,0.0,0.04511306241613961,0.00674411505080208,0.0,0.0,0.0
155.5,13.409672439440556,1.2604689015362545,7.574391571773102,-1.6176752211065981,forward_slouch,poor,False,112.69999999999787,0.0003685737199398606,0.01842868599699303,0.03685737199398606,0.0,0.0,0.0,0.0,0.03685737199398606,0.005513351183256576,0.0,0.03685737199398606,0.005513351183256576,0.0,0.0,0.0
155.60000000000002,13.490983780533616,1.2277718617159243,7.572018492375738,-1.59856704591341,forward_slouch,poor,False,112.79999999999787,0.00030112472919086616,0.015056236459543305,0.03011247291908661,0.0,0.0,0.0,0.0,0.03011247291908661,0.004506685217959827,0.0,0.03011247291908661,0.004506685217959827,0.0,0.0,0.0
155.70000000000002,13.394496291150915,1.2374839467465217,7.575645931621333,-1.6165388520894723,forward_slouch,poor,False,112.89999999999786,0.0002460189037489376,0.01230094518744688,0.02460189037489376,0.0,0.0,0.0,0.0,0.02460189037489376,0.003683482827981921,0.0,0.02460189037489376,0.003683482827981921,0.0,0.0,0.0
155.8,13.17415176602363,1.2556273586764461,7.781151282532938,-1.61207473963298,forward_slouch,poor,False,112.99999999999785,0.00020099744436288203,0.010049872218144101,0.020099744436288203,0.0,0.0,0.0,0.0,0.020099744436288203,0.003010421232744309,0.0,0.020099744436288203,0.003010421232744309,0.0,0.0,0.0
155.9,12.971280642288333,1.223788352943672,7.783565975459506,-1.6738612605851657,forward_slouch,poor,False,113.09999999999785,0.00016421491204447465,0.008210745602223731,0.016421491204447462,0.0,0.0,0.0,0.0,0.016421491204447462,0.0024601924346064896,0.0,0.016421491204447462,0.0024601924346064896,0.0,0.0,0.0
156.0,13.019551631747342,1.168997684655351,7.7715156461967645,-1.7106320098365797,forward_slouch,poor,False,113.19999999999784,0.00013416358314033577,0.006708179157016788,0.013416358314033577,0.0,0.0,0.0,0.0,0.013416358314033577,0.0020104301197759744,0.0,0.013416358314033577,0.0020104301197759744,0.0,0.0,0.0
156.10000000000002,12.995109879088961,1.1921026725200474,7.801504376500429,-1.7407728493576522,forward_slouch,poor,False,113.29999999999784,0.00010961164742565433,0.005480582371282716,0.010961164742565432,0.0,0.0,0.0,0.0,0.010961164742565432,0.0016428237966253922,0.0,0.010961164742565432,0.0016428237966253922,0.0,0.0,0.0
156.20000000000002,13.016826866339795,1.1882017255640238,7.698604693936949,-1.7131951431589219,forward_slouch,poor,True,113.39999999999783,0.0384961294147923,1.9248064707396149,3.8496129414792297,0.0,0.0,0.0,1.6,3.8496129414792297,0.438667547046531,1.6,3.8496129414792297,0.438667547046531,0.0,0.0,0.0
156.3,12.959035086992756,1.176401010594032,7.569938723604796,-1.6647972056518485,forward_slouch,poor,False,113.49999999999783,0.031451337731885305,1.5725668865942652,3.1451337731885305,0.0,0.0,0.0,0.0,3.1451337731885305,0.3761030484383804,0.0,3.1451337731885305,0.3761030484383804,0.0,0.0,0.0
156.4,12.892104281090354,1.2230427274191138,7.477835041314796,-1.6817408084688938,forward_slouch,poor,False,113.59999999999782,0.025695742926950295,1.2847871463475147,2.5695742926950293,0.0,0.0,0.0,0.0,2.5695742926950293,0.3198460734837747,0.0,2.5695742926950293,0.3198460734837747,0.0,0.0,0.0
156.5,12.917524091082168,1.2107220116406443,7.455323832209383,-1.6061532638322902,forward_slouch,poor,False,113.69999999999781,0.02099342197131839,1.0496710985659194,2.099342197131839,0.0,0.0,0.0,0.0,2.099342197131839,0.27013911359607057,0.0,2.099342197131839,0.27013911359607057,0.0,0.0,0.0
156.60000000000002,12.903734492345414,1.319361727112231,7.397889107701612,-1.5704898760776256,forward_slouch,poor,False,113.79999999999781,0.017151625750567123,0.8575812875283562,1.7151625750567123,0.0,0.0,0.0,0.0,1.7151625750567123,0.22684395873523366,0.0,1.7151625750567123,0.22684395873523366,0.0,0.0,0.0
156.70000000000002,12.946296208846075,1.2681459812362936,7.375435893442144,-1.533992363362448,forward_slouch,poor,False,113.8999999999978,0.014012878238213339,0.700643911910667,1.401287823821334,0.0,0.0,0.0,0.0,1.401287823821334,0.18957232236206767,0.0,1.401287823821334,0.18957232236206767,0.0,0.0,0.0
156.8,12.96657295111322,1.2435436535935243,7.3469239899621535,-1.5049722219676218,forward_slouch,poor,False,113.9999999999978,0.0114485215206203,0.5724260760310149,1.1448521520620298,0.0,0.0,0.0,0.0,1.1448521520620298,0.15779162811560654,0.0,1.1448521520620298,0.15779162811560654,0.0,0.0,0.0
156.9,13.031478260581112,1.2055355770621607,7.38087597173356,-1.5707734505624606,forward_slouch,poor,False,114.09999999999779,0.009353442082346784,0.46767210411733917,0.9353442082346783,0.0,0.0,0.0,0.0,0.9353442082346783,0.13090395065583071,0.0,0.9353442082346783,0.13090395065583071,0.0,0.0,0.0
157.0,13.014465070441801,1.1649920895235357,7.450300902741732,-1.5626905523583305,forward_slouch,poor,False,114.19999999999779,0.007641762181277322,0.3820881090638661,0.7641762181277322,0.0,0.0,0.0,0.0,0.7641762181277322,0.10830080866261793,0.0,0.7641762181277322,0.10830080866261793,0.0,0.0,0.0
157.10000000000002,13.013248010807954,1.2248214641763389,7.530925101737228,-1.5973056882004528,forward_slouch,poor,False,114.29999999999778,0.006243319702103571,0.31216598510517857,0.6243319702103571,0.0,0.0,0.0,0.0,0.6243319702103571,0.08939839684184825,0.0,0.6243319702103571,0.08939839684184825,0.0,0.0,0.0
157.20000000000002,13.02206616509556,1.2554273384705976,7.440534691299015,-1.6750424016799652,forward_slouch,poor,False,114.39999999999777,0.005100792196618618,0.2550396098309309,0.5100792196618618,0.0,0.0,0.0,0.0,0.5100792196618618,0.07365809345047081,0.0,0.5100792196618618,0.07365809345047081,0.0,0.0,0.0
157.3,13.129149563136133,1.1624557692503759,7.542403278949626,-1.5614432735345944,forward_slouch,poor,False,114.49999999999777,0.00416734722463741,0.20836736123187052,0.41673472246374105,0.0,0.0,0.0,0.0,0.41673472246374105,0.06059652701329166,0.0,0.41673472246374105,0.06059652701329166,0.0,0.0,0.0
157.4,13.28951002907273,1.1653588449218295,7.398323369050661,-1.6427955559676426,forward_slouch,poor,False,114.59999999999776,0.0034047226825287646,0.1702361341264382,0.3404722682528764,0.0,0.0,0.0,0.0,0.3404722682528764,0.04978864505034064,0.0,0.3404722682528764,0.04978864505034064,0.0,0.0,0.0
157.5,13.240631903647326,1.17565441312462,7.382742929304919,-1.6251705674688637,forward_slouch,poor,False,114.69999999999776,0.0027816584316260004,0.1390829215813,0.2781658431626,0.0,0.0,0.0,0.0,0.2781658431626,0.04086637549971195,0.0,0.2781658431626,0.04086637549971195,0.0,0.0,0.0
157.60000000000002,13.269925403438243,1.1931679270303706,7.404698216022813,-1.623722709999363,forward_slouch,poor,False,114.79999999999775,0.0022726149386384418,0.1136307469319221,0.2272614938638442,0.0,0.0,0.0,0.0,0.2272614938638442,0.03351473296804697,0.0,0.2272614938638442,0.03351473296804697,0.0,0.0,0.0
157.70000000000002,13.286667782502688,1.1525417572216134,7.458835086873062,-1.5844673498275141,forward_slouch,poor,False,114.89999999999775,0.001856726404867607,0.09283632024338036,0.18567264048676071,0.0,0.0,0.0,0.0,0.18567264048676071,0.027466635465110523,0.0,0.18567264048676071,0.027466635465110523,0.0,0.0,0.0
157.8,13.219586966595678,1.1080500035204337,7.586140914256736,-1.6216359535235694,forward_slouch,poor,False,114.99999999999774,0.001516945472776835,0.07584727363884175,0.1516945472776835,0.0,0.0,0.0,0.0,0.1516945472776835,0.022497258078387428,0.0,0.1516945472776835,0.022497258078387428,0.0,0.0,0.0
157.9,13.268922140488165,1.1429688858019635,7.622389433192651,-1.7285406696297905,forward_slouch,poor,False,115.09999999999773,0.0012393444512586744,0.06196722256293371,0.12393444512586742,0.0,0.0,0.0,0.0,0.12393444512586742,0.018418435436549196,0.0,0.12393444512586742,0.018418435436549196,0.0,0.0,0.0
158.0,13.391959011793698,1.1762411503705206,7.589464510319507,-1.6788468945692951,forward_slouch,poor,False,115.19999999999773,0.0010125444166783368,0.05062722083391684,0.10125444166783368,0.0,0.0,0.0,0.0,0.10125444166783368,0.015073407778007364,0.0,0.10125444166783368,0.015073407778007364,0.0,0.0,0.0
158.10000000000002,13.387320837046067,1.1807289321448988,7.712826994051057,-1.6608673108547118,forward_slouch,poor,False,115.29999999999772,0.0008272487884262011,0.04136243942131006,0.08272487884262011,0.0,0.0,0.0,0.0,0.08272487884262011,0.012332060970645542,0.0,0.08272487884262011,0.012332060970645542,0.0,0.0,0.0
158.20000000000002,13.420969934046468,1.1307055423722332,7.7967754678328305,-1.6762122979706098,forward_slouch,poor,False,115.39999999999772,0.0006758622601442064,0.033793113007210315,0.06758622601442063,0.0,0.0,0.0,0.0,0.06758622601442063,0.010086718269944006,0.0,0.06758622601442063,0.010086718269944006,0.0,0.0,0.0
158.3,13.333949839957054,1.0428676080369081,7.803790836531558,-1.6409458583633385,forward_slouch,poor,False,115.49999999999771,0.0005521794665378166,0.02760897332689083,0.05521794665378166,0.0,0.0,0.0,0.0,0.05521794665378166,0.008248485011827067,0.0,0.05521794665378166,0.008248485011827067,0.0,0.0,0.0
158.4,13.393141507826307,1.0244804505373466,7.901069124243072,-1.6990477060499765,forward_slouch,poor,False,115.5999999999977,0.0004511306241613961,0.022556531208069806,0.04511306241613961,0.0,0.0,0.0,0.0,0.04511306241613961,0.00674411505080208,0.0,0.04511306241613961,0.00674411505080208,0.0,0.0,0.0
158.5,13.385589025602524,1.092254934313815,7.915585663389572,-1.6007326038837575,forward_slouch,poor,False,115.6999999999977,0.0003685737199398606,0.01842868599699303,0.03685737199398606,0.0,0.0,0.0,0.0,0.03685737199398606,0.005513351183256576,0.0,0.03685737199398606,0.005513351183256576,0.0,0.0,0.0
158.60000000000002,13.338730009744031,1.1177086629072353,7.926290164582217,-1.57397907094914,forward_slouch,poor,False,115.7999999999977,0.00030112472919086616,0.015056236459543305,0.03011247291908661,0.0,0.0,0.0,0.0,0.03011247291908661,0.004506685217959827,0.0,0.03011247291908661,0.004506685217959827,0.0,0.0,0.0
158.70000000000002,13.337372199390648,1.1388124986617338,7.990109974399704,-1.5964197092598311,forward_slouch,poor,False,115.89999999999769,0.0002460189037489376,0.01230094518744688,0.02460189037489376,0.0,0.0,0.0,0.0,0.02460189037489376,0.003683482827981921,0.0,0.02460189037489376,0.003683482827981921,0.0,0.0,0.0
158.8,13.340144829075479,1.1457200666962115,8.012065352804107,-1.5529548857918989,forward_slouch,poor,False,115.99999999999768,0.00020099744436288203,0.010049872218144101,0.020099744436288203,0.0,0.0,0.0,0.0,0.020099744436288203,0.003010421232744309,0.0,0.020099744436288203,0.003010421232744309,0.0,0.0,0.0
158.9,13.342816552796323,1.1303945140987797,8.017867187138629,-1.5494182057888455,forward_slouch,poor,False,116.09999999999768,0.00016421491204447465,0.008210745602223731,0.016421491204447462,0.0,0.0,0.0,0.0,0.016421491204447462,0.0024601924346064896,0.0,0.016421491204447462,0.0024601924346064896,0.0,0.0,0.0
159.0,13.39470963920081,1.0819416524914556,8.05613455582097,-1.6619540990202482,forward_slouch,poor,False,116.19999999999767,0.00013416358314033577,0.006708179157016788,0.013416358314033577,0.0,0.0,0.0,0.0,0.013416358314033577,0.0020104301197759744,0.0,0.013416358314033577,0.0020104301197759744,0.0,0.0,0.0
159.10000000000002,13.436350819579484,1.0869859492302174,8.12049137080072,-1.7455732952725214,forward_slouch,poor,False,116.29999999999767,0.00010961164742565433,0.005480582371282716,0.010961164742565432,0.0,0.0,0.0,0.0,0.010961164742565432,0.0016428237966253922,0.0,0.010961164742565432,0.0016428237966253922,0.0,0.0,0.0
159.20000000000002,13.161183822895987,1.1522577064113633,7.99935153719864,-1.6275435810958878,forward_slouch,poor,True,116.39999999999766,0.0384961294147923,1.9248064707396149,3.8496129414792297,0.0,0.0,0.0,1.6,3.8496129414792297,0.438667547046531,1.6,3.8496129414792297,0.438667547046531,0.0,0.0,0.0
159.3,13.153965369164247,1.0787686116886581,7.941066287613507,-1.682123484268692,forward_slouch,poor,False,116.49999999999766,0.031451337731885305,1.5725668865942652,3.1451337731885305,0.0,0.0,0.0,0.0,3.1451337731885305,0.3761030484383804,0.0,3.1451337731885305,0.3761030484383804,0.0,0.0,0.0
159.4,12.974528931776993,1.0227172869198085,7.996544014948306,-1.619987487461465,forward_slouch,poor,False,116.59999999999765,0.025695742926950295,1.2847871463475147,2.5695742926950293,0.0,0.0,0.0,0.0,2.5695742926950293,0.3198460734837747,0.0,2.5695742926950293,0.3198460734837747,0.0,0.0,0.0
159.5,12.988400859189207,1.0557680997801793,8.0651066695808,-1.590684972408732,forward_slouch,poor,False,116.69999999999764,0.02099342197131839,1.0496710985659194,2.099342197131839,0.0,0.0,0.0,0.0,2.099342197131839,0.27013911359607057,0.0,2.099342197131839,0.27013911359607057,0.0,0.0,0.0
159.60000000000002,12.99410080504683,1.0630761125872221,8.062404008727423,-1.5572771781528012,forward_slouch,poor,False,116.79999999999764,0.017151625750567123,0.8575812875283562,1.7151625750567123,0.0,0.0,0.0,0.0,1.7151625750567123,0.22684395873523366,0.0,1.7151625750567123,0.22684395873523366,0.0,0.0,0.0
159.70000000000002,13.077698881418813,0.9871116627224159,8.078264945418303,-1.611061664004842,forward_slouch,poor,False,116.89999999999763,0.014012878238213339,0.700643911910667,1.401287823821334,0.0,0.0,0.0,0.0,1.401287823821334,0.18957232236206767,0.0,1.401287823821334,0.18957232236206767,0.0,0.0,0.0
159.8,13.006799213987144,0.9533110506226278,8.073223053277063,-1.5924785342300702,forward_slouch,poor,False,116.99999999999763,0.0114485215206203,0.5724260760310149,1.1448521520620298,0.0,0.0,0.0,0.0,1.1448521520620298,0.15779162811560654,0.0,1.1448521520620298,0.15779162811560654,0.0,0.0,0.0
159.9,12.995929494721347,0.9383239438169282,8.104919127628591,-1.5097940180572884,forward_slouch,poor,False,117.09999999999762,0.009353442082346784,0.46767210411733917,0.9353442082346783,0.0,0.0,0.0,0.0,0.9353442082346783,0.13090395065583071,0.0,0.9353442082346783,0.13090395065583071,0.0,0.0,0.0
160.0,13.046321997574532,0.9582221617489314,8.045380643516296,-1.568921856942421,forward_slouch,poor,False,117.19999999999762,0.007641762181277322,0.3820881090638661,0.7641762181277322,0.0,0.0,0.0,0.0,0.7641762181277322,0.10830080866261793,0.0,0.7641762181277322,0.10830080866261793,0.0,0.0,0.0
160.10000000000002,13.028528163892062,1.0702671350278121,8.014133213822943,-1.6500720819255592,forward_slouch,poor,False,117.29999999999761,0.006243319702103571,0.31216598510517857,0.6243319702103571,0.0,0.0,0.0,0.0,0.6243319702103571,0.08939839684184825,0.0,0.6243319702103571,0.08939839684184825,0.0,0.0,0.0
160.20000000000002,12.9406245302333,0.9884145793612539,8.022846547891588,-1.659525995314818,forward_slouch,poor,False,117.3999999999976,0.005100792196618618,0.2550396098309309,0.5100792196618618,0.0,0.0,0.0,0.0,0.5100792196618618,0.07365809345047081,0.0,0.5100792196618618,0.07365809345047081,0.0,0.0,0.0
160.3,13.069506934803284,0.9900794369288245,8.12262772750327,-1.669411649386097,forward_slouch,poor,False,117.4999999999976,0.00416734722463741,0.20836736123187052,0.41673472246374105,0.0,0.0,0.0,0.0,0.41673472246374105,0.06059652701329166,0.0,0.41673472246374105,0.06059652701329166,0.0,0.0,0.0
160.4,13.1786935326105,0.885503149441485,8.21621106749765,-1.718179915904168,forward_slouch,poor,False,117.59999999999759,0.0034047226825287646,0.1702361341264382,0.3404722682528764,0.0,0.0,0.0,0.0,0.3404722682528764,0.04978864505034064,0.0,0.3404722682528764,0.04978864505034064,0.0,0.0,0.0
160.5,13.299924693372231,0.923272792734935,8.150201575261718,-1.775377970385789,forward_slouch,poor,False,117.69999999999759,0.0027816584316260004,0.1390829215813,0.2781658431626,0.0,0.0,0.0,0.0,0.2781658431626,0.04086637549971195,0.0,0.2781658431626,0.04086637549971195,0.0,0.0,0.0
160.60000000000002,13.291171006644193,0.8635941856896323,8.160053206781269,-1.7427521558745853,forward_slouch,poor,False,117.79999999999758,0.0022726149386384418,0.1136307469319221,0.2272614938638442,0.0,0.0,0.0,0.0,0.2272614938638442,0.03351473296804697,0.0,0.2272614938638442,0.03351473296804697,0.0,0.0,0.0
160.70000000000002,13.564416928616193,0.8973696073454138,8.127791194860453,-1.8359579588921278,forward_slouch,poor,False,117.89999999999758,0.001856726404867607,0.09283632024338036,0.18567264048676071,0.0,0.0,0.0,0.0,0.18567264048676071,0.027466635465110523,0.0,0.18567264048676071,0.027466635465110523,0.0,0.0,0.0
160.8,13.629122001095956,0.9405259321089551,8.199244877346764,-1.8513204764611706,forward_slouch,poor,False,117.99999999999757,0.001516945472776835,0.07584727363884175,0.1516945472776835,0.0,0.0,0.0,0.0,0.1516945472776835,0.022497258078387428,0.0,0.1516945472776835,0.022497258078387428,0.0,0.0,0.0
160.9,13.746933937162874,0.9830164061739398,8.260367305146433,-1.8349670474322044,forward_slouch,poor,False,118.09999999999756,0.0012393444512586744,0.06196722256293371,0.12393444512586742,0.0,0.0,0.0,0.0,0.12393444512586742,0.018418435436549196,0.0,0.12393444512586742,0.018418435436549196,0.0,0.0,0.0
161.0,13.810443606864416,1.001878907309825,8.259887460822137,-1.8732173281322533,forward_slouch,poor,False,118.19999999999756,0.0010125444166783368,0.05062722083391684,0.10125444166783368,0.0,0.0,0.0,0.0,0.10125444166783368,0.015073407778007364,0.0,0.10125444166783368,0.015073407778007364,0.0,0.0,0.0
161.10000000000002,13.843581262972936,1.0214412994388467,8.299548228803049,-1.8193011696602506,forward_slouch,poor,False,118.29999999999755,0.0008272487884262011,0.04136243942131006,0.08272487884262011,0.0,0.0,0.0,0.0,0.08272487884262011,0.012332060970645542,0.0,0.08272487884262011,0.012332060970645542,0.0,0.0,0.0
161.20000000000002,13.850443918454697,1.0118678672547547,8.336767333629295,-1.810776919955942,forward_slouch,poor,False,118.39999999999755,0.0006758622601442064,0.033793113007210315,0.06758622601442063,0.0,0.0,0.0,0.0,0.06758622601442063,0.010086718269944006,0.0,0.06758622601442063,0.010086718269944006,0.0,0.0,0.0
161.3,13.811893396095984,0.9185723417029615,8.328362117113393,-1.8209021354511863,forward_slouch,poor,False,118.49999999999754,0.0005521794665378166,0.02760897332689083,0.05521794665378166,0.0,0.0,0.0,0.0,0.05521794665378166,0.008248485011827067,0.0,0.05521794665378166,0.008248485011827067,0.0,0.0,0.0
161.4,13.927410661122915,1.0374537606130751,8.377172340227766,-1.8365679621676594,forward_slouch,poor,False,118.59999999999754,0.0004511306241613961,0.022556531208069806,0.04511306241613961,0.0,0.0,0.0,0.0,0.04511306241613961,0.00674411505080208,0.0,0.04511306241613961,0.00674411505080208,0.0,0.0,0.0
161.5,14.048202491157769,1.030038833496611,8.378554776514077,-1.840478053182307,forward_slouch,poor,False,118.69999999999753,0.0003685737199398606,0.01842868599699303,0.03685737199398606,0.0,0.0,0.0,0.0,0.03685737199398606,0.005513351183256576,0.0,0.03685737199398606,0.005513351183256576,0.0,0.0,0.0
161.60000000000002,14.054827112334223,1.083046231144686,8.465672579446455,-1.8872218063115271,forward_slouch,poor,False,118.79999999999752,0.00030112472919086616,0.015056236459543305,0.03011247291908661,0.0,0.0,0.0,0.0,0.03011247291908661,0.004506685217959827,0.0,0.03011247291908661,0.004506685217959827,0.0,0.0,0.0
161.70000000000002,14.18368115441103,1.1122466545197636,8.491772155880504,-1.962156607992427,forward_slouch,poor,False,118.89999999999752,0.0002460189037489376,0.01230094518744688,0.02460189037489376,0.0,0.0,0.0,0.0,0.02460189037489376,0.003683482827981921,0.0,0.02460189037489376,0.003683482827981921,0.0,0.0,0.0
161.8,14.155991253040144,1.1578057919544302,8.518980593805924,-1.8699179637132208,forward_slouch,poor,False,118.99999999999751,0.00020099744436288203,0.010049872218144101,0.020099744436288203,0.0,0.0,0.0,0.0,0.020099744436288203,0.003010421232744309,0.0,0.020099744436288203,0.003010421232744309,0.0,0.0,0.0
161.9,14.294052611809265,1.17690371199999,8.627447276563156,-1.7509330741760636,forward_slouch,poor,False,119.09999999999751,0.00016421491204447465,0.008210745602223731,0.016421491204447462,0.0,0.0,0.0,0.0,0.016421491204447462,0.0024601924346064896,0.0,0.016421491204447462,0.0024601924346064896,0.0,0.0,0.0
162.0,14.430508691350282,1.0960710952715869,8.643946574770926,-1.8432086384195616,forward_slouch,poor,False,119.1999999999975,0.00013416358314033577,0.006708179157016788,0.013416358314033577,0.0,0.0,0.0,0.0,0.013416358314033577,0.0020104301197759744,0.0,0.013416358314033577,0.0020104301197759744,0.0,0.0,0.0
162.10000000000002,14.510868094531105,1.058391519809912,8.659020601446427,-1.8731987892919837,forward_slouch,poor,False,119.2999999999975,0.00010961164742565433,0.005480582371282716,0.010961164742565432,0.0,0.0,0.0,0.0,0.010961164742565432,0.0016428237966253922,0.0,0.010961164742565432,0.0016428237966253922,0.0,0.0,0.0
162.20000000000002,14.365101794071547,1.101421619485586,8.596360675512011,-1.8319154096834085,forward_slouch,poor,True,119.39999999999749,0.0384961294147923,1.9248064707396149,3.8496129414792297,0.0,0.0,0.0,1.6,3.8496129414792297,0.438667547046531,1.6,3.8496129414792297,0.438667547046531,0.0,0.0,0.0
162.3,14.28362899949513,1.1543853991656237,8.62230323362324,-1.8481734716839715,forward_slouch,poor,False,119.49999999999748,0.031451337731885305,1.5725668865942652,3.1451337731885305,0.0,0.0,0.0,0.0,3.1451337731885305,0.3761030484383804,0.0,3.1451337731885305,0.3761030484383804,0.0,0.0,0.0
162.4,14.218650721785458,1.1604918347434663,8.551426877300196,-1.8208973164016142,forward_slouch,poor,False,119.59999999999748,0.025695742926950295,1.2847871463475147,2.5695742926950293,0.0,0.0,0.0,0.0,2.5695742926950293,0.3198460734837747,0.0,2.5695742926950293,0.3198460734837747,0.0,0.0,0.0
162.5,14.190568985914139,1.1917046900492627,8.519534029759164,-1.7986223956047016,forward_slouch,poor,False,119.69999999999747,0.02099342197131839,1.0496710985659194,2.099342197131839,0.0,0.0,0.0,0.0,2.099342197131839,0.27013911359607057,0.0,2.099342197131839,0.27013911359607057,0.0,0.0,0.0
162.60000000000002,14.03495252401073,1.1225683057885585,8.497103440355913,-1.8147953323137245,forward_slouch,poor,False,119.79999999999747,0.017151625750567123,0.8575812875283562,1.7151625750567123,0.0,0.0,0.0,0.0,1.7151625750567123,0.22684395873523366,0.0,1.7151625750567123,0.22684395873523366,0.0,0.0,0.0
162.70000000000002,14.113224055424036,1.206572079602511,8.500646897569556,-1.85168432981565,forward_slouch,poor,False,119.89999999999746,0.014012878238213339,0.700643911910667,1.401287823821334,0.0,0.0,0.0,0.0,1.401287823821334,0.18957232236206767,0.0,1.401287823821334,0.18957232236206767,0.0,0.0,0.0
162.8,14.11307013378833,1.2276029168121012,8.56128362616053,-1.8131775612308427,forward_slouch,poor,False,119.99999999999746,0.0114485215206203,0.5724260760310149,1.1448521520620298,0.0,0.0,0.0,0.0,1.1448521520620298,0.15779162811560654,0.0,1.1448521520620298,0.15779162811560654,0.0,0.0,0.0
162.9,14.099927153491826,1.2728561322466256,8.47013538533375,-1.8846953879802464,forward_slouch,poor,False,120.09999999999745,0.009353442082346784,0.46767210411733917,0.9353442082346783,0.0,0.0,0.0,0.0,0.9353442082346783,0.13090395065583071,0.0,0.9353442082346783,0.13090395065583071,0.0,0.0,0.0
163.0,14.070626472428687,1.2128064449248597,8.322902554954087,-1.8322466735696668,forward_slouch,poor,False,120.19999999999744,0.007641762181277322,0.3820881090638661,0.7641762181277322,0.0,0.0,0.0,0.0,0.7641762181277322,0.10830080866261793,0.0,0.7641762181277322,0.10830080866261793,0.0,0.0,0.0
163.10000000000002,13.943388852304775,1.1969629274048388,8.33689480074623,-1.8509605031711427,forward_slouch,poor,False,120.29999999999744,0.006243319702103571,0.31216598510517857,0.6243319702103571,0.0,0.0,0.0,0.0,0.6243319702103571,0.08939839684184825,0.0,0.6243319702103571,0.08939839684184825,0.0,0.0,0.0
163.20000000000002,13.936452231087921,1.1476476656862276,8.37082117861758,-1.7996860180437426,forward_slouch,poor,False,120.39999999999743,0.005100792196618618,0.2550396098309309,0.5100792196618618,0.0,0.0,0.0,0.0,0.5100792196618618,0.07365809345047081,0.0,0.5100792196618618,0.07365809345047081,0.0,0.0,0.0
163.3,13.962940584031115,1.1103271102505208,8.367632268610542,-1.8734101971521717,forward_slouch,poor,False,120.49999999999743,0.00416734722463741,0.20836736123187052,0.41673472246374105,0.0,0.0,0.0,0.0,0.41673472246374105,0.06059652701329166,0.0,0.41673472246374105,0.06059652701329166,0.0,0.0,0.0
163.4,14.041619432142648,1.1306821556112288,8.37386482559933,-1.882791462117442,forward_slouch,poor,False,120.59999999999742,0.0034047226825287646,0.1702361341264382,0.3404722682528764,0.0,0.0,0.0,0.0,0.3404722682528764,0.04978864505034064,0.0,0.3404722682528764,0.04978864505034064,0.0,0.0,0.0
163.5,14.134223687239718,1.0197232037757678,8.341270592104907,-1.835174074756409,forward_slouch,poor,False,120.69999999999742,0.0027816584316260004,0.1390829215813,0.2781658431626,0.0,0.0,0.0,0.0,0.2781658431626,0.04086637549971195,0.0,0.2781658431626,0.04086637549971195,0.0,0.0,0.0
163.60000000000002,14.196560001207706,0.9921947359654724,8.484718773791602,-1.8255471333320799,forward_slouch,poor,False,120.79999999999741,0.0022726149386384418,0.1136307469319221,0.2272614938638442,0.0,0.0,0.0,0.0,0.2272614938638442,0.03351473296804697,0.0,0.2272614938638442,0.03351473296804697,0.0,0.0,0.0
163.70000000000002,14.295661613412836,0.9904306781418124,8.429696163637141,-1.74015428522679,forward_slouch,poor,False,120.8999999999974,0.001856726404867607,0.09283632024338036,0.18567264048676071,0.0,0.0,0.0,0.0,0.18567264048676071,0.027466635465110523,0.0,0.18567264048676071,0.027466635465110523,0.0,0.0,0.0
163.8,14.496204203018644,1.012302493396054,8.51001537102688,-1.7075792516321426,forward_slouch,poor,False,120.9999999999974,0.001516945472776835,0.07584727363884175,0.1516945472776835,0.0,0.0,0.0,0.0,0.1516945472776835,0.022497258078387428,0.0,0.1516945472776835,0.022497258078387428,0.0,0.0,0.0
163.9,14.569360601793191,1.0614760434252695,8.46425317014331,-1.6262150199649403,forward_slouch,poor,False,121.0999999999974,0.0012393444512586744,0.06196722256293371,0.12393444512586742,0.0,0.0,0.0,0.0,0.12393444512586742,0.018418435436549196,0.0,0.12393444512586742,0.018418435436549196,0.0,0.0,0.0
164.0,14.60113913823636,1.0469137383441354,8.472074833055055,-1.5237071642073245,forward_slouch,poor,False,121.19999999999739,0.0010125444166783368,0.05062722083391684,0.10125444166783368,0.0,0.0,0.0,0.0,0.10125444166783368,0.015073407778007364,0.0,0.10125444166783368,0.015073407778007364,0.0,0.0,0.0
164.10000000000002,14.694516539756195,1.0656468795759266,8.531330518582237,-1.4290323407002044,forward_slouch,poor,False,121.29999999999738,0.0008272487884262011,0.04136243942131006,0.08272487884262011,0.0,0.0,0.0,0.0,0.08272487884262011,0.012332060970645542,0.0,0.08272487884262011,0.012332060970645542,0.0,0.0,0.0
164.20000000000002,14.538866799089051,1.0355659504534238,8.573518779530197,-1.2997728163158413,forward_slouch,poor,False,121.39999999999738,0.0006758622601442064,0.033793113007210315,0.06758622601442063,0.0,0.0,0.0,0.0,0.06758622601442063,0.010086718269944006,0.0,0.06758622601442063,0.010086718269944006,0.0,0.0,0.0
164.3,14.594242819362819,1.0494773335524117,8.638588653476331,-1.2267827300115537,forward_slouch,poor,False,121.49999999999737,0.0005521794665378166,0.02760897332689083,0.05521794665378166,0.0,0.0,0.0,0.0,0.05521794665378166,0.008248485011827067,0.0,0.05521794665378166,0.008248485011827067,0.0,0.0,0.0
164.4,14.581418124467916,1.0099399712303185,8.701938694247044,-1.2044398973322543,forward_slouch,poor,False,121.59999999999737,0.0004511306241613961,0.022556531208069806,0.04511306241613961,0.0,0.0,0.0,0.0,0.04511306241613961,0.00674411505080208,0.0,0.04511306241613961,0.00674411505080208,0.0,0.0,0.0
164.5,14.541947979865144,0.9682497786388706,8.680058218802035,-1.2664795457653495,forward_slouch,poor,False,121.69999999999736,0.0003685737199398606,0.01842868599699303,0.03685737199398606,0.0,0.0,0.0,0.0,0.03685737199398606,0.005513351183256576,0.0,0.03685737199398606,0.005513351183256576,0.0,0.0,0.0
164.60000000000002,14.701956107940422,0.9269627568225848,8.659735369464242,-1.229441071216127,forward_slouch,poor,False,121.79999999999735,0.00030112472919086616,0.015056236459543305,0.03011247291908661,0.0,0.0,0.0,0.0,0.03011247291908661,0.004506685217959827,0.0,0.03011247291908661,0.004506685217959827,0.0,0.0,0.0
164.70000000000002,14.75942073844572,0.9047173503439886,8.668823968059302,-1.2600506554417257,forward_slouch,poor,False,121.89999999999735,0.0002460189037489376,0.01230094518744688,0.02460189037489376,0.0,0.0,0.0,0.0,0.02460189037489376,0.003683482827981921,0.0,0.02460189037489376,0.003683482827981921,0.0,0.0,0.0
164.8,14.848600496506375,0.888541335874726,8.676193121545639,-1.2705181287630851,forward_slouch,poor,False,121.99999999999734,0.00020099744436288203,0.010049872218144101,0.020099744436288203,0.0,0.0,0.0,0.0,0.020099744436288203,0.003010421232744309,0.0,0.020099744436288203,0.003010421232744309,0.0,0.0,0.0
164.9,14.983120945686736,0.9234468340607864,8.648892387152518,-1.216658383796655,forward_slouch,poor,False,122.09999999999734,0.00016421491204447465,0.008210745602223731,0.016421491204447462,0.0,0.0,0.0,0.0,0.016421491204447462,0.0024601924346064896,0.0,0.016421491204447462,0.0024601924346064896,0.0,0.0,0.0
165.0,15.070237238936148,0.9823730799150292,8.55417062945205,-1.2525152165482327,forward_slouch,poor,False,122.19999999999733,0.00013416358314033577,0.006708179157016788,0.013416358314033577,0.0,0.0,0.0,0.0,0.013416358314033577,0.0020104301197759744,0.0,0.013416358314033577,0.0020104301197759744,0.0,0.0,0.0
165.10000000000002,14.948984382441463,1.0732849944338974,8.619520560645899,-1.2462061950991248,forward_slouch,poor,False,122.29999999999733,0.00010961164742565433,0.005480582371282716,0.010961164742565432,0.0,0.0,0.0,0.0,0.010961164742565432,0.0016428237966253922,0.0,0.010961164742565432,0.0016428237966253922,0.0,0.0,0.0
165.20000000000002,14.870595240084109,1.0633598998098648,8.566467621842584,-1.2491787864241133,forward_slouch,poor,True,122.39999999999732,0.0384961294147923,1.9248064707396149,3.8496129414792297,0.0,0.0,0.0,1.6,3.8496129414792297,0.438667547046531,1.6,3.8496129414792297,0.438667547046531,0.0,0.0,0.0
165.3,14.877562972331551,0.932598656507413,8.594864594797727,-1.2115207812440794,forward_slouch,poor,False,122.49999999999731,0.031451337731885305,1.5725668865942652,3.1451337731885305,0.0,0.0,0.0,0.0,3.1451337731885305,0.3761030484383804,0.0,3.1451337731885305,0.3761030484383804,0.0,0.0,0.0
165.4,14.72448057589525,0.9172844555279123,8.567874068079016,-1.2243176081480949,forward_slouch,poor,False,122.59999999999731,0.025695742926950295,1.2847871463475147,2.5695742926950293,0.0,0.0,0.0,0.0,2.5695742926950293,0.3198460734837747,0.0,2.5695742926950293,0.3198460734837747,0.0,0.0,0.0
165.5,14.801998020728252,0.8972932907793079,8.599834790718658,-1.1648778053378994,forward_slouch,poor,False,122.6999999999973,0.02099342197131839,1.0496710985659194,2.099342197131839,0.0,0.0,0.0,0.0,2.099342197131839,0.27013911359607057,0.0,2.099342197131839,0.27013911359607057,0.0,0.0,0.0
165.60000000000002,14.813238829625796,0.9323542328279694,8.503396585649911,-1.1381557807982556,forward_slouch,poor,False,122.7999999999973,0.017151625750567123,0.8575812875283562,1.7151625750567123,0.0,0.0,0.0,0.0,1.7151625750567123,0.22684395873523366,0.0,1.7151625750567123,0.22684395873523366,0.0,0.0,0.0
165.70000000000002,14.759664678610182,0.8424615116309154,8.605299313099055,-1.1763000353202027,forward_slouch,poor,False,122.89999999999729,0.014012878238213339,0.700643911910667,1.401287823821334,0.0,0.0,0.0,0.0,1.401287823821334,0.18957232236206767,0.0,1.401287823821334,0.18957232236206767,0.0,0.0,0.0
165.8,14.691964669917558,0.865598939857825,8.675243924914984,-1.1183597177707052,forward_slouch,poor,False,122.99999999999729,0.0114485215206203,0.5724260760310149,1.1448521520620298,0.0,0.0,0.0,0.0,1.1448521520620298,0.15779162811560654,0.0,1.1448521520620298,0.15779162811560654,0.0,0.0,0.0
165.9,14.691093461437674,0.8800809516534529,8.63444294523032,-1.123801642449878,forward_slouch,poor,False,123.09999999999728,0.009353442082346784,0.46767210411733917,0.9353442082346783,0.0,0.0,0.0,0.0,0.9353442082346783,0.13090395065583071,0.0,0.9353442082346783,0.13090395065583071,0.0,0.0,0.0
166.0,14.694421882750198,0.8214959031592622,8.57981466219466,-1.20494494608107,forward_slouch,poor,False,123.19999999999727,0.007641762181277322,0.3820881090638661,0.7641762181277322,0.0,0.0,0.0,0.0,0.7641762181277322,0.10830080866261793,0.0,0.7641762181277322,0.10830080866261793,0.0,0.0,0.0
166.10000000000002,14.497525188784465,0.85261909515882,8.630625255880787,-1.225870846016492,forward_slouch,poor,False,123.29999999999727,0.006243319702103571,0.31216598510517857,0.6243319702103571,0.0,0.0,0.0,0.0,0.6243319702103571,0.08939839684184825,0.0,0.6243319702103571,0.08939839684184825,0.0,0.0,0.0
166.20000000000002,14.440284558708054,0.8387487709566845,8.623951857267139,-1.26152394334762,forward_slouch,poor,False,123.39999999999726,0.005100792196618618,0.2550396098309309,0.5100792196618618,0.0,0.0,0.0,0.0,0.5100792196618618,0.07365809345047081,0.0,0.5100792196618618,0.07365809345047081,0.0,0.0,0.0
166.3,14.474247882668644,0.8310276273201331,8.716475282676676,-1.2825145316220967,forward_slouch,poor,False,123.49999999999726,0.00416734722463741,0.20836736123187052,0.41673472246374105,0.0,0.0,0.0,0.0,0.41673472246374105,0.06059652701329166,0.0,0.41673472246374105,0.06059652701329166,0.0,0.0,0.0
166.4,14.52120296072132,0.7769223815241515,8.711924498765704,-1.2472660985220743,forward_slouch,poor,False,123.59999999999725,0.0034047226825287646,0.1702361341264382,0.3404722682528764,0.0,0.0,0.0,0.0,0.3404722682528764,0.04978864505034064,0.0,0.3404722682528764,0.04978864505034064,0.0,0.0,0.0
166.5,14.510814696790737,0.7746863506376411,8.712128206947655,-1.2307812899270743,forward_slouch,poor,False,123.69999999999725,0.0027816584316260004,0.1390829215813,0.2781658431626,0.0,0.0,0.0,0.0,0.2781658431626,0.04086637549971195,0.0,0.2781658431626,0.04086637549971195,0.0,0.0,0.0
166.60000000000002,14.441354574107097,0.8273867081211933,8.72476832541289,-1.2401756744290913,forward_slouch,poor,False,123.79999999999724,0.0022726149386384418,0.1136307469319221,0.2272614938638442,0.0,0.0,0.0,0.0,0.2272614938638442,0.03351473296804697,0.0,0.2272614938638442,0.03351473296804697,0.0,0.0,0.0
166.70000000000002,14.432347944975735,0.7849768319696426,8.787668452778192,-1.17875146208382,forward_slouch,poor,False,123.89999999999723,0.001856726404867607,0.09283632024338036,0.18567264048676071,0.0,0.0,0.0,0.0,0.18567264048676071,0.027466635465110523,0.0,0.18567264048676071,0.027466635465110523,0.0,0.0,0.0
166.8,14.404098974230996,0.6892910854321,8.739014418445032,-1.221703072380785,forward_slouch,poor,False,123.99999999999723,0.001516945472776835,0.07584727363884175,0.1516945472776835,0.0,0.0,0.0,0.0,0.1516945472776835,0.022497258078387428,0.0,0.1516945472776835,0.022497258078387428,0.0,0.0,0.0
166.9,14.32165210874704,0.6341331843321105,8.69974917329226,-1.2629855158656023,forward_slouch,poor,False,124.09999999999722,0.0012393444512586744,0.06196722256293371,0.12393444512586742,0.0,0.0,0.0,0.0,0.12393444512586742,0.018418435436549196,0.0,0.12393444512586742,0.018418435436549196,0.0,0.0,0.0
167.0,14.31270517851019,0.6077656386356023,8.746806492301848,-1.229723517817716,forward_slouch,poor,False,124.19999999999722,0.0010125444166783368,0.05062722083391684,0.10125444166783368,0.0,0.0,0.0,0.0,0.10125444166783368,0.015073407778007364,0.0,0.10125444166783368,0.015073407778007364,0.0,0.0,0.0
167.10000000000002,14.50077226423695,0.6192341070141835,8.711557687136718,-1.2296110922169912,forward_slouch,poor,False,124.29999999999721,0.0008272487884262011,0.04136243942131006,0.08272487884262011,0.0,0.0,0.0,0.0,0.08272487884262011,0.012332060970645542,0.0,0.08272487884262011,0.012332060970645542,0.0,0.0,0.0
167.20000000000002,14.522044547860999,0.6175589706331895,8.761284892709917,-1.276027812863967,forward_slouch,poor,False,124.3999999999972,0.0006758622601442064,0.033793113007210315,0.06758622601442063,0.0,0.0,0.0,0.0,0.06758622601442063,0.010086718269944006,0.0,0.06758622601442063,0.010086718269944006,0.0,0.0,0.0
167.3,14.54815816451696,0.6103082332618016,8.851842726885879,-1.2134516074843267,forward_slouch,poor,False,124.4999999999972,0.0005521794665378166,0.02760897332689083,0.05521794665378166,0.0,0.0,0.0,0.0,0.05521794665378166,0.008248485011827067,0.0,0.05521794665378166,0.008248485011827067,0.0,0.0,0.0
167.4,14.477460793375405,0.6675319649622539,8.937420599653553,-1.1837114435983767,forward_slouch,poor,False,124.5999999999972,0.0004511306241613961,0.022556531208069806,0.04511306241613961,0.0,0.0,0.0,0.0,0.04511306241613961,0.00674411505080208,0.0,0.04511306241613961,0.00674411505080208,0.0,0.0,0.0
167.5,14.487339736053707,0.5855421982302086,8.99691350460775,-1.1300772268552712,forward_slouch,poor,False,124.69999999999719,0.0003685737199398606,0.01842868599699303,0.03685737199398606,0.0,0.0,0.0,0.0,0.03685737199398606,0.005513351183256576,0.0,0.03685737199398606,0.005513351183256576,0.0,0.0,0.0
167.60000000000002,14.597562844635315,0.4579821417823898,9.026061179484994,-1.127103111906356,forward_slouch,poor,False,124.79999999999718,0.00030112472919086616,0.015056236459543305,0.03011247291908661,0.0,0.0,0.0,0.0,0.03011247291908661,0.004506685217959827,0.0,0.03011247291908661,0.004506685217959827,0.0,0.0,0.0
167.70000000000002,14.645778814874307,0.4096465564519924,9.026157097129696,-1.112630872664129,forward_slouch,poor,False,124.89999999999718,0.0002460189037489376,0.01230094518744688,0.02460189037489376,0.0,0.0,0.0,0.0,0.02460189037489376,0.003683482827981921,0.0,0.02460189037489376,0.003683482827981921,0.0,0.0,0.0
167.8,14.72704870495658,0.3923817583080419,8.986619790182223,-1.0747815154272384,forward_slouch,poor,False,124.99999999999717,0.00020099744436288203,0.010049872218144101,0.020099744436288203,0.0,0.0,0.0,0.0,0.020099744436288203,0.003010421232744309,0.0,0.020099744436288203,0.003010421232744309,0.0,0.0,0.0
167.9,14.637058704800635,0.43986438391422644,8.957877836731972,-1.0223630321193211,forward_slouch,poor,False,125.09999999999717,0.00016421491204447465,0.008210745602223731,0.016421491204447462,0.0,0.0,0.0,0.0,0.016421491204447462,0.0024601924346064896,0.0,0.016421491204447462,0.0024601924346064896,0.0,0.0,0.0
168.0,14.75314482044438,0.3972434270779359,8.858625668562746,-1.0124056325500608,forward_slouch,poor,False,125.19999999999716,0.00013416358314033577,0.006708179157016788,0.013416358314033577,0.0,0.0,0.0,0.0,0.013416358314033577,0.0020104301197759744,0.0,0.013416358314033577,0.0020104301197759744,0.0,0.0,0.0
168.10000000000002,14.766469334547136,0.43282955020704855,8.784348096619064,-0.9725521371093305,forward_slouch,poor,False,125.29999999999715,0.00010961164742565433,0.005480582371282716,0.010961164742565432,0.0,0.0,0.0,0.0,0.010961164742565432,0.0016428237966253922,0.0,0.010961164742565432,0.0016428237966253922,0.0,0.0,0.0
168.20000000000002,14.669717806837497,0.4451318713539325,8.743789148859355,-0.9714951776069318,forward_slouch,poor,True,125.39999999999715,0.0384961294147923,1.9248064707396149,3.8496129414792297,0.0,0.0,0.0,1.6,3.8496129414792297,0.438667547046531,1.6,3.8496129414792297,0.438667547046531,0.0,0.0,0.0
168.3,14.645104218596012,0.3575102006703199,8.793916168713853,-0.935075015351295,forward_slouch,poor,False,125.49999999999714,0.031451337731885305,1.5725668865942652,3.1451337731885305,0.0,0.0,0.0,0.0,3.1451337731885305,0.3761030484383804,0.0,3.1451337731885305,0.3761030484383804,0.0,0.0,0.0
168.4,14.685513415517702,0.331943468898159,8.767361517760877,-0.995606677167642,forward_slouch,poor,False,125.59999999999714,0.025695742926950295,1.2847871463475147,2.5695742926950293,0.0,0.0,0.0,0.0,2.5695742926950293,0.3198460734837747,0.0,2.5695742926950293,0.3198460734837747,0.0,0.0,0.0
168.5,14.629834274970941,0.3539886112102506,8.784240852589361,-0.9924143416289961,forward_slouch,poor,False,125.69999999999713,0.02099342197131839,1.0496710985659194,2.099342197131839,0.0,0.0,0.0,0.0,2.099342197131839,0.27013911359607057,0.0,2.099342197131839,0.27013911359607057,0.0,0.0,0.0
168.60000000000002,14.601069589092383,0.2405842083321265,8.779982247939827,-1.0416110429162992,forward_slouch,poor,False,125.79999999999713,0.017151625750567123,0.8575812875283562,1.7151625750567123,0.0,0.0,0.0,0.0,1.7151625750567123,0.22684395873523366,0.0,1.7151625750567123,0.22684395873523366,0.0,0.0,0.0
168.70000000000002,14.620605299414736,0.31350714362036786,8.788197337911841,-1.0296714482512694,forward_slouch,poor,False,125.89999999999712,0.014012878238213339,0.700643911910667,1.401287823821334,0.0,0.0,0.0,0.0,1.401287823821334,0.18957232236206767,0.0,1.401287823821334,0.18957232236206767,0.0,0.0,0.0
168.8,14.53433867982404,0.3342515420633484,8.821616331501778,-1.0510604375797548,forward_slouch,poor,False,125.99999999999712,0.0114485215206203,0.5724260760310149,1.1448521520620298,0.0,0.0,0.0,0.0,1.1448521520620298,0.15779162811560654,0.0,1.1448521520620298,0.15779162811560654,0.0,0.0,0.0
168.9,14.479408004237445,0.3076291916915515,8.893082290764044,-1.046019873335768,forward_slouch,poor,False,126.09999999999711,0.009353442082346784,0.46767210411733917,0.9353442082346783,0.0,0.0,0.0,0.0,0.9353442082346783,0.13090395065583071,0.0,0.9353442082346783,0.13090395065583071,0.0,0.0,0.0
169.0,14.538968883123566,0.31163331827810004,8.914426106332522,-1.0401463305613603,forward_slouch,poor,False,126.1999999999971,0.007641762181277322,0.3820881090638661,0.7641762181277322,0.0,0.0,0.0,0.0,0.7641762181277322,0.10830080866261793,0.0,0.7641762181277322,0.10830080866261793,0.0,0.0,0.0
169.10000000000002,14.544117921618668,0.3102905027454435,8.89386061141988,-0.9240523443403842,forward_slouch,poor,False,126.2999999999971,0.006243319702103571,0.31216598510517857,0.6243319702103571,0.0,0.0,0.0,0.0,0.6243319702103571,0.08939839684184825,0.0,0.6243319702103571,0.08939839684184825,0.0,0.0,0.0
169.20000000000002,14.535071966873625,0.2708653490528523,8.87958816226173,-1.0290045895348225,forward_slouch,poor,False,126.39999999999709,0.005100792196618618,0.2550396098309309,0.5100792196618618,0.0,0.0,0.0,0.0,0.5100792196618618,0.07365809345047081,0.0,0.5100792196618618,0.07365809345047081,0.0,0.0,0.0
169.3,14.469114259912544,0.28673065419591026,8.834316870606655,-1.0111553883776536,forward_slouch,poor,False,126.49999999999709,0.00416734722463741,0.20836736123187052,0.41673472246374105,0.0,0.0,0.0,0.0,0.41673472246374105,0.06059652701329166,0.0,0.41673472246374105,0.06059652701329166,0.0,0.0,0.0
169.4,14.316806876266092,0.34516579786055196,8.848786115355045,-0.8666536438159419,forward_slouch,poor,False,126.59999999999708,0.0034047226825287646,0.1702361341264382,0.3404722682528764,0.0,0.0,0.0,0.0,0.3404722682528764,0.04978864505034064,0.0,0.3404722682528764,0.04978864505034064,0.0,0.0,0.0
169.5,14.408212675609704,0.31867893044550666,8.95380224367493,-0.7916110785123951,forward_slouch,poor,False,126.69999999999708,0.0027816584316260004,0.1390829215813,0.2781658431626,0.0,0.0,0.0,0.0,0.2781658431626,0.04086637549971195,0.0,0.2781658431626,0.04086637549971195,0.0,0.0,0.0
169.60000000000002,14.383375701533323,0.29989772202950105,8.98153948698449,-0.8410121035843389,forward_slouch,poor,False,126.79999999999707,0.0022726149386384418,0.1136307469319221,0.2272614938638442,0.0,0.0,0.0,0.0,0.2272614938638442,0.03351473296804697,0.0,0.2272614938638442,0.03351473296804697,0.0,0.0,0.0
169.70000000000002,14.314057411152435,0.36482977066921296,8.903892897180672,-0.9564600307712791,forward_slouch,poor,False,126.89999999999706,0.001856726404867607,0.09283632024338036,0.18567264048676071,0.0,0.0,0.0,0.0,0.18567264048676071,0.027466635465110523,0.0,0.18567264048676071,0.027466635465110523,0.0,0.0,0.0
169.8,14.286491299594188,0.3968805905975604,9.07155440433042,-1.0663017502159993,forward_slouch,poor,False,126.99999999999706,0.001516945472776835,0.07584727363884175,0.1516945472776835,0.0,0.0,0.0,0.0,0.1516945472776835,0.022497258078387428,0.0,0.1516945472776835,0.022497258078387428,0.0,0.0,0.0
169.9,14.174298103424151,0.376988710072039,9.123231584587542,-1.087134825244722,forward_slouch,poor,False,127.09999999999705,0.0012393444512586744,0.06196722256293371,0.12393444512586742,0.0,0.0,0.0,0.0,0.12393444512586742,0.018418435436549196,0.0,0.12393444512586742,0.018418435436549196,0.0,0.0,0.0
170.0,14.216226721072891,0.3741468808069407,9.07378023748554,-1.1193262431740945,forward_slouch,poor,False,127.19999999999705,0.0010125444166783368,0.05062722083391684,0.10125444166783368,0.0,0.0,0.0,0.0,0.10125444166783368,0.015073407778007364,0.0,0.10125444166783368,0.015073407778007364,0.0,0.0,0.0
170.10000000000002,14.221331745389742,0.2571149653636058,9.01743170681091,-1.0285206642695712,forward_slouch,poor,False,127.29999999999704,0.0008272487884262011,0.04136243942131006,0.08272487884262011,0.0,0.0,0.0,0.0,0.08272487884262011,0.012332060970645542,0.0,0.08272487884262011,0.012332060970645542,0.0,0.0,0.0
170.20000000000002,14.239079234243908,0.27575296887344675,8.99071015620599,-0.9687328267220664,forward_slouch,poor,False,127.39999999999704,0.0006758622601442064,0.033793113007210315,0.06758622601442063,0.0,0.0,0.0,0.0,0.06758622601442063,0.010086718269944006,0.0,0.06758622601442063,0.010086718269944006,0.0,0.0,0.0
170.3,14.305922701992094,0.1820228458552984,8.983194997220178,-0.915317443553183,forward_slouch,poor,False,127.49999999999703,0.0005521794665378166,0.02760897332689083,0.05521794665378166,0.0,0.0,0.0,0.0,0.05521794665378166,0.008248485011827067,0.0,0.05521794665378166,0.008248485011827067,0.0,0.0,0.0
170.4,14.434878836084126,0.1812332080504296,8.926131620032908,-0.9886470418874678,forward_slouch,poor,False,127.59999999999702,0.0004511306241613961,0.022556531208069806,0.04511306241613961,0.0,0.0,0.0,0.0,0.04511306241613961,0.00674411505080208,0.0,0.04511306241613961,0.00674411505080208,0.0,0.0,0.0
170.5,14.467315052894884,0.18381795603187986,8.950505316577258,-0.9357808460099937,forward_slouch,poor,False,127.69999999999702,0.0003685737199398606,0.01842868599699303,0.03685737199398606,0.0,0.0,0.0,0.0,0.03685737199398606,0.005513351183256576,0.0,0.03685737199398606,0.005513351183256576,0.0,0.0,0.0
170.60000000000002,14.549567496146043,0.11444587993995252,8.951731695928574,-0.9361980946336641,forward_slouch,poor,False,127.79999999999701,0.00030112472919086616,0.015056236459543305,0.03011247291908661,0.0,0.0,0.0,0.0,0.03011247291908661,0.004506685217959827,0.0,0.03011247291908661,0.004506685217959827,0.0,0.0,0.0
170.70000000000002,14.627088841534379,0.052759245936818265,8.94434257374265,-0.8588541586999917,forward_slouch,poor,False,127.89999999999701,0.0002460189037489376,0.01230094518744688,0.02460189037489376,0.0,0.0,0.0,0.0,0.02460189037489376,0.003683482827981921,0.0,0.02460189037489376,0.003683482827981921,0.0,0.0,0.0
170.8,14.551644356893515,-0.03573139631005835,8.994096950672228,-0.993256731688005,forward_slouch,poor,False,127.999999999997,0.00020099744436288203,0.010049872218144101,0.020099744436288203,0.0,0.0,0.0,0.0,0.020099744436288203,0.003010421232744309,0.0,0.020099744436288203,0.003010421232744309,0.0,0.0,0.0
170.9,14.638702469012319,-0.04568292564251699,8.96888474439993,-1.0625734710117172,forward_slouch,poor,False,128.099999999997,0.00016421491204447465,0.008210745602223731,0.016421491204447462,0.0,0.0,0.0,0.0,0.016421491204447462,0.0024601924346064896,0.0,0.016421491204447462,0.0024601924346064896,0.0,0.0,0.0
171.0,14.702324473871224,-0.05924921897975431,8.963945601674839,-1.1078313761927667,forward_slouch,poor,False,128.199999999997,0.00013416358314033577,0.006708179157016788,0.013416358314033577,0.0,0.0,0.0,0.0,0.013416358314033577,0.0020104301197759744,0.0,0.013416358314033577,0.0020104301197759744,0.0,0.0,0.0
171.10000000000002,14.8622877969562,-0.06007300648781492,9.013637830242468,-1.0320972870170622,forward_slouch,poor,False,128.299999999997,0.00010961164742565433,0.005480582371282716,0.010961164742565432,0.0,0.0,0.0,0.0,0.010961164742565432,0.0016428237966253922,0.0,0.010961164742565432,0.0016428237966253922,0.0,0.0,0.0
171.20000000000002,14.769736060280588,0.009916186254033515,8.902242208992162,-1.0239455994417852,forward_slouch,poor,True,128.399999999997,0.0384961294147923,1.9248064707396149,3.8496129414792297,0.0,0.0,0.0,1.6,3.8496129414792297,0.438667547046531,1.6,3.8496129414792297,0.438667547046531,0.0,0.0,0.0
171.3,14.620849114964455,0.02235336337861569,8.841789325880258,-1.0409219836568353,forward_slouch,poor,False,128.499999999997,0.031451337731885305,1.5725668865942652,3.1451337731885305,0.0,0.0,0.0,0.0,3.1451337731885305,0.3761030484383804,0.0,3.1451337731885305,0.3761030484383804,0.0,0.0,0.0
171.4,14.583721136828126,0.06559448282428866,8.79358976100687,-1.0276045557161004,forward_slouch,poor,False,128.59999999999698,0.025695742926950295,1.2847871463475147,2.5695742926950293,0.0,0.0,0.0,0.0,2.5695742926950293,0.3198460734837747,0.0,2.5695742926950293,0.3198460734837747,0.0,0.0,0.0
171.5,14.365533084588579,0.16993618206205097,8.791603617666587,-1.0049289774243468,forward_slouch,poor,False,128.69999999999698,0.02099342197131839,1.0496710985659194,2.099342197131839,0.0,0.0,0.0,0.0,2.099342197131839,0.27013911359607057,0.0,2.099342197131839,0.27013911359607057,0.0,0.0,0.0
171.60000000000002,14.392538909080601,0.14846625080037326,8.612878278530678,-1.1431358999198005,forward_slouch,poor,False,128.79999999999697,0.017151625750567123,0.8575812875283562,1.7151625750567123,0.0,0.0,0.0,0.0,1.7151625750567123,0.22684395873523366,0.0,1.7151625750567123,0.22684395873523366,0.0,0.0,0.0
171.70000000000002,14.462301721202834,0.14055307939641284,8.62807298428924,-1.1305045265911386,forward_slouch,poor,False,128.89999999999696,0.014012878238213339,0.700643911910667,1.401287823821334,0.0,0.0,0.0,0.0,1.401287823821334,0.18957232236206767,0.0,1.401287823821334,0.18957232236206767,0.0,0.0,0.0
171.8,14.373224310458161,0.13764836678890865,8.607752611837277,-1.1096044864770043,forward_slouch,poor,False,128.99999999999696,0.0114485215206203,0.5724260760310149,1.1448521520620298,0.0,0.0,0.0,0.0,1.1448521520620298,0.15779162811560654,0.0,1.1448521520620298,0.15779162811560654,0.0,0.0,0.0
171.9,14.42775946870098,0.18655322639950986,8.618292370949668,-1.0192428231616364,forward_slouch,poor,False,129.09999999999695,0.009353442082346784,0.46767210411733917,0.9353442082346783,0.0,0.0,0.0,0.0,0.9353442082346783,0.13090395065583071,0.0,0.9353442082346783,0.13090395065583071,0.0,0.0,0.0
172.0,14.496540151941222,0.1445870527146973,8.543792188029396,-1.0332093935097695,forward_slouch,poor,False,129.19999999999695,0.007641762181277322,0.3820881090638661,0.7641762181277322,0.0,0.0,0.0,0.0,0.7641762181277322,0.10830080866261793,0.0,0.7641762181277322,0.10830080866261793,0.0,0.0,0.0
172.10000000000002,14.591640548640815,0.1686493913317205,8.501442776055619,-1.1049679783484285,forward_slouch,poor,False,129.29999999999694,0.006243319702103571,0.31216598510517857,0.6243319702103571,0.0,0.0,0.0,0.0,0.6243319702103571,0.08939839684184825,0.0,0.6243319702103571,0.08939839684184825,0.0,0.0,0.0
172.20000000000002,14.564014133836984,0.09810253353714515,8.477393291915044,-1.1471759258947225,forward_slouch,poor,False,129.39999999999694,0.005100792196618618,0.2550396098309309,0.5100792196618618,0.0,0.0,0.0,0.0,0.5100792196618618,0.07365809345047081,0.0,0.5100792196618618,0.07365809345047081,0.0,0.0,0.0
172.3,14.609973256414687,0.1896456450162161,8.53743508583087,-1.1574280686312484,forward_slouch,poor,False,129.49999999999693,0.00416734722463741,0.20836736123187052,0.41673472246374105,0.0,0.0,0.0,0.0,0.41673472246374105,0.06059652701329166,0.0,0.41673472246374105,0.06059652701329166,0.0,0.0,0.0
172.4,14.5662021287593,0.1805767381173504,8.573945013398076,-1.1241016416332132,forward_slouch,poor,False,129.59999999999692,0.0034047226825287646,0.1702361341264382,0.3404722682528764,0.0,0.0,0.0,0.0,0.3404722682528764,0.04978864505034064,0.0,0.3404722682528764,0.04978864505034064,0.0,0.0,0.0
172.5,14.668982006827813,0.20574340905218547,8.630903398785154,-1.0975221617365127,forward_slouch,poor,False,129.69999999999692,0.0027816584316260004,0.1390829215813,0.2781658431626,0.0,0.0,0.0,0.0,0.2781658431626,0.04086637549971195,0.0,0.2781658431626,0.04086637549971195,0.0,0.0,0.0
172.60000000000002,14.558692423486317,0.256102555183426,8.638249689128614,-1.0336311739889015,forward_slouch,poor,False,129.7999999999969,0.0022726149386384418,0.1136307469319221,0.2272614938638442,0.0,0.0,0.0,0.0,0.2272614938638442,0.03351473296804697,0.0,0.2272614938638442,0.03351473296804697,0.0,0.0,0.0
172.70000000000002,14.46629495154371,0.22857181010694558,8.48871877231863,-1.153570501513948,forward_slouch,poor,False,129.8999999999969,0.001856726404867607,0.09283632024338036,0.18567264048676071,0.0,0.0,0.0,0.0,0.18567264048676071,0.027466635465110523,0.0,0.18567264048676071,0.027466635465110523,0.0,0.0,0.0
172.8,14.49566249461073,0.2639767888379585,8.450263815324886,-1.1050644361996464,forward_slouch,poor,False,129.9999999999969,0.001516945472776835,0.07584727363884175,0.1516945472776835,0.0,0.0,0.0,0.0,0.1516945472776835,0.022497258078387428,0.0,0.1516945472776835,0.022497258078387428,0.0,0.0,0.0
172.9,14.480319566154941,0.22185333500474602,8.34736189764648,-1.1442793030293748,forward_slouch,poor,False,130.0999999999969,0.0012393444512586744,0.06196722256293371,0.12393444512586742,0.0,0.0,0.0,0.0,0.12393444512586742,0.018418435436549196,0.0,0.12393444512586742,0.018418435436549196,0.0,0.0,0.0
173.0,14.428088716242739,0.30507693943311964,8.377136034595456,-1.145490185134691,forward_slouch,poor,False,130.1999999999969,0.0010125444166783368,0.05062722083391684,0.10125444166783368,0.0,0.0,0.0,0.0,0.10125444166783368,0.015073407778007364,0.0,0.10125444166783368,0.015073407778007364,0.0,0.0,0.0
173.10000000000002,14.5351512096583,0.31102623481333486,8.40990983760878,-1.122640505693933,forward_slouch,poor,False,130.29999999999688,0.0008272487884262011,0.04136243942131006,0.08272487884262011,0.0,0.0,0.0,0.0,0.08272487884262011,0.012332060970645542,0.0,0.08272487884262011,0.012332060970645542,0.0,0.0,0.0
173.20000000000002,14.574060170712533,0.2584780588700999,8.419339096142558,-1.1500257247201473,forward_slouch,poor,False,130.39999999999688,0.0006758622601442064,0.033793113007210315,0.06758622601442063,0.0,0.0,0.0,0.0,0.06758622601442063,0.010086718269944006,0.0,0.06758622601442063,0.010086718269944006,0.0,0.0,0.0
173.3,14.576743904386742,0.23629309150867933,8.454613932945046,-1.0043355481671532,forward_slouch,poor,False,130.49999999999687,0.0005521794665378166,0.02760897332689083,0.05521794665378166,0.0,0.0,0.0,0.0,0.05521794665378166,0.008248485011827067,0.0,0.05521794665378166,0.008248485011827067,0.0,0.0,0.0
173.4,14.473199036338832,0.116714498025355,8.432188538291815,-1.011903069188872,forward_slouch,poor,False,130.59999999999687,0.0004511306241613961,0.022556531208069806,0.04511306241613961,0.0,0.0,0.0,0.0,0.04511306241613961,0.00674411505080208,0.0,0.04511306241613961,0.00674411505080208,0.0,0.0,0.0
173.5,14.504564828943579,0.09086467132105343,8.377927587533375,-1.0578781558094426,forward_slouch,poor,False,130.69999999999686,0.0003685737199398606,0.01842868599699303,0.03685737199398606,0.0,0.0,0.0,0.0,0.03685737199398606,0.005513351183256576,0.0,0.03685737199398606,0.005513351183256576,0.0,0.0,0.0
173.60000000000002,14.53028885639959,0.13829235000291856,8.402508417367542,-1.1069267374212404,forward_slouch,poor,False,130.79999999999686,0.00030112472919086616,0.015056236459543305,0.03011247291908661,0.0,0.0,0.0,0.0,0.03011247291908661,0.004506685217959827,0.0,0.03011247291908661,0.004506685217959827,0.0,0.0,0.0
173.70000000000002,14.514312991974627,0.14214357722886098,8.409927002701654,-1.2485350742056658,forward_slouch,poor,False,130.89999999999685,0.0002460189037489376,0.01230094518744688,0.02460189037489376,0.0,0.0,0.0,0.0,0.02460189037489376,0.003683482827981921,0.0,0.02460189037489376,0.003683482827981921,0.0,0.0,0.0
173.8,14.38861560889757,0.09828195676646538,8.486020571451963,-1.2347805183130898,forward_slouch,poor,False,130.99999999999685,0.00020099744436288203,0.010049872218144101,0.020099744436288203,0.0,0.0,0.0,0.0,0.020099744436288203,0.003010421232744309,0.0,0.020099744436288203,0.003010421232744309,0.0,0.0,0.0
173.9,14.449786930577122,0.07933284005286455,8.491609254726116,-1.2118298887318688,forward_slouch,poor,False,131.09999999999684,0.00016421491204447465,0.008210745602223731,0.016421491204447462,0.0,0.0,0.0,0.0,0.016421491204447462,0.0024601924346064896,0.0,0.016421491204447462,0.0024601924346064896,0.0,0.0,0.0
174.0,14.588379621813505,-0.001658971312323424,8.527153881006916,-1.0951738810887461,forward_slouch,poor,False,131.19999999999683,0.00013416358314033577,0.006708179157016788,0.013416358314033577,0.0,0.0,0.0,0.0,0.013416358314033577,0.0020104301197759744,0.0,0.013416358314033577,0.0020104301197759744,0.0,0.0,0.0
174.10000000000002,14.711967514602685,0.00588268177719607,8.463186453610797,-1.0863800780760966,forward_slouch,poor,False,131.29999999999683,0.00010961164742565433,0.005480582371282716,0.010961164742565432,0.0,0.0,0.0,0.0,0.010961164742565432,0.0016428237966253922,0.0,0.010961164742565432,0.0016428237966253922,0.0,0.0,0.0
174.20000000000002,14.671342732898013,0.028775886098692215,8.427048467639901,-1.1234958869284033,forward_slouch,poor,True,131.39999999999682,0.0384961294147923,1.9248064707396149,3.8496129414792297,0.0,0.0,0.0,1.6,3.8496129414792297,0.438667547046531,1.6,3.8496129414792297,0.438667547046531,0.0,0.0,0.0
174.3,14.61202917156274,-0.018250454233688086,8.363827303017333,-1.0511126682538576,forward_slouch,poor,False,131.49999999999682,0.031451337731885305,1.5725668865942652,3.1451337731885305,0.0,0.0,0.0,0.0,3.1451337731885305,0.3761030484383804,0.0,3.1451337731885305,0.3761030484383804,0.0,0.0,0.0
174.4,14.619696609295087,0.011550088763303806,8.314534823803534,-1.006063406145821,forward_slouch,poor,False,131.5999999999968,0.025695742926950295,1.2847871463475147,2.5695742926950293,0.0,0.0,0.0,0.0,2.5695742926950293,0.3198460734837747,0.0,2.5695742926950293,0.3198460734837747,0.0,0.0,0.0
174.5,14.49544201909188,-0.04748811636127864,8.307261021179995,-0.9909770613314071,forward_slouch,poor,False,131.6999999999968,0.02099342197131839,1.0496710985659194,2.099342197131839,0.0,0.0,0.0,0.0,2.099342197131839,0.27013911359607057,0.0,2.099342197131839,0.27013911359607057,0.0,0.0,0.0
174.60000000000002,14.35553770569958,-0.036019031843774446,8.259921955327407,-1.0230583826914654,forward_slouch,poor,False,131.7999999999968,0.017151625750567123,0.8575812875283562,1.7151625750567123,0.0,0.0,0.0,0.0,1.7151625750567123,0.22684395873523366,0.0,1.7151625750567123,0.22684395873523366,0.0,0.0,0.0
174.70000000000002,14.34183777984392,-0.060496904142748345,8.21637124186293,-1.0449601021347585,forward_slouch,poor,False,131.8999999999968,0.014012878238213339,0.700643911910667,1.401287823821334,0.0,0.0,0.0,0.0,1.401287823821334,0.18957232236206767,0.0,1.401287823821334,0.18957232236206767,0.0,0.0,0.0
174.8,14.295726773222121,-0.03074554249224777,8.16006207382246,-1.075933247159717,forward_slouch,poor,False,131.9999999999968,0.0114485215206203,0.5724260760310149,1.1448521520620298,0.0,0.0,0.0,0.0,1.1448521520620298,0.15779162811560654,0.0,1.1448521520620298,0.15779162811560654,0.0,0.0,0.0
174.9,14.322597244374675,-0.014188982588137698,8.12364725909506,-1.1007775754438838,forward_slouch,poor,False,132.09999999999678,0.009353442082346784,0.46767210411733917,0.9353442082346783,0.0,0.0,0.0,0.0,0.9353442082346783,0.13090395065583071,0.0,0.9353442082346783,0.13090395065583071,0.0,0.0,0.0
175.0,14.396440638366652,0.028717159426026227,8.17560834037977,-1.0988906746340736,forward_slouch,poor,False,132.19999999999678,0.007641762181277322,0.3820881090638661,0.7641762181277322,0.0,0.0,0.0,0.0,0.7641762181277322,0.10830080866261793,0.0,0.7641762181277322,0.10830080866261793,0.0,0.0,0.0
175.10000000000002,14.500272473837999,-0.0246341144110424,8.235425207603493,-1.0769846762276034,forward_slouch,poor,False,132.29999999999677,0.006243319702103571,0.31216598510517857,0.6243319702103571,0.0,0.0,0.0,0.0,0.6243319702103571,0.08939839684184825,0.0,0.6243319702103571,0.08939839684184825,0.0,0.0,0.0
175.20000000000002,14.479593944478639,-0.0067268198804122025,8.296293585280216,-0.995346121439401,forward_slouch,poor,False,132.39999999999677,0.005100792196618618,0.2550396098309309,0.5100792196618618,0.0,0.0,0.0,0.0,0.5100792196618618,0.07365809345047081,0.0,0.5100792196618618,0.07365809345047081,0.0,0.0,0.0
175.3,14.382299919588833,-0.026278016303129592,8.280352070402403,-1.0280800227458189,forward_slouch,poor,False,132.49999999999676,0.00416734722463741,0.20836736123187052,0.41673472246374105,0.0,0.0,0.0,0.0,0.41673472246374105,0.06059652701329166,0.0,0.41673472246374105,0.06059652701329166,0.0,0.0,0.0
175.4,14.4101707671923,-0.08224182392084331,8.331498676153888,-0.9608076363114586,forward_slouch,poor,False,132.59999999999675,0.0034047226825287646,0.1702361341264382,0.3404722682528764,0.0,0.0,0.0,0.0,0.3404722682528764,0.04978864505034064,0.0,0.3404722682528764,0.04978864505034064,0.0,0.0,0.0
175.5,14.48913525054663,-0.09131585548030673,8.334159780271971,-1.0306444773101362,forward_slouch,poor,False,132.69999999999675,0.0027816584316260004,0.1390829215813,0.2781658431626,0.0,0.0,0.0,0.0,0.2781658431626,0.04086637549971195,0.0,0.2781658431626,0.04086637549971195,0.0,0.0,0.0
175.60000000000002,14.655606363208424,-0.0729572046299619,8.326275930600623,-1.0157870042433943,forward_slouch,poor,False,132.79999999999674,0.0022726149386384418,0.1136307469319221,0.2272614938638442,0.0,0.0,0.0,0.0,0.2272614938638442,0.03351473296804697,0.0,0.2272614938638442,0.03351473296804697,0.0,0.0,0.0
175.70000000000002,14.670942327990701,-0.017400478587865385,8.382251672660997,-0.9576567077350951,forward_slouch,poor,False,132.89999999999674,0.001856726404867607,0.09283632024338036,0.18567264048676071,0.0,0.0,0.0,0.0,0.18567264048676071,0.027466635465110523,0.0,0.18567264048676071,0.027466635465110523,0.0,0.0,0.0
175.8,14.682393126022063,0.0786967532534215,8.304768328483592,-0.9430163514416328,forward_slouch,poor,False,132.99999999999673,0.001516945472776835,0.07584727363884175,0.1516945472776835,0.0,0.0,0.0,0.0,0.1516945472776835,0.022497258078387428,0.0,0.1516945472776835,0.022497258078387428,0.0,0.0,0.0
175.9,14.744906254246333,0.09344312439472399,8.405386873313867,-0.9210335679767875,forward_slouch,poor,False,133.09999999999673,0.0012393444512586744,0.06196722256293371,0.12393444512586742,0.0,0.0,0.0,0.0,0.12393444512586742,0.018418435436549196,0.0,0.12393444512586742,0.018418435436549196,0.0,0.0,0.0
176.0,14.78421558403778,0.1623409469773679,8.377742997032035,-0.8894013848582563,forward_slouch,poor,False,133.19999999999672,0.0010125444166783368,0.05062722083391684,0.10125444166783368,0.0,0.0,0.0,0.0,0.10125444166783368,0.015073407778007364,0.0,0.10125444166783368,0.015073407778007364,0.0,0.0,0.0
176.10000000000002,14.857194938158164,0.16073692303034087,8.440054647745393,-0.9165503859785464,forward_slouch,poor,False,133.29999999999671,0.0008272487884262011,0.04136243942131006,0.08272487884262011,0.0,0.0,0.0,0.0,0.08272487884262011,0.012332060970645542,0.0,0.08272487884262011,0.012332060970645542,0.0,0.0,0.0
176.20000000000002,14.945196039210403,0.19877984954578407,8.43212381720723,-0.9171458996636136,forward_slouch,poor,False,133.3999999999967,0.0006758622601442064,0.033793113007210315,0.06758622601442063,0.0,0.0,0.0,0.0,0.06758622601442063,0.010086718269944006,0.0,0.06758622601442063,0.010086718269944006,0.0,0.0,0.0
176.3,14.970835842270281,0.246106400827924,8.516278011130474,-1.0044586600406211,forward_slouch,poor,False,133.4999999999967,0.0005521794665378166,0.02760897332689083,0.05521794665378166,0.0,0.0,0.0,0.0,0.05521794665378166,0.008248485011827067,0.0,0.05521794665378166,0.008248485011827067,0.0,0.0,0.0
176.4,15.00457308372234,0.26824034046087686,8.558552857731975,-1.010473142029328,forward_slouch,poor,False,133.5999999999967,0.0004511306241613961,0.022556531208069806,0.04511306241613961,0.0,0.0,0.0,0.0,0.04511306241613961,0.00674411505080208,0.0,0.04511306241613961,0.00674411505080208,0.0,0.0,0.0
176.5,15.006471508629536,0.2965517264993744,8.657055922488274,-0.9932529640590553,forward_slouch,poor,False,133.6999999999967,0.0003685737199398606,0.01842868599699303,0.03685737199398606,0.0,0.0,0.0,0.0,0.03685737199398606,0.005513351183256576,0.0,0.03685737199398606,0.005513351183256576,0.0,0.0,0.0
176.60000000000002,15.129104094924775,0.3520468116507193,8.679095249357125,-1.016613764097702,forward_slouch,poor,False,133.7999999999967,0.00030112472919086616,0.015056236459543305,0.03011247291908661,0.0,0.0,0.0,0.0,0.03011247291908661,0.004506685217959827,0.0,0.03011247291908661,0.004506685217959827,0.0,0.0,0.0
176.70000000000002,15.111902251778123,0.43891266836369874,8.753141275946343,-1.0045926336003497,forward_slouch,poor,False,133.89999999999668,0.0002460189037489376,0.01230094518744688,0.02460189037489376,0.0,0.0,0.0,0.0,0.02460189037489376,0.003683482827981921,0.0,0.02460189037489376,0.003683482827981921,0.0,0.0,0.0
176.8,15.249284153454955,0.47727274448283,8.81179290394643,-1.023393892494252,forward_slouch,poor,False,133.99999999999667,0.00020099744436288203,0.010049872218144101,0.020099744436288203,0.0,0.0,0.0,0.0,0.020099744436288203,0.003010421232744309,0.0,0.020099744436288203,0.003010421232744309,0.0,0.0,0.0
176.9,15.36020005762983,0.4582412611927315,8.881812013872244,-1.0147745117230664,forward_slouch,poor,False,134.09999999999667,0.00016421491204447465,0.008210745602223731,0.016421491204447462,0.0,0.0,0.0,0.0,0.016421491204447462,0.0024601924346064896,0.0,0.016421491204447462,0.0024601924346064896,0.0,0.0,0.0
177.0,15.352292083737016,0.4709994548397424,8.93548012886358,-1.06001606035098,forward_slouch,poor,False,134.19999999999666,0.00013416358314033577,0.006708179157016788,0.013416358314033577,0.0,0.0,0.0,0.0,0.013416358314033577,0.0020104301197759744,0.0,0.013416358314033577,0.0020104301197759744,0.0,0.0,0.0
177.10000000000002,15.346368838256124,0.46943721485440276,8.929128103200622,-1.034533851882951,forward_slouch,poor,False,134.29999999999666,0.00010961164742565433,0.005480582371282716,0.010961164742565432,0.0,0.0,0.0,0.0,0.010961164742565432,0.0016428237966253922,0.0,0.010961164742565432,0.0016428237966253922,0.0,0.0,0.0
177.20000000000002,15.407652591356381,0.44949353091906696,8.816582177289307,-1.0208142853491622,forward_slouch,poor,True,134.39999999999665,0.0384961294147923,1.9248064707396149,3.8496129414792297,0.0,0.0,0.0,1.6,3.8496129414792297,0.438667547046531,1.6,3.8496129414792297,0.438667547046531,0.0,0.0,0.0
177.3,15.302069527607065,0.45558736429859825,8.763539998583498,-1.1096159415208713,forward_slouch,poor,False,134.49999999999665,0.031451337731885305,1.5725668865942652,3.1451337731885305,0.0,0.0,0.0,0.0,3.1451337731885305,0.3761030484383804,0.0,3.1451337731885305,0.3761030484383804,0.0,0.0,0.0
177.4,15.279014863330241,0.5250847645992613,8.805352728115565,-1.2008198488178572,forward_slouch,poor,False,134.59999999999664,0.025695742926950295,1.2847871463475147,2.5695742926950293,0.0,0.0,0.0,0.0,2.5695742926950293,0.3198460734837747,0.0,2.5695742926950293,0.3198460734837747,0.0,0.0,0.0
177.5,15.262826405921532,0.4504603832653809,8.800173998433062,-1.2205115215771707,forward_slouch,poor,False,134.69999999999663,0.02099342197131839,1.0496710985659194,2.099342197131839,0.0,0.0,0.0,0.0,2.099342197131839,0.27013911359607057,0.0,2.099342197131839,0.27013911359607057,0.0,0.0,0.0
177.60000000000002,15.22750272154687,0.43049001629339084,8.870241393050533,-1.2181481755110957,forward_slouch,poor,False,134.79999999999663,0.017151625750567123,0.8575812875283562,1.7151625750567123,0.0,0.0,0.0,0.0,1.7151625750567123,0.22684395873523366,0.0,1.7151625750567123,0.22684395873523366,0.0,0.0,0.0
177.70000000000002,15.210430046613677,0.4915619684706216,8.845241753319174,-1.2273925431941926,forward_slouch,poor,False,134.89999999999662,0.014012878238213339,0.700643911910667,1.401287823821334,0.0,0.0,0.0,0.0,1.401287823821334,0.18957232236206767,0.0,1.401287823821334,0.18957232236206767,0.0,0.0,0.0
177.8,15.293039693967055,0.4202026541941814,8.94248012458507,-1.223920417045326,forward_slouch,poor,False,134.99999999999662,0.0114485215206203,0.5724260760310149,1.1448521520620298,0.0,0.0,0.0,0.0,1.1448521520620298,0.15779162811560654,0.0,1.1448521520620298,0.15779162811560654,0.0,0.0,0.0
177.9,15.406641079346036,0.5085140028432306,8.87969586918202,-1.1529058514967252,forward_slouch,poor,False,135.0999999999966,0.009353442082346784,0.46767210411733917,0.9353442082346783,0.0,0.0,0.0,0.0,0.9353442082346783,0.13090395065583071,0.0,0.9353442082346783,0.13090395065583071,0.0,0.0,0.0
178.0,15.372372927393513,0.556309321274367,8.905599542071421,-1.2449433266098056,forward_slouch,poor,False,135.1999999999966,0.007641762181277322,0.3820881090638661,0.7641762181277322,0.0,0.0,0.0,0.0,0.7641762181277322,0.10830080866261793,0.0,0.7641762181277322,0.10830080866261793,0.0,0.0,0.0
178.10000000000002,15.287112212286932,0.4581522906613094,8.91010912605049,-1.2451834339998182,forward_slouch,poor,False,135.2999999999966,0.006243319702103571,0.31216598510517857,0.6243319702103571,0.0,0.0,0.0,0.0,0.6243319702103571,0.08939839684184825,0.0,0.6243319702103571,0.08939839684184825,0.0,0.0,0.0
178.20000000000002,15.365213084744651,0.4282127488515619,8.94096196366969,-1.1275028326548506,forward_slouch,poor,False,135.3999999999966,0.005100792196618618,0.2550396098309309,0.5100792196618618,0.0,0.0,0.0,0.0,0.5100792196618618,0.07365809345047081,0.0,0.5100792196618618,0.07365809345047081,0.0,0.0,0.0
178.3,15.285303481561526,0.3631471951339531,8.951337745467159,-1.089651565645852,forward_slouch,poor,False,135.4999999999966,0.00416734722463741,0.20836736123187052,0.41673472246374105,0.0,0.0,0.0,0.0,0.41673472246374105,0.06059652701329166,0.0,0.41673472246374105,0.06059652701329166,0.0,0.0,0.0
178.4,15.355941164695686,0.305532648859314,8.94946737503327,-1.1008059490430389,forward_slouch,poor,False,135.59999999999658,0.0034047226825287646,0.1702361341264382,0.3404722682528764,0.0,0.0,0.0,0.0,0.3404722682528764,0.04978864505034064,0.0,0.3404722682528764,0.04978864505034064,0.0,0.0,0.0
178.5,15.403330536010976,0.24923321681578045,9.037748330961904,-1.0932294575852513,forward_slouch,poor,False,135.69999999999658,0.0027816584316260004,0.1390829215813,0.2781658431626,0.0,0.0,0.0,0.0,0.2781658431626,0.04086637549971195,0.0,0.2781658431626,0.04086637549971195,0.0,0.0,0.0
178.60000000000002,15.508832169957573,0.3043498196948542,8.97805494672707,-0.9276999839907759,forward_slouch,poor,False,135.79999999999657,0.0022726149386384418,0.1136307469319221,0.2272614938638442,0.0,0.0,0.0,0.0,0.2272614938638442,0.03351473296804697,0.0,0.2272614938638442,0.03351473296804697,0.0,0.0,0.0
178.70000000000002,15.400868364931108,0.37042009627474903,9.078090207312648,-0.9945603276579847,forward_slouch,poor,False,135.89999999999657,0.001856726404867607,0.09283632024338036,0.18567264048676071,0.0,0.0,0.0,0.0,0.18567264048676071,0.027466635465110523,0.0,0.18567264048676071,0.027466635465110523,0.0,0.0,0.0
178.8,15.4209528600902,0.4317365703918682,9.071815519262344,-0.9468386505376536,forward_slouch,poor,False,135.99999999999656,0.001516945472776835,0.07584727363884175,0.1516945472776835,0.0,0.0,0.0,0.0,0.1516945472776835,0.022497258078387428,0.0,0.1516945472776835,0.022497258078387428,0.0,0.0,0.0
178.9,15.400443686523777,0.4409762455531127,9.0743029810351,-0.9574093689669163,forward_slouch,poor,False,136.09999999999656,0.0012393444512586744,0.06196722256293371,0.12393444512586742,0.0,0.0,0.0,0.0,0.12393444512586742,0.018418435436549196,0.0,0.12393444512586742,0.018418435436549196,0.0,0.0,0.0
179.0,15.463887126615399,0.44920200697109575,9.130564085310235,-0.9798325630008641,forward_slouch,poor,False,136.19999999999655,0.0010125444166783368,0.05062722083391684,0.10125444166783368,0.0,0.0,0.0,0.0,0.10125444166783368,0.015073407778007364,0.0,0.10125444166783368,0.015073407778007364,0.0,0.0,0.0
179.10000000000002,15.651380990724205,0.4504557943364189,9.09499797347848,-0.9574793065475529,forward_slouch,poor,False,136.29999999999654,0.0008272487884262011,0.04136243942131006,0.08272487884262011,0.0,0.0,0.0,0.0,0.08272487884262011,0.012332060970645542,0.0,0.08272487884262011,0.012332060970645542,0.0,0.0,0.0
179.20000000000002,15.656349821388321,0.41463971680943895,9.146958120897079,-0.9630293433844219,forward_slouch,poor,False,136.39999999999654,0.0006758622601442064,0.033793113007210315,0.06758622601442063,0.0,0.0,0.0,0.0,0.06758622601442063,0.010086718269944006,0.0,0.06758622601442063,0.010086718269944006,0.0,0.0,0.0
179.3,15.657986115691319,0.3950237466405769,9.14851116128708,-1.0124011964370871,forward_slouch,poor,False,136.49999999999653,0.0005521794665378166,0.02760897332689083,0.05521794665378166,0.0,0.0,0.0,0.0,0.05521794665378166,0.008248485011827067,0.0,0.05521794665378166,0.008248485011827067,0.0,0.0,0.0
179.4,15.72422928653156,0.3802012510678562,9.207208699572485,-1.1828532272749448,forward_slouch,poor,False,136.59999999999653,0.0004511306241613961,0.022556531208069806,0.04511306241613961,0.0,0.0,0.0,0.0,0.04511306241613961,0.00674411505080208,0.0,0.04511306241613961,0.00674411505080208,0.0,0.0,0.0
179.5,15.644697522916937,0.41134626434173227,9.292742660735483,-1.2464270386134717,forward_slouch,poor,False,136.69999999999652,0.0003685737199398606,0.01842868599699303,0.03685737199398606,0.0,0.0,0.0,0.0,0.03685737199398606,0.005513351183256576,0.0,0.03685737199398606,0.005513351183256576,0.0,0.0,0.0
179.60000000000002,15.692988677620482,0.4191842464129609,9.366487457382123,-1.3413575325861045,forward_slouch,poor,False,136.79999999999652,0.00030112472919086616,0.015056236459543305,0.03011247291908661,0.0,0.0,0.0,0.0,0.03011247291908661,0.004506685217959827,0.0,0.03011247291908661,0.004506685217959827,0.0,0.0,0.0
179.70000000000002,15.696140281547317,0.41155232759980115,9.420246255721795,-1.3067502281442966,forward_slouch,poor,False,136.8999999999965,0.0002460189037489376,0.01230094518744688,0.02460189037489376,0.0,0.0,0.0,0.0,0.02460189037489376,0.003683482827981921,0.0,0.02460189037489376,0.003683482827981921,0.0,0.0,0.0
179.8,15.911990651318542,0.46224166129118754,9.497335179272298,-1.3414906089999326,forward_slouch,poor,False,136.9999999999965,0.00020099744436288203,0.010049872218144101,0.020099744436288203,0.0,0.0,0.0,0.0,0.020099744436288203,0.003010421232744309,0.0,0.020099744436288203,0.003010421232744309,0.0,0.0,0.0
179.9,16.061786628334982,0.4682329892027929,9.545679339313462,-1.3634661360689169,forward_slouch,poor,False,137.0999999999965,0.00016421491204447465,0.008210745602223731,0.016421491204447462,0.0,0.0,0.0,0.0,0.016421491204447462,0.0024601924346064896,0.0,0.016421491204447462,0.0024601924346064896,0.0,0.0,0.0
